cutoff,parameter,median_relative_window_range,p90_relative_window_range
2003-01-01,D_liquid,0.0,0.0
2003-01-01,D_oil,0.19669606945856172,0.26051707055589307
2003-01-01,beta_time,0.5676590353017951,0.5774250427259298
2003-01-01,beta_volume,0.5727003692692945,0.5823313747962819
2003-01-01,water_k,0.14455873588835455,0.16460515200089515
2003-01-01,water_plateau,1.2079047846251067e-13,1.1875473542525487e-08
2004-01-01,D_liquid,2.8387825746999726,2.8387845318697034
2004-01-01,D_oil,0.41194534497295754,0.5029420253621993
2004-01-01,beta_time,0.6597045818555691,0.6934141652961249
2004-01-01,beta_volume,0.6603938710652395,0.6944570553381322
2004-01-01,water_k,4.279909306541935,7.285196347638484
2004-01-01,water_plateau,0.5867235931381813,0.7367936568047313
2005-01-01,D_liquid,1.23320379184136,1.2550106283681635
2005-01-01,D_oil,0.3704040577707193,0.4779242616052226
2005-01-01,beta_time,1.4134579145587445,1.4672130842542193
2005-01-01,beta_volume,1.3826032730426676,1.432812174405526
2005-01-01,water_k,2.2149896404209595,2.6535465951875348
2005-01-01,water_plateau,0.6161007669846277,1.6962983259598938
2008-01-01,D_liquid,0.6560715144648813,0.7218658458555041
2008-01-01,D_oil,0.19381231082671097,0.276005145620933
2008-01-01,beta_time,2.046179215818009,2.2848657650690183
2008-01-01,beta_volume,1.8283851568435265,2.0663434447787634
2008-01-01,water_k,1.7284720288757094,14.282570775696634
2008-01-01,water_plateau,1.9563419891206715,2.6879387610932883
