evaluation,cutoff,horizon_years,mode,method,metric,cases,increment_RMSE,increment_NRMSE,cumulative_RMSE,cumulative_NRMSE,anchor_RMSE,increment_bias
train_OOF,2003-01-01,3,History-conditioned,Constant,gas_cum,70,731180.5757138049,0.3256980008633969,731180.5757138049,0.07136790336339843,0.0,573276.209504627
train_OOF,2003-01-01,3,History-conditioned,Constant,oil_cum,70,2017130.1715396387,0.3263909510867369,2017130.1715396387,0.07151452369037214,0.0,1582488.4211088635
train_OOF,2003-01-01,3,History-conditioned,Constant,water_cum,70,563052.08566527,0.1417601776072237,563052.08566527,0.08366321478251564,0.0,-388437.3946236747
train_OOF,2003-01-01,3,History-conditioned,Liquid-WC-time,gas_cum,70,298597.7040996254,0.1330077391521329,298597.7040996254,0.02914504678944846,0.0,-194407.64486877833
train_OOF,2003-01-01,3,History-conditioned,Liquid-WC-time,oil_cum,70,822515.9031443159,0.13309093865088917,822515.9031443159,0.029161148780112882,0.0,-535522.9902660575
train_OOF,2003-01-01,3,History-conditioned,Liquid-WC-time,water_cum,70,2286599.528768679,0.5756994131934463,2286599.528768679,0.33976300304604845,0.0,1728586.7376123748
train_OOF,2003-01-01,3,History-conditioned,Liquid-WC-volume,gas_cum,70,305734.20891152776,0.1361866328858997,305734.20891152776,0.029841615328992963,0.0,-200728.80465262852
train_OOF,2003-01-01,3,History-conditioned,Liquid-WC-volume,oil_cum,70,842235.7570477983,0.1362817995887018,842235.7570477983,0.029860288567444923,0.0,-552921.834113816
train_OOF,2003-01-01,3,History-conditioned,Liquid-WC-volume,water_cum,70,2309277.2200824553,0.5814089978485929,2309277.2200824553,0.3431326532213325,0.0,1745985.5814601323
train_OOF,2003-01-01,3,History-conditioned,Separate,gas_cum,70,472573.60723727866,0.21050378559048444,472573.60723727866,0.04612620829058211,0.0,349564.07437518897
train_OOF,2003-01-01,3,History-conditioned,Separate,oil_cum,70,1299793.9610256946,0.21031909251159436,1299793.9610256946,0.0460823735274479,0.0,961795.2813530345
train_OOF,2003-01-01,3,History-conditioned,Separate,water_cum,70,822792.5931556397,0.20715530074244806,822792.5931556397,0.12225773635366059,0.0,506141.9986899336
train_OOF,2003-01-01,3,Input-only PolyRidge,Constant,gas_cum,70,728852.5940210902,0.3246610217524248,727975.439759972,0.07105506158310854,17230.84821002032,572681.5844692842
train_OOF,2003-01-01,3,Input-only PolyRidge,Constant,oil_cum,70,2011032.9522256,0.32540436269548073,2008636.1040593472,0.07121337843033011,49098.484265864,1581104.4053086094
train_OOF,2003-01-01,3,Input-only PolyRidge,Constant,water_cum,70,556015.900709503,0.13998867039785376,553955.0951001113,0.08231150417722033,28457.40413034156,-391163.2956775478
train_OOF,2003-01-01,3,Input-only PolyRidge,Liquid-WC-time,gas_cum,70,292628.7658997047,0.13034892776741652,292009.3511978594,0.028501981384219142,17230.84821002032,-193736.53679217203
train_OOF,2003-01-01,3,Input-only PolyRidge,Liquid-WC-time,oil_cum,70,806124.2444944703,0.13043861153184727,804573.4800414301,0.028525025311157675,49098.484265864,-533677.7254897403
train_OOF,2003-01-01,3,Input-only PolyRidge,Liquid-WC-time,water_cum,70,2283536.529533014,0.5749282388621308,2280901.530106137,0.33891634445429225,28457.40413034156,1730187.6181705343
train_OOF,2003-01-01,3,Input-only PolyRidge,Liquid-WC-volume,gas_cum,70,300261.1942291118,0.1337487263003497,299865.87685101124,0.029268828565626858,17230.84821002032,-200204.94952863426
train_OOF,2003-01-01,3,Input-only PolyRidge,Liquid-WC-volume,oil_cum,70,827196.4438440616,0.1338482948949952,826260.9791453367,0.029293925201870935,49098.484265864,-551481.9763787797
train_OOF,2003-01-01,3,Input-only PolyRidge,Liquid-WC-volume,water_cum,70,2306785.4805985168,0.5807816501470446,2304328.545777525,0.3423973358114468,28457.40413034156,1747991.869059573
train_OOF,2003-01-01,3,Input-only PolyRidge,Separate,gas_cum,70,467566.68881076574,0.20827349751095037,465149.8736392565,0.045401604383398124,17230.84821002032,349789.21212214814
train_OOF,2003-01-01,3,Input-only PolyRidge,Separate,oil_cum,70,1286043.5329226844,0.2080941417524841,1279350.4938094758,0.04535757904408955,49098.484265864,962412.8768600569
train_OOF,2003-01-01,3,Input-only PolyRidge,Separate,water_cum,70,792555.4400259858,0.1995424629479979,783488.0869705934,0.11641752826883496,28457.40413034156,489107.6559842077
train_OOF,2003-01-01,5,History-conditioned,Constant,gas_cum,70,1635484.4625243396,0.5082710866684962,1635484.4625243396,0.1464197031391983,0.0,1287172.2795720564
train_OOF,2003-01-01,5,History-conditioned,Constant,oil_cum,70,4509415.806639055,0.5090662123097255,4509415.806639055,0.14664129449706137,0.0,3550190.620010463
train_OOF,2003-01-01,5,History-conditioned,Constant,water_cum,70,1358213.0741899197,0.1968036531815603,1358213.0741899197,0.14180439074094173,0.0,-977670.3670720564
train_OOF,2003-01-01,5,History-conditioned,Liquid-WC-time,gas_cum,70,841310.9368533863,0.26146015685196244,841310.9368533863,0.0753198825452005,0.0,-606722.0894557639
train_OOF,2003-01-01,5,History-conditioned,Liquid-WC-time,oil_cum,70,2316841.984317968,0.2615473986099195,2316841.984317968,0.07534117994293917,0.0,-1670816.9438009416
train_OOF,2003-01-01,5,History-conditioned,Liquid-WC-time,water_cum,70,5499779.586377302,0.796912306957424,5499779.586377302,0.5742051142607754,0.0,4240729.859230194
train_OOF,2003-01-01,5,History-conditioned,Liquid-WC-volume,gas_cum,70,857417.1220137916,0.26646559005609555,857417.1220137916,0.07676181788847583,0.0,-618992.0848872467
train_OOF,2003-01-01,5,History-conditioned,Liquid-WC-volume,oil_cum,70,2361237.138952824,0.2665591505050535,2361237.138952824,0.07678486205703203,0.0,-1704589.8397285244
train_OOF,2003-01-01,5,History-conditioned,Liquid-WC-volume,water_cum,70,5543344.190595078,0.8032247725214745,5543344.190595078,0.5787534817270924,0.0,4274502.755157776
train_OOF,2003-01-01,5,History-conditioned,Separate,gas_cum,70,969383.5978244392,0.30126220453623637,969383.5978244392,0.08678581904861725,0.0,722071.3542528201
train_OOF,2003-01-01,5,History-conditioned,Separate,oil_cum,70,2666746.4428640236,0.3010479780685889,2666746.4428640236,0.08671969213867511,0.0,1986773.493798085
train_OOF,2003-01-01,5,History-conditioned,Separate,water_cum,70,2021142.5571179278,0.2928614415516283,2021142.5571179278,0.21101761892819207,0.0,1304964.866135064
train_OOF,2003-01-01,5,Input-only PolyRidge,Constant,gas_cum,70,1632350.7996762018,0.5072972160768935,1631523.2138706995,0.14606506519232884,17230.84821002032,1286211.4691460014
train_OOF,2003-01-01,5,Input-only PolyRidge,Constant,oil_cum,70,4501237.70806587,0.5081429899139515,4498934.096117002,0.14630044067798476,49098.48426586399,3547954.291683088
train_OOF,2003-01-01,5,Input-only PolyRidge,Constant,water_cum,70,1349870.1029369829,0.19559476537730616,1348330.4175876342,0.14077259085252958,28457.40413034156,-982074.94810592
train_OOF,2003-01-01,5,Input-only PolyRidge,Liquid-WC-time,gas_cum,70,837427.8466100654,0.26025338140234533,837821.6346092799,0.0750074964538301,17230.84821002032,-606164.1471364041
train_OOF,2003-01-01,5,Input-only PolyRidge,Liquid-WC-time,oil_cum,70,2306189.4629538017,0.26034483957900895,2307364.4673030963,0.07503298140386619,49098.48426586399,-1669283.7143951787
train_OOF,2003-01-01,5,Input-only PolyRidge,Liquid-WC-time,water_cum,70,5501054.3080177335,0.7970970127892214,5498968.073247722,0.5741203881400324,28457.40413034156,4245775.977853769
train_OOF,2003-01-01,5,Input-only PolyRidge,Liquid-WC-volume,gas_cum,70,854075.6744604316,0.26542714474040563,854602.5706845894,0.07650984009257814,17230.84821002032,-618739.6243104718
train_OOF,2003-01-01,5,Input-only PolyRidge,Liquid-WC-volume,oil_cum,70,2352065.7479019063,0.2655237957043212,2353607.0449835965,0.07653673970487847,49098.48426586399,-1703897.6424955558
train_OOF,2003-01-01,5,Input-only PolyRidge,Liquid-WC-volume,water_cum,70,5545525.573702068,0.8035408526510228,5543577.145619757,0.5787778034229827,28457.40413034156,4280389.905954146
train_OOF,2003-01-01,5,Input-only PolyRidge,Separate,gas_cum,70,961052.9209871329,0.2986732211091201,958466.9142710681,0.08580848321830185,17230.84821002032,722864.886232077
train_OOF,2003-01-01,5,Input-only PolyRidge,Separate,oil_cum,70,2643859.08281787,0.2984642328146448,2636650.448146861,0.0857410031435277,49098.48426586399,1988955.096579004
train_OOF,2003-01-01,5,Input-only PolyRidge,Separate,water_cum,70,1955463.364254147,0.2833445952340373,1946573.8362277045,0.20323226312864184,28457.40413034156,1264048.5012621148
train_OOF,2004-01-01,3,History-conditioned,Constant,gas_cum,70,509488.9786737921,0.27980696874962185,509488.9786737921,0.045378177084523484,0.0,396861.17228422617
train_OOF,2004-01-01,3,History-conditioned,Constant,oil_cum,70,1401987.3390317042,0.2796469430751267,1401987.3390317042,0.0453563750263716,0.0,1091956.7399053664
train_OOF,2004-01-01,3,History-conditioned,Constant,water_cum,70,490956.0298576412,0.11318939984235758,490956.0298576412,0.054350988454762404,0.0,-369966.9649071103
train_OOF,2004-01-01,3,History-conditioned,Liquid-WC-time,gas_cum,70,132315.51308052838,0.07266654271891128,132315.51308052838,0.011784821723184128,0.0,-85074.7253158946
train_OOF,2004-01-01,3,History-conditioned,Liquid-WC-time,oil_cum,70,365014.8328589237,0.07280756348097665,365014.8328589237,0.011808772581906534,0.0,-234982.3516333798
train_OOF,2004-01-01,3,History-conditioned,Liquid-WC-time,water_cum,70,647673.5389733367,0.14932045786549328,647673.5389733367,0.07170030491203479,0.0,478852.4070659067
train_OOF,2004-01-01,3,History-conditioned,Liquid-WC-volume,gas_cum,70,79983.92174315473,0.0439264824725252,79983.92174315473,0.0071238529520761245,0.0,-40103.953045022
train_OOF,2004-01-01,3,History-conditioned,Liquid-WC-volume,oil_cum,70,220936.84222692274,0.04406909450701776,220936.84222692274,0.007147635356042249,0.0,-111188.09392879572
train_OOF,2004-01-01,3,History-conditioned,Liquid-WC-volume,water_cum,70,488085.1502142568,0.11252752153942983,488085.1502142568,0.054033169471262306,0.0,355058.14936132217
train_OOF,2004-01-01,3,History-conditioned,Separate,gas_cum,70,96948.45097654927,0.053243256141342246,96948.45097654927,0.008634816768628949,0.0,70135.99126504133
train_OOF,2004-01-01,3,History-conditioned,Separate,oil_cum,70,265693.2335378756,0.05299641336699149,265693.2335378756,0.008595571163029383,0.0,192273.08780463878
train_OOF,2004-01-01,3,History-conditioned,Separate,water_cum,70,227786.0887648964,0.05251584482466323,227786.0887648964,0.025216920309963847,0.0,-7013.459932986486
train_OOF,2004-01-01,3,Input-only PolyRidge,Constant,gas_cum,70,508779.342754622,0.2794172428011319,508811.68783344585,0.045317853456383464,21225.949860518198,396327.23943189415
train_OOF,2004-01-01,3,Input-only PolyRidge,Constant,oil_cum,70,1400429.7387026164,0.2793362568382146,1400595.277005794,0.04531133974998261,60909.15603999133,1090835.4579399263
train_OOF,2004-01-01,3,Input-only PolyRidge,Constant,water_cum,70,491670.40836098685,0.11335409906008065,493102.89156058116,0.05458865547285422,32612.048998482584,-370508.9270243542
train_OOF,2004-01-01,3,Input-only PolyRidge,Liquid-WC-time,gas_cum,70,132316.6100953278,0.07266714519001183,136037.16430619312,0.012116294542880152,21225.949860518198,-85082.2785133916
train_OOF,2004-01-01,3,Input-only PolyRidge,Liquid-WC-time,oil_cum,70,365227.07004685426,0.07284989730180319,375738.07887501095,0.012155685534873437,60909.15603999133,-234981.3605732643
train_OOF,2004-01-01,3,Input-only PolyRidge,Liquid-WC-time,water_cum,70,649733.198036634,0.14979531011106423,649247.3014300657,0.07187452732690362,32612.048998482667,479953.3442008663
train_OOF,2004-01-01,3,Input-only PolyRidge,Liquid-WC-volume,gas_cum,70,80184.24507008481,0.04403649832217921,85867.81920102502,0.007647908529265297,21225.949860518198,-40107.602501901645
train_OOF,2004-01-01,3,Input-only PolyRidge,Liquid-WC-volume,oil_cum,70,221789.73173974815,0.04423921583294014,237872.1567164213,0.007695517960820801,60909.15603999133,-111175.73941389238
train_OOF,2004-01-01,3,Input-only PolyRidge,Liquid-WC-volume,water_cum,70,490694.673861261,0.11312914449039856,490910.6532914735,0.054345965069624205,32612.048998482667,356147.7230414924
train_OOF,2004-01-01,3,Input-only PolyRidge,Separate,gas_cum,70,95296.59936208249,0.05233607343000817,96907.8940070987,0.008631204519063648,21225.949860518198,69689.07648452412
train_OOF,2004-01-01,3,Input-only PolyRidge,Separate,oil_cum,70,261490.41208890924,0.05215809897015411,266389.1408892644,0.008618084800588337,60909.15603999133,191067.0225387493
train_OOF,2004-01-01,3,Input-only PolyRidge,Separate,water_cum,70,380157.13498073147,0.0876448303664508,387750.7865953889,0.0429257148174387,32612.048998482667,2484.645255712962
train_OOF,2005-01-01,3,History-conditioned,Constant,gas_cum,70,407503.1203214316,0.27020736109702637,407503.1203214316,0.033810198531806265,0.0,329676.1775531587
train_OOF,2005-01-01,3,History-conditioned,Constant,oil_cum,70,1124090.2951423002,0.27074177712168196,1124090.2951423002,0.033876666646667435,0.0,909570.4488943918
train_OOF,2005-01-01,3,History-conditioned,Constant,water_cum,70,432568.239938813,0.09237398724291013,432568.239938813,0.037492281320475704,0.0,-334110.8457885742
train_OOF,2005-01-01,3,History-conditioned,Liquid-WC-time,gas_cum,70,114241.33228858674,0.07575119646092207,114241.33228858674,0.009478509323237757,0.0,-50308.826585429735
train_OOF,2005-01-01,3,History-conditioned,Liquid-WC-time,oil_cum,70,314714.7949359029,0.07580035450501389,314714.7949359029,0.009484547854288011,0.0,-138543.20468795524
train_OOF,2005-01-01,3,History-conditioned,Liquid-WC-time,water_cum,70,218646.0133317853,0.046691370705071636,218646.0133317853,0.018950854650344465,0.0,53585.66784887608
train_OOF,2005-01-01,3,History-conditioned,Liquid-WC-volume,gas_cum,70,79792.03660959522,0.05290854124461566,79792.03660959522,0.006620279611355125,0.0,-16663.74342544916
train_OOF,2005-01-01,3,History-conditioned,Liquid-WC-volume,oil_cum,70,219949.39526839548,0.05297571770625971,219949.39526839548,0.006628606594010557,0.0,-45920.947507712386
train_OOF,2005-01-01,3,History-conditioned,Liquid-WC-volume,water_cum,70,202144.32556867047,0.04316747192061147,202144.32556867047,0.017520592641360945,0.0,-39036.589331366886
train_OOF,2005-01-01,3,History-conditioned,Separate,gas_cum,70,50535.322814000356,0.03350898567104601,50535.322814000356,0.0041928741450189344,0.0,26479.967137434378
train_OOF,2005-01-01,3,History-conditioned,Separate,oil_cum,70,139085.35420268535,0.03349928037913242,139085.35420268535,0.004191610051362973,0.0,72850.83691496686
train_OOF,2005-01-01,3,History-conditioned,Separate,water_cum,70,307076.60466239345,0.06557552714848519,307076.60466239345,0.026615459448820086,0.0,-150660.6332070907
train_OOF,2005-01-01,3,Input-only PolyRidge,Constant,gas_cum,70,407368.71778111544,0.2701182413972436,408314.4435295198,0.03387751335068983,26247.42189840435,329339.724547304
train_OOF,2005-01-01,3,Input-only PolyRidge,Constant,oil_cum,70,1122905.6041341652,0.27045643941325354,1125403.7395674554,0.03391624987155798,73503.3021764479,907938.9811408013
train_OOF,2005-01-01,3,Input-only PolyRidge,Constant,water_cum,70,435568.45008363,0.09301467545821361,443156.1330947876,0.03840997298653766,40685.27375543882,-335216.98670615134
train_OOF,2005-01-01,3,Input-only PolyRidge,Liquid-WC-time,gas_cum,70,116260.42492201606,0.07709001735598428,126332.79491297956,0.010481728026319517,26247.42189840435,-50519.1591853672
train_OOF,2005-01-01,3,Input-only PolyRidge,Liquid-WC-time,oil_cum,70,320563.8568703296,0.0772091251611301,348444.4095401096,0.010501055972012334,73503.3021764479,-139096.47568954297
train_OOF,2005-01-01,3,Input-only PolyRidge,Liquid-WC-time,water_cum,70,231431.90658427085,0.049421769821662756,257401.57236917096,0.022309941582772747,40685.27375543882,53325.92532284628
train_OOF,2005-01-01,3,Input-only PolyRidge,Liquid-WC-volume,gas_cum,70,82624.37133547112,0.05478660708965441,95498.63645983621,0.007923443274930041,26247.42189840435,-16860.451288031127
train_OOF,2005-01-01,3,Input-only PolyRidge,Liquid-WC-volume,oil_cum,70,228123.25144134628,0.054944424629329074,263722.23144318926,0.007947786899792803,73503.3021764479,-46436.46923601397
train_OOF,2005-01-01,3,Input-only PolyRidge,Liquid-WC-volume,water_cum,70,216159.8554891249,0.04616045721758522,244076.48389586783,0.0211550071249587,40685.27375543882,-39334.08113068251
train_OOF,2005-01-01,3,Input-only PolyRidge,Separate,gas_cum,70,53416.43157350857,0.03541939262529503,68145.94420463315,0.005654012908854934,26247.42189840435,25883.271698185643
train_OOF,2005-01-01,3,Input-only PolyRidge,Separate,oil_cum,70,147731.09714552696,0.03558164317418338,188465.31631147058,0.005679772099032481,73503.3021764479,71235.61789969451
train_OOF,2005-01-01,3,Input-only PolyRidge,Separate,water_cum,70,460124.2899118061,0.09825852053418993,469499.5566787131,0.0406932544592891,40685.27375543882,-144297.22830319562
validation,2003-01-01,3,History-conditioned,Constant,gas_cum,15,743137.3037179909,0.3208597125121106,743137.3037179909,0.07156941776591076,0.0,581727.2184421115
validation,2003-01-01,3,History-conditioned,Constant,oil_cum,15,2051911.2637958361,0.321803920121609,2051911.2637958361,0.07177904872717111,0.0,1607283.882139757
validation,2003-01-01,3,History-conditioned,Constant,water_cum,15,601443.1343397495,0.15772349679987635,601443.1343397495,0.09393067373439795,0.0,-423666.71606852213
validation,2003-01-01,3,History-conditioned,Liquid-WC-time,gas_cum,15,298347.1284921539,0.12881546034342714,298347.1284921539,0.028732954423746404,0.0,-193593.41918413172
validation,2003-01-01,3,History-conditioned,Liquid-WC-time,oil_cum,15,822613.1778390219,0.129011497740202,822613.1778390219,0.02877628892513127,0.0,-533332.6945744886
validation,2003-01-01,3,History-conditioned,Liquid-WC-time,water_cum,15,2274411.552286486,0.5964456533076281,2274411.552286486,0.3552073292682829,0.0,1716949.860645724
validation,2003-01-01,3,History-conditioned,Liquid-WC-volume,gas_cum,15,306243.18962968665,0.13222469292250952,306243.18962968665,0.02949340137672524,0.0,-200600.56960478603
validation,2003-01-01,3,History-conditioned,Liquid-WC-volume,oil_cum,15,844440.3007681435,0.13243467390161834,844440.3007681435,0.02953983564761725,0.0,-552619.5554319235
validation,2003-01-01,3,History-conditioned,Liquid-WC-volume,water_cum,15,2299621.176687637,0.6030566691901619,2299621.176687637,0.3591444546079723,0.0,1736236.721503159
validation,2003-01-01,3,History-conditioned,Separate,gas_cum,15,506641.4380247153,0.21874938229856616,506641.4380247153,0.048793180686933675,0.0,374859.62590103043
validation,2003-01-01,3,History-conditioned,Separate,oil_cum,15,1393065.5633680557,0.21847628949068582,1393065.5633680557,0.048731600979743425,0.0,1031378.1665677915
validation,2003-01-01,3,History-conditioned,Separate,water_cum,15,741529.1192373281,0.19445988986712118,741529.1192373281,0.11580867049068516,0.0,426170.78441419086
validation,2003-01-01,3,Input-only PolyRidge,Constant,gas_cum,15,736878.8007482775,0.3181575181079652,730863.4990234928,0.07038736291364744,31552.648261007933,577993.8857443163
validation,2003-01-01,3,Input-only PolyRidge,Constant,oil_cum,15,2030037.9240606711,0.3183734957182133,2013547.9836544527,0.07043704149557746,89464.00728259668,1593343.2308129198
validation,2003-01-01,3,Input-only PolyRidge,Constant,water_cum,15,614378.8758245878,0.1611157882139727,613548.8654020797,0.09582129216498389,23160.164796425768,-439285.8002801904
validation,2003-01-01,3,Input-only PolyRidge,Liquid-WC-time,gas_cum,15,289831.9216946769,0.12513890314282608,295785.7410108982,0.02848627455746973,31552.648261007933,-191753.0678567244
validation,2003-01-01,3,Input-only PolyRidge,Liquid-WC-time,oil_cum,15,799039.069065961,0.12531433951002086,815941.5681931857,0.028542905638871973,89464.00728259668,-528244.6787550695
validation,2003-01-01,3,Input-only PolyRidge,Liquid-WC-time,water_cum,15,2232724.034007631,0.5855134457880131,2227441.8505132664,0.34787181327223526,23160.164796425768,1684427.2034141468
validation,2003-01-01,3,Input-only PolyRidge,Liquid-WC-volume,gas_cum,15,296433.99805534724,0.12798944006577345,302411.2504000534,0.02912435832343333,31552.648261007933,-197499.07846427476
validation,2003-01-01,3,Input-only PolyRidge,Liquid-WC-volume,oil_cum,15,817282.2755411624,0.12817544537892056,834223.3919917853,0.02918243228138072,89464.00728259668,-544060.726545194
validation,2003-01-01,3,Input-only PolyRidge,Liquid-WC-volume,water_cum,15,2253110.139308988,0.5908595336069228,2248017.91112136,0.35108528953519025,23160.164796425768,1700243.2512042695
validation,2003-01-01,3,Input-only PolyRidge,Separate,gas_cum,15,493520.4230460856,0.21308420431214675,486078.25245034974,0.04681279938780271,31552.648261007933,370720.45625916333
validation,2003-01-01,3,Input-only PolyRidge,Separate,oil_cum,15,1356947.500795093,0.21281184662307578,1336230.8357202057,0.04674343377329037,89464.00728259668,1020015.2111916463
validation,2003-01-01,3,Input-only PolyRidge,Separate,water_cum,15,702732.1703477602,0.18428571030691016,689345.8237444554,0.1076589189622924,23160.164796425768,386655.82224814274
validation,2003-01-01,5,History-conditioned,Constant,gas_cum,15,1663715.1623535727,0.5004879056280782,1663715.1623535727,0.14668803048587992,0.0,1308312.5296085612
validation,2003-01-01,5,History-conditioned,Constant,oil_cum,15,4590205.396562763,0.501557147914223,4590205.396562763,0.14700241621170504,0.0,3610544.456705729
validation,2003-01-01,5,History-conditioned,Constant,water_cum,15,1448500.404392106,0.2174585492661562,1448500.404392106,0.15793205917621414,0.0,-1055232.9151407878
validation,2003-01-01,5,History-conditioned,Liquid-WC-time,gas_cum,15,866077.2126680571,0.2605380897456295,866077.2126680571,0.07636112445790083,0.0,-621450.0830039725
validation,2003-01-01,5,History-conditioned,Liquid-WC-time,oil_cum,15,2385773.092053323,0.26068583957415087,2385773.092053323,0.07640494896531887,0.0,-1711761.392422664
validation,2003-01-01,5,History-conditioned,Liquid-WC-time,water_cum,15,5549068.880582208,0.8330632596929061,5549068.880582208,0.6050228720431648,0.0,4267072.933987606
validation,2003-01-01,5,History-conditioned,Liquid-WC-volume,gas_cum,15,884005.0554199566,0.26593124157495734,884005.0554199566,0.07794180365326048,0.0,-635152.0923692578
validation,2003-01-01,5,History-conditioned,Liquid-WC-volume,oil_cum,15,2435191.3919373155,0.2660856200639619,2435191.3919373155,0.07798758173671105,0.0,-1749475.5981549039
validation,2003-01-01,5,History-conditioned,Liquid-WC-volume,water_cum,15,5597652.456791126,0.8403569504426762,5597652.456791126,0.6103200084537267,0.0,4304787.139719848
validation,2003-01-01,5,History-conditioned,Separate,gas_cum,15,1051874.873257807,0.3164307594305129,1051874.873257807,0.09274271039130012,0.0,783557.2871043027
validation,2003-01-01,5,History-conditioned,Separate,oil_cum,15,2893149.9242639667,0.3161252926914084,2893149.9242639667,0.09265381232133701,0.0,2155626.78819567
validation,2003-01-01,5,History-conditioned,Separate,water_cum,15,1838331.9740512287,0.2759826665802952,1838331.9740512287,0.20043594964216047,0.0,1115929.8481336895
validation,2003-01-01,5,Input-only PolyRidge,Constant,gas_cum,15,1654078.992565484,0.49758910026484854,1647607.349278724,0.14526782140871933,31552.64826100793,1302280.114613014
validation,2003-01-01,5,Input-only PolyRidge,Constant,oil_cum,15,4556180.955392303,0.49783940541720756,4538267.685320068,0.14533909869417105,89464.00728259668,3588018.793733961
validation,2003-01-01,5,Input-only PolyRidge,Constant,water_cum,15,1472542.9447848913,0.2210679759108676,1472598.7483876862,0.16055953589518404,23160.164796425768,-1080470.6331376887
validation,2003-01-01,5,Input-only PolyRidge,Liquid-WC-time,gas_cum,15,854961.4018933796,0.25719417067831374,861630.614689545,0.07596907255226831,31552.64826100793,-615988.1027473143
validation,2003-01-01,5,Input-only PolyRidge,Liquid-WC-time,oil_cum,15,2355063.252775567,0.2573302730863006,2373814.162828069,0.07602196142129011,89464.00728259668,-1696698.5268673282
validation,2003-01-01,5,Input-only PolyRidge,Liquid-WC-time,water_cum,15,5473906.518953498,0.8217793842658524,5469363.32241082,0.5963324616769491,23160.164796425768,4207679.674800946
validation,2003-01-01,5,Input-only PolyRidge,Liquid-WC-volume,gas_cum,15,869594.4138978915,0.26159615347974974,876261.2716959253,0.07725904231965586,31552.64826100793,-627270.7459760467
validation,2003-01-01,5,Input-only PolyRidge,Liquid-WC-volume,oil_cum,15,2395397.187857272,0.2617374339202985,2414126.616471905,0.07731297730774776,89464.00728259668,-1727754.337380426
validation,2003-01-01,5,Input-only PolyRidge,Liquid-WC-volume,water_cum,15,5513381.986972507,0.8277057050186717,5508981.275202349,0.6006520634152296,23160.164796425768,4238735.485314043
validation,2003-01-01,5,Input-only PolyRidge,Separate,gas_cum,15,1029343.8761192888,0.30965286149177146,1020853.0344662087,0.0900075472231334,31552.64826100793,777251.3941995221
validation,2003-01-01,5,Input-only PolyRidge,Separate,oil_cum,15,2831173.48621317,0.30935332437602164,2807425.153499667,0.08990845621135052,89464.00728259668,2138320.361370729
validation,2003-01-01,5,Input-only PolyRidge,Separate,water_cum,15,1742508.610936578,0.26159702370057436,1729638.1379124154,0.18858490610146572,23160.164796425768,1025013.2004367062
validation,2004-01-01,3,History-conditioned,Constant,gas_cum,15,525994.4799340585,0.27977726534405684,525994.4799340585,0.04614646302826915,0.0,410403.39301893447
validation,2004-01-01,3,History-conditioned,Constant,oil_cum,15,1448222.7085766685,0.27966295201305647,1448222.7085766685,0.04614923208424726,0.0,1129510.4696207682
validation,2004-01-01,3,History-conditioned,Constant,water_cum,15,536284.9272497498,0.1275141715104085,536284.9272497498,0.062128414532426554,0.0,-405584.4101942274
validation,2004-01-01,3,History-conditioned,Liquid-WC-time,gas_cum,15,116745.94958457383,0.06209734847191169,116745.94958457383,0.0102423368528128,0.0,-71750.52721465187
validation,2004-01-01,3,History-conditioned,Liquid-WC-time,oil_cum,15,324028.70371510665,0.06257243674005919,324028.70371510665,0.01032553609410179,0.0,-200462.6237962144
validation,2004-01-01,3,History-conditioned,Liquid-WC-time,water_cum,15,624549.9647003227,0.14850122997868329,624549.9647003227,0.07235388714373404,0.0,455826.6405176542
validation,2004-01-01,3,History-conditioned,Liquid-WC-volume,gas_cum,15,66834.56138281402,0.03554940503652698,66834.56138281402,0.005863518978847956,0.0,-27130.645669997433
validation,2004-01-01,3,History-conditioned,Liquid-WC-volume,oil_cum,15,186230.08660593827,0.03596246313873256,186230.08660593827,0.0059344294471763755,0.0,-77638.24630944798
validation,2004-01-01,3,History-conditioned,Liquid-WC-volume,water_cum,15,466870.3072758875,0.11100923671377046,466870.3072758875,0.05408675595652075,0.0,333002.26303088677
validation,2004-01-01,3,History-conditioned,Separate,gas_cum,15,118466.93976628689,0.06301274577186818,118466.93976628689,0.010393322486354795,0.0,87781.02847319374
validation,2004-01-01,3,History-conditioned,Separate,oil_cum,15,323156.2207203654,0.062403953558262976,323156.2207203654,0.01029773345022981,0.0,238673.59011626546
validation,2004-01-01,3,History-conditioned,Separate,water_cum,15,226791.0061300395,0.0539248182882758,226791.0061300395,0.026273655896562883,0.0,-38217.4692088941
validation,2004-01-01,3,Input-only PolyRidge,Constant,gas_cum,15,510747.8158304323,0.27166754147572514,501979.69936143816,0.04403960216546057,40568.70498609232,397172.52452975203
validation,2004-01-01,3,Input-only PolyRidge,Constant,oil_cum,15,1403246.751083619,0.27097774844068473,1379820.3145791297,0.04396951349744716,114269.86183370299,1090478.5548839292
validation,2004-01-01,3,Input-only PolyRidge,Constant,water_cum,15,525418.7298112138,0.12493048121176589,526436.5356061824,0.06098748192847087,23471.633492240402,-398375.54931061366
validation,2004-01-01,3,Input-only PolyRidge,Liquid-WC-time,gas_cum,15,131366.29022808935,0.0698739299374703,146055.155898331,0.012813687422338295,40568.70498609232,-87046.2890573268
validation,2004-01-01,3,Input-only PolyRidge,Liquid-WC-time,oil_cum,15,364188.1223034599,0.07032752957697856,404780.68033981486,0.012898787907131264,114269.86183370299,-242466.0673903379
validation,2004-01-01,3,Input-only PolyRidge,Liquid-WC-time,water_cum,15,627615.0471344742,0.14923002437013913,625609.1967241188,0.07247659878994404,23471.633492240402,466136.8557966298
validation,2004-01-01,3,Input-only PolyRidge,Liquid-WC-volume,gas_cum,15,76761.97801126768,0.04082981306778252,93916.55407222947,0.00823947200126492,40568.70498609232,-41801.7052036976
validation,2004-01-01,3,Input-only PolyRidge,Liquid-WC-volume,oil_cum,15,213623.243148265,0.0412522925124979,261378.23952344066,0.008329109166776094,114269.86183370299,-117918.5807070853
validation,2004-01-01,3,Input-only PolyRidge,Liquid-WC-volume,water_cum,15,464494.582464182,0.1104443530750396,462715.93461668614,0.05360547338903057,23471.633492240402,341589.3691133773
validation,2004-01-01,3,Input-only PolyRidge,Separate,gas_cum,15,97593.46510515812,0.05191011279432971,93839.98694222969,0.008232754626143117,40568.70498609232,72060.61456380453
validation,2004-01-01,3,Input-only PolyRidge,Separate,oil_cum,15,265649.4259954538,0.05129894886641986,256951.05882790813,0.00818803211544479,114269.86183370299,195512.62610111947
validation,2004-01-01,3,Input-only PolyRidge,Separate,water_cum,15,265469.65167802916,0.06312156276418342,271852.88667420694,0.0314940584322376,23471.633492240402,-4449.9837050417
validation,2005-01-01,3,History-conditioned,Constant,gas_cum,15,407568.3014562509,0.2607452290214825,407568.3014562509,0.033260815250063434,0.0,329791.9829115126
validation,2005-01-01,3,History-conditioned,Constant,oil_cum,15,1127183.8337490181,0.26194598457720514,1127183.8337490181,0.033411616991798156,0.0,912445.1349745009
validation,2005-01-01,3,History-conditioned,Constant,water_cum,15,428380.8845885847,0.09405153852579712,428380.8845885847,0.03871325775818648,0.0,-330869.6313042535
validation,2005-01-01,3,History-conditioned,Liquid-WC-time,gas_cum,15,126321.56200216577,0.08081527561618211,126321.56200216577,0.010308844237496404,0.0,-60545.090989164004
validation,2005-01-01,3,History-conditioned,Liquid-WC-time,oil_cum,15,346956.4740904432,0.0806291329682902,346956.4740904432,0.010284371083089735,0.0,-165901.30847811652
validation,2005-01-01,3,History-conditioned,Liquid-WC-time,water_cum,15,235505.48874282383,0.05170551335128974,235505.48874282383,0.021282893371688913,0.0,91339.1663202354
validation,2005-01-01,3,History-conditioned,Liquid-WC-volume,gas_cum,15,87834.60448881703,0.05619292271164597,87834.60448881703,0.007168002374145698,0.0,-25695.220948568865
validation,2005-01-01,3,History-conditioned,Liquid-WC-volume,oil_cum,15,241111.0871576476,0.05603174852847763,241111.0871576476,0.00714693651149466,0.0,-69941.88982758623
validation,2005-01-01,3,History-conditioned,Liquid-WC-volume,water_cum,15,188335.37674304936,0.04134925851915904,188335.37674304936,0.017020077802587175,0.0,-4620.252330294697
validation,2005-01-01,3,History-conditioned,Separate,gas_cum,15,49530.942777316865,0.03168783482909734,49530.942777316865,0.0040421189061844625,0.0,21750.6051651783
validation,2005-01-01,3,History-conditioned,Separate,oil_cum,15,135946.35608351498,0.0315925415427035,135946.35608351498,0.0040296777197253416,0.0,60704.98057086453
validation,2005-01-01,3,History-conditioned,Separate,water_cum,15,287925.19271820906,0.06321432241658388,287925.19271820906,0.026020120415691794,0.0,-84283.0545165188
validation,2005-01-01,3,Input-only PolyRidge,Constant,gas_cum,15,400870.3390352157,0.25646015155297,390686.2125024507,0.03188310250910397,50700.994848712115,323561.18165313255
validation,2005-01-01,3,Input-only PolyRidge,Constant,oil_cum,15,1106166.5745317927,0.2570617886777133,1077017.2259774746,0.03192459470274908,143031.47376461836,892937.1693370962
validation,2005-01-01,3,Input-only PolyRidge,Constant,water_cum,15,431900.3471508372,0.09482424076502446,437146.20570934913,0.039505389592470644,27544.607030344167,-333995.5077953579
validation,2005-01-01,3,Input-only PolyRidge,Liquid-WC-time,gas_cum,15,129592.51068034046,0.08290789238534892,156969.5228964933,0.012809961624337191,50700.994848712115,-65115.01355734298
validation,2005-01-01,3,Input-only PolyRidge,Liquid-WC-time,oil_cum,15,357589.2332375781,0.08310007735214012,435700.0278442398,0.012914878671768578,143031.47376461836,-179403.98853507813
validation,2005-01-01,3,Input-only PolyRidge,Liquid-WC-time,water_cum,15,234584.06607561698,0.05150321389629287,247718.84754782647,0.022386628212624632,27544.607030344167,91674.98109229394
validation,2005-01-01,3,Input-only PolyRidge,Liquid-WC-volume,gas_cum,15,91177.82271441858,0.058331774528111,121598.285878807,0.009923387336278252,50700.994848712115,-30550.78393679428
validation,2005-01-01,3,Input-only PolyRidge,Liquid-WC-volume,oil_cum,15,252084.07108961308,0.05858175766962057,338662.78097638895,0.010038532126322018,143031.47376461836,-84256.27645348062
validation,2005-01-01,3,Input-only PolyRidge,Liquid-WC-volume,water_cum,15,190642.88559095757,0.04185587486250052,208138.3575071449,0.018809695234833515,27544.607030344167,-3472.730989304635
validation,2005-01-01,3,Input-only PolyRidge,Separate,gas_cum,15,48673.91894360551,0.031139546664881695,79601.03864142767,0.006496077910146022,50700.994848712115,16119.61981417871
validation,2005-01-01,3,Input-only PolyRidge,Separate,oil_cum,15,135244.9032545048,0.031429531085643975,223110.1884024673,0.006613359718864632,143031.47376461836,44214.79485948852
validation,2005-01-01,3,Input-only PolyRidge,Separate,water_cum,15,382558.6485975444,0.08399121149279128,389742.7717466667,0.03522148845765937,27544.607030344167,-91023.88388670169
