evaluation,cutoff,method,target,transformed_RMSE
train_OOF,2003-01-01,Constant,anchor_gas,0.0021537597723919823
train_OOF,2003-01-01,Constant,anchor_oil,0.0022276209839377425
train_OOF,2003-01-01,Constant,anchor_water,0.009372535683495888
train_OOF,2003-01-01,Constant,q_gas,0.01093076493771425
train_OOF,2003-01-01,Constant,q_oil,0.011004517957599071
train_OOF,2003-01-01,Constant,q_water,0.03586582168012581
train_OOF,2003-01-01,Liquid-WC-time,D_liquid,1.6133081678875003
train_OOF,2003-01-01,Liquid-WC-time,anchor_gas,0.0021537597723919823
train_OOF,2003-01-01,Liquid-WC-time,anchor_oil,0.0022276209839377425
train_OOF,2003-01-01,Liquid-WC-time,anchor_water,0.009372535683495888
train_OOF,2003-01-01,Liquid-WC-time,beta_time,0.03003307516294303
train_OOF,2003-01-01,Liquid-WC-time,gor,4.425651710183092e-05
train_OOF,2003-01-01,Liquid-WC-time,q_liquid,0.0053886115849524786
train_OOF,2003-01-01,Liquid-WC-time,water_cut,0.044974052781513174
train_OOF,2003-01-01,Liquid-WC-volume,D_liquid,1.6133081678875003
train_OOF,2003-01-01,Liquid-WC-volume,anchor_gas,0.0021537597723919823
train_OOF,2003-01-01,Liquid-WC-volume,anchor_oil,0.0022276209839377425
train_OOF,2003-01-01,Liquid-WC-volume,anchor_water,0.009372535683495888
train_OOF,2003-01-01,Liquid-WC-volume,beta_volume,0.028808546066127115
train_OOF,2003-01-01,Liquid-WC-volume,gor,4.425651710183092e-05
train_OOF,2003-01-01,Liquid-WC-volume,q_liquid,0.0053886115849524786
train_OOF,2003-01-01,Liquid-WC-volume,water_cut,0.044974052781513174
train_OOF,2003-01-01,Separate,D_oil,0.07575481334550692
train_OOF,2003-01-01,Separate,anchor_gas,0.0021537597723919823
train_OOF,2003-01-01,Separate,anchor_oil,0.0022276209839377425
train_OOF,2003-01-01,Separate,anchor_water,0.009372535683495888
train_OOF,2003-01-01,Separate,gor,4.425651710183092e-05
train_OOF,2003-01-01,Separate,q_oil,0.011004517957599071
train_OOF,2003-01-01,Separate,q_water,0.03586582168012583
train_OOF,2003-01-01,Separate,water_k,0.11874126333375568
train_OOF,2003-01-01,Separate,water_ratio,0.09926998293353859
train_OOF,2004-01-01,Constant,anchor_gas,0.002272206078229087
train_OOF,2004-01-01,Constant,anchor_oil,0.002368248808765103
train_OOF,2004-01-01,Constant,anchor_water,0.0068059666690560554
train_OOF,2004-01-01,Constant,q_gas,0.007530709407692979
train_OOF,2004-01-01,Constant,q_oil,0.007851639066888324
train_OOF,2004-01-01,Constant,q_water,0.013652006248616186
train_OOF,2004-01-01,Liquid-WC-time,D_liquid,0.03928688290941045
train_OOF,2004-01-01,Liquid-WC-time,anchor_gas,0.002272206078229087
train_OOF,2004-01-01,Liquid-WC-time,anchor_oil,0.002368248808765103
train_OOF,2004-01-01,Liquid-WC-time,anchor_water,0.006805966669056091
train_OOF,2004-01-01,Liquid-WC-time,beta_time,0.013730610169876329
train_OOF,2004-01-01,Liquid-WC-time,gor,0.00015855159696300452
train_OOF,2004-01-01,Liquid-WC-time,q_liquid,0.003105004921821292
train_OOF,2004-01-01,Liquid-WC-time,water_cut,0.020511881039403407
train_OOF,2004-01-01,Liquid-WC-volume,D_liquid,0.03928688290941045
train_OOF,2004-01-01,Liquid-WC-volume,anchor_gas,0.002272206078229087
train_OOF,2004-01-01,Liquid-WC-volume,anchor_oil,0.002368248808765103
train_OOF,2004-01-01,Liquid-WC-volume,anchor_water,0.006805966669056091
train_OOF,2004-01-01,Liquid-WC-volume,beta_volume,0.014099792468032423
train_OOF,2004-01-01,Liquid-WC-volume,gor,0.00015855159696300452
train_OOF,2004-01-01,Liquid-WC-volume,q_liquid,0.003105004921821292
train_OOF,2004-01-01,Liquid-WC-volume,water_cut,0.020511881039403407
train_OOF,2004-01-01,Separate,D_oil,0.020056496612929516
train_OOF,2004-01-01,Separate,anchor_gas,0.002272206078229087
train_OOF,2004-01-01,Separate,anchor_oil,0.002368248808765103
train_OOF,2004-01-01,Separate,anchor_water,0.006805966669056091
train_OOF,2004-01-01,Separate,gor,0.00015855159696300452
train_OOF,2004-01-01,Separate,q_oil,0.007851639066888298
train_OOF,2004-01-01,Separate,q_water,0.01365200624861618
train_OOF,2004-01-01,Separate,water_k,0.3249518907857542
train_OOF,2004-01-01,Separate,water_ratio,0.21267365007185768
train_OOF,2005-01-01,Constant,anchor_gas,0.0025287112523127483
train_OOF,2005-01-01,Constant,anchor_oil,0.0025667100253769022
train_OOF,2005-01-01,Constant,anchor_water,0.005472703054688857
train_OOF,2005-01-01,Constant,q_gas,0.01184020306014239
train_OOF,2005-01-01,Constant,q_oil,0.011944980398358142
train_OOF,2005-01-01,Constant,q_water,0.008473727475933744
train_OOF,2005-01-01,Liquid-WC-time,D_liquid,0.04191836413753695
train_OOF,2005-01-01,Liquid-WC-time,anchor_gas,0.0025287112523127483
train_OOF,2005-01-01,Liquid-WC-time,anchor_oil,0.0025667100253769022
train_OOF,2005-01-01,Liquid-WC-time,anchor_water,0.005472703054688857
train_OOF,2005-01-01,Liquid-WC-time,beta_time,0.024469918832536307
train_OOF,2005-01-01,Liquid-WC-time,gor,0.00034743516186491226
train_OOF,2005-01-01,Liquid-WC-time,q_liquid,0.005251234355595674
train_OOF,2005-01-01,Liquid-WC-time,water_cut,0.018108355790979247
train_OOF,2005-01-01,Liquid-WC-volume,D_liquid,0.04191836413753695
train_OOF,2005-01-01,Liquid-WC-volume,anchor_gas,0.0025287112523127483
train_OOF,2005-01-01,Liquid-WC-volume,anchor_oil,0.0025667100253769022
train_OOF,2005-01-01,Liquid-WC-volume,anchor_water,0.005472703054688857
train_OOF,2005-01-01,Liquid-WC-volume,beta_volume,0.02378530925083308
train_OOF,2005-01-01,Liquid-WC-volume,gor,0.00034743516186491226
train_OOF,2005-01-01,Liquid-WC-volume,q_liquid,0.005251234355595674
train_OOF,2005-01-01,Liquid-WC-volume,water_cut,0.018108355790979247
train_OOF,2005-01-01,Separate,D_oil,0.025891158682893767
train_OOF,2005-01-01,Separate,anchor_gas,0.0025287112523127483
train_OOF,2005-01-01,Separate,anchor_oil,0.0025667100253769022
train_OOF,2005-01-01,Separate,anchor_water,0.005472703054688857
train_OOF,2005-01-01,Separate,gor,0.00034743516186491226
train_OOF,2005-01-01,Separate,q_oil,0.01194498039835809
train_OOF,2005-01-01,Separate,q_water,0.008473727475933744
train_OOF,2005-01-01,Separate,water_k,0.16499539007362565
train_OOF,2005-01-01,Separate,water_ratio,0.17987190927095836
validation,2003-01-01,Constant,anchor_gas,0.0037177255884364587
validation,2003-01-01,Constant,anchor_oil,0.0038287331316920773
validation,2003-01-01,Constant,anchor_water,0.007441472742424546
validation,2003-01-01,Constant,q_gas,0.010046164334892783
validation,2003-01-01,Constant,q_oil,0.010581173186315655
validation,2003-01-01,Constant,q_water,0.035067197512909466
validation,2003-01-01,Liquid-WC-time,D_liquid,1.5601428270178104
validation,2003-01-01,Liquid-WC-time,anchor_gas,0.0037177255884364587
validation,2003-01-01,Liquid-WC-time,anchor_oil,0.0038287331316920773
validation,2003-01-01,Liquid-WC-time,anchor_water,0.007441472742424546
validation,2003-01-01,Liquid-WC-time,beta_time,0.028911256601554258
validation,2003-01-01,Liquid-WC-time,gor,6.359553698103642e-05
validation,2003-01-01,Liquid-WC-time,q_liquid,0.00844616912550391
validation,2003-01-01,Liquid-WC-time,water_cut,0.03993093950262324
validation,2003-01-01,Liquid-WC-volume,D_liquid,1.5601428270178104
validation,2003-01-01,Liquid-WC-volume,anchor_gas,0.0037177255884364587
validation,2003-01-01,Liquid-WC-volume,anchor_oil,0.0038287331316920773
validation,2003-01-01,Liquid-WC-volume,anchor_water,0.007441472742424546
validation,2003-01-01,Liquid-WC-volume,beta_volume,0.025949623960053576
validation,2003-01-01,Liquid-WC-volume,gor,6.359553698103642e-05
validation,2003-01-01,Liquid-WC-volume,q_liquid,0.00844616912550391
validation,2003-01-01,Liquid-WC-volume,water_cut,0.03993093950262324
validation,2003-01-01,Separate,D_oil,0.0711372330555967
validation,2003-01-01,Separate,anchor_gas,0.0037177255884364587
validation,2003-01-01,Separate,anchor_oil,0.0038287331316920773
validation,2003-01-01,Separate,anchor_water,0.007441472742424546
validation,2003-01-01,Separate,gor,6.359553698103642e-05
validation,2003-01-01,Separate,q_oil,0.010581173186315655
validation,2003-01-01,Separate,q_water,0.035067197512909334
validation,2003-01-01,Separate,water_k,0.11529972068757442
validation,2003-01-01,Separate,water_ratio,0.10035544585142539
validation,2004-01-01,Constant,anchor_gas,0.004027151343744457
validation,2004-01-01,Constant,anchor_oil,0.004120754066514254
validation,2004-01-01,Constant,anchor_water,0.004960754819914126
validation,2004-01-01,Constant,q_gas,0.012031868705037571
validation,2004-01-01,Constant,q_oil,0.012419014540354724
validation,2004-01-01,Constant,q_water,0.01536828834686009
validation,2004-01-01,Liquid-WC-time,D_liquid,0.037188450101616415
validation,2004-01-01,Liquid-WC-time,anchor_gas,0.004027151343744457
validation,2004-01-01,Liquid-WC-time,anchor_oil,0.004120754066514254
validation,2004-01-01,Liquid-WC-time,anchor_water,0.004960754819914126
validation,2004-01-01,Liquid-WC-time,beta_time,0.01306559543725506
validation,2004-01-01,Liquid-WC-time,gor,0.00011680204109452054
validation,2004-01-01,Liquid-WC-time,q_liquid,0.005504704774244929
validation,2004-01-01,Liquid-WC-time,water_cut,0.026264372656494412
validation,2004-01-01,Liquid-WC-volume,D_liquid,0.037188450101616415
validation,2004-01-01,Liquid-WC-volume,anchor_gas,0.004027151343744457
validation,2004-01-01,Liquid-WC-volume,anchor_oil,0.004120754066514254
validation,2004-01-01,Liquid-WC-volume,anchor_water,0.004960754819914126
validation,2004-01-01,Liquid-WC-volume,beta_volume,0.017160799541120573
validation,2004-01-01,Liquid-WC-volume,gor,0.00011680204109452054
validation,2004-01-01,Liquid-WC-volume,q_liquid,0.005504704774244929
validation,2004-01-01,Liquid-WC-volume,water_cut,0.026264372656494412
validation,2004-01-01,Separate,D_oil,0.021745991965375806
validation,2004-01-01,Separate,anchor_gas,0.004027151343744457
validation,2004-01-01,Separate,anchor_oil,0.004120754066514254
validation,2004-01-01,Separate,anchor_water,0.004960754819914126
validation,2004-01-01,Separate,gor,0.00011680204109452054
validation,2004-01-01,Separate,q_oil,0.012419014540354724
validation,2004-01-01,Separate,q_water,0.01536828834686009
validation,2004-01-01,Separate,water_k,0.406935119502525
validation,2004-01-01,Separate,water_ratio,0.27487581106811426
validation,2005-01-01,Constant,anchor_gas,0.004477743856506348
validation,2005-01-01,Constant,anchor_oil,0.0045876976585696614
validation,2005-01-01,Constant,anchor_water,0.0040165681798808184
validation,2005-01-01,Constant,q_gas,0.011778280077825463
validation,2005-01-01,Constant,q_oil,0.012177208308792105
validation,2005-01-01,Constant,q_water,0.008203489258283254
validation,2005-01-01,Liquid-WC-time,D_liquid,0.044777715491098824
validation,2005-01-01,Liquid-WC-time,anchor_gas,0.004477743856506348
validation,2005-01-01,Liquid-WC-time,anchor_oil,0.0045876976585696614
validation,2005-01-01,Liquid-WC-time,anchor_water,0.0040165681798808184
validation,2005-01-01,Liquid-WC-time,beta_time,0.021536766634457187
validation,2005-01-01,Liquid-WC-time,gor,0.0006073579249018173
validation,2005-01-01,Liquid-WC-time,q_liquid,0.004848266921364686
validation,2005-01-01,Liquid-WC-time,water_cut,0.01860397301865877
validation,2005-01-01,Liquid-WC-volume,D_liquid,0.044777715491098824
validation,2005-01-01,Liquid-WC-volume,anchor_gas,0.004477743856506348
validation,2005-01-01,Liquid-WC-volume,anchor_oil,0.0045876976585696614
validation,2005-01-01,Liquid-WC-volume,anchor_water,0.0040165681798808184
validation,2005-01-01,Liquid-WC-volume,beta_volume,0.021800470304977594
validation,2005-01-01,Liquid-WC-volume,gor,0.0006073579249018173
validation,2005-01-01,Liquid-WC-volume,q_liquid,0.004848266921364686
validation,2005-01-01,Liquid-WC-volume,water_cut,0.01860397301865877
validation,2005-01-01,Separate,D_oil,0.020878173744266825
validation,2005-01-01,Separate,anchor_gas,0.004477743856506348
validation,2005-01-01,Separate,anchor_oil,0.0045876976585696614
validation,2005-01-01,Separate,anchor_water,0.0040165681798808184
validation,2005-01-01,Separate,gor,0.0006073579249018173
validation,2005-01-01,Separate,q_oil,0.012177208308792077
validation,2005-01-01,Separate,q_water,0.008203489258283254
validation,2005-01-01,Separate,water_k,0.18495984949404146
validation,2005-01-01,Separate,water_ratio,0.21297366852242153
