case_num,evaluation,oil_rate_NRMSE,gas_rate_NRMSE,water_rate_NRMSE,diagnostic_history_match_score
81,validation,0.21305502195349243,0.21307401195791278,0.06726297845948973,0.16446400412363163
45,train_OOF,0.21332273787993244,0.21335757138454156,0.06700004852479687,0.16456011926309028
69,train_OOF,0.2130822970904559,0.21309516938796336,0.06766153357877902,0.1646130000190661
24,train_OOF,0.21342820008030644,0.21344013008702556,0.06701809430765363,0.16462880815832856
65,train_OOF,0.2130806192946631,0.21309354313137416,0.0680013312004072,0.16472516454214814
19,train_OOF,0.2131013158240615,0.2131126867910715,0.06868766652161955,0.16496722304558417
47,train_OOF,0.21318312941472578,0.21319697257796458,0.06952043614294527,0.16530017937854521
48,train_OOF,0.21309067023274808,0.2130991617379926,0.07173814887213079,0.1659759936142905
32,train_OOF,0.213045460185743,0.21306232295415958,0.07233382998215275,0.16614720437401845
10,train_OOF,0.21334306504373057,0.2133839091675907,0.07390325960146096,0.16687674460426075
2,train_OOF,0.2131070557264881,0.21312976527068092,0.0763882792847454,0.16754170009397149
64,train_OOF,0.21339643631450553,0.21342370830896895,0.07958974272151378,0.16880329578166275
7,train_OOF,0.21327862861966598,0.21331229529014412,0.08043953983522104,0.16901015458167704
6,train_OOF,0.2143434422835916,0.21433261086961822,0.07944930402945552,0.16937511906088842
11,train_OOF,0.2146781699635056,0.21472077630806535,0.07984801238032362,0.16974898621729817
73,validation,0.21407495803858426,0.2140426907646035,0.08123724837867059,0.1697849657272861
50,train_OOF,0.21502705098593491,0.21507269250768815,0.08010176611556574,0.17006716986972958
40,train_OOF,0.21498092400410504,0.21495269555589744,0.0806879986145657,0.1702072060581894
79,validation,0.21329850228368358,0.213323644821909,0.08496930889598756,0.17053048533386003
76,validation,0.21444293236976775,0.21441964377737985,0.08283872299459409,0.1705670997139139
20,train_OOF,0.21522419614074187,0.2152201654206336,0.08319066620430161,0.17121167592189235
4,train_OOF,0.21571681049157954,0.2157391667990399,0.08569766913128887,0.17238454880730278
26,train_OOF,0.21410516250613265,0.21406706167979808,0.09297302778739026,0.173715083991107
27,train_OOF,0.21411658307075546,0.21415823952690619,0.09623188295394126,0.17483556851720097
38,train_OOF,0.21391684615138662,0.21395162915313193,0.09716621426977655,0.1750115631914317
51,train_OOF,0.2159215283902995,0.21586930414856575,0.10007564202241394,0.17728882485375974
74,validation,0.21590710481376846,0.2158546662611836,0.103453785652983,0.17840518557597837
52,train_OOF,0.21482433537662038,0.21487502801045194,0.10907225371388983,0.17959053903365405
37,train_OOF,0.2173676858698028,0.21731456141871244,0.1060555349684303,0.18024592741898185
21,train_OOF,0.21555080109101113,0.21561659536806305,0.11389051124955495,0.18168596923620972
59,train_OOF,0.2174521153022962,0.21737590401188514,0.1120147956876953,0.1822809383339589
44,train_OOF,0.21670474737667256,0.21677194769124125,0.1157950986818814,0.1830905979165984
16,train_OOF,0.21733945867189436,0.2174545303910365,0.11463430801347313,0.18314276569213464
77,validation,0.21643403544592751,0.21648737375099358,0.12223767647819697,0.1850530285583727
71,validation,0.21820902971112452,0.2181282163708976,0.12015291957417643,0.18549672188539953
62,train_OOF,0.21560628447464175,0.21566007265214912,0.12551035166063304,0.18559223626247465
35,train_OOF,0.219045999662453,0.21904247995600432,0.12069812495788057,0.18626220152544595
56,train_OOF,0.2162873271829892,0.2163496771821353,0.12706294341189803,0.18656664925900754
72,validation,0.21798933135404414,0.21806437021149477,0.1256191488066284,0.1872242834573891
82,validation,0.2180087054000146,0.21818228744123835,0.12925036380689225,0.1884804522160484
14,train_OOF,0.21656930571516655,0.2166410520863718,0.13353149440400644,0.1889139507351816
57,train_OOF,0.21964516320374214,0.21958928147571077,0.12942928719784838,0.18955457729243377
31,train_OOF,0.220052097243864,0.22005733868048277,0.12962704250878077,0.1899121594777092
12,train_OOF,0.21946594012903553,0.21934151215451628,0.13133851333514895,0.19004865520623357
17,train_OOF,0.2188364517544981,0.2187482524580536,0.13383857191083356,0.19047442537446177
42,train_OOF,0.22004210242867106,0.22008698613374467,0.13255906597138598,0.19089605151126723
60,train_OOF,0.22196972193837464,0.22207736061397695,0.13314274804849735,0.19239661020028298
78,validation,0.21842591818878973,0.21851974093230622,0.1438443869160849,0.19359668201239363
34,train_OOF,0.2183368625180408,0.21839748730184705,0.15302909248449198,0.19658781410145995
1,train_OOF,0.22500128429182245,0.225097750619059,0.1417295849145256,0.197276206608469
61,train_OOF,0.2221106762114884,0.22222352344697835,0.1502724257480716,0.1982022084688461
75,validation,0.22032121798198023,0.22045011000711157,0.16583409996830747,0.2022018093191331
43,train_OOF,0.22417050126945862,0.2242735314939558,0.17568456245808423,0.20804286507383285
22,train_OOF,0.22720935330717432,0.2273334517109407,0.17571674098120998,0.21008651533310832
58,train_OOF,0.23105221792396194,0.2311534105468607,0.18191990609566416,0.21470851152216228
8,train_OOF,0.22684564382208203,0.22693876211427544,0.2175708698944589,0.22378509194360544
18,train_OOF,0.2307756550989201,0.2308940570190146,0.21104951956718465,0.22423974389503978
63,train_OOF,0.2270092581144808,0.22716573173883892,0.21943553956407982,0.22453684313913316
55,train_OOF,0.22752170311243491,0.2276489088469123,0.22239329575859654,0.22585463590598123
30,train_OOF,0.22771704120417097,0.2278887626371603,0.22587993343702917,0.22716191242612016
29,train_OOF,0.23812905454545083,0.2382523270450427,0.23754160529003027,0.2379743289601746
39,train_OOF,0.23276062490455277,0.23293923434131017,0.2535230612117666,0.2397409734858765
70,train_OOF,0.23612063754918172,0.2362493863098923,0.24924969340839703,0.24053990575582365
46,train_OOF,0.2451539665775847,0.2452499978912625,0.236691859226422,0.24236527456508972
13,train_OOF,0.25065249681393836,0.2507182149663494,0.22947801802042164,0.24361624326690312
5,train_OOF,0.2443091941118726,0.24445653517302676,0.27252038530668643,0.2537620381971953
83,validation,0.25137357304714664,0.25147971984931144,0.270650311185851,0.25783453469410306
67,train_OOF,0.2595876763382559,0.25970456118676066,0.28168794992065976,0.26699339581522546
28,train_OOF,0.25677941682654765,0.25688784345301985,0.2877517679731599,0.26713967608424244
80,validation,0.2609844617996349,0.26105826702934337,0.28869963830323025,0.27024745571073616
49,train_OOF,0.2553848595937518,0.25557568234129474,0.3153304888692366,0.27543034360142765
25,train_OOF,0.24979099926354806,0.2500320289491498,0.3277151939961782,0.27584607406962536
84,validation,0.2634265535039641,0.26352799620200873,0.30528270923638035,0.27741241964745106
36,train_OOF,0.257198351523695,0.2573496065724731,0.3238552851942244,0.27946774776346417
54,train_OOF,0.2522863935624766,0.25247519690117576,0.3345345312067907,0.2797653738901477
9,train_OOF,0.2583872377377453,0.2586304800185854,0.33198380368700703,0.28300050714777925
15,train_OOF,0.26323541530307315,0.2633911292055514,0.3400999423479122,0.2889088289521789
66,train_OOF,0.27302000350769,0.27306253250078594,0.33116087734850724,0.29241447111899443
3,train_OOF,0.27646342551338526,0.27654360445509446,0.33966215798931326,0.29755639598593103
85,validation,0.2696325152520212,0.26987269055850016,0.3768782081817766,0.30546113799743263
41,train_OOF,0.30143640341518757,0.3012880729394029,0.35249483076741284,0.31840643570733446
53,train_OOF,0.2867047051396653,0.28679870489484327,0.3829552415244932,0.3188195505196672
68,train_OOF,0.28035895088628376,0.2805649715458389,0.4040331233100983,0.3216523485807403
33,train_OOF,0.29609548296275867,0.2960820628880263,0.3748260718007335,0.3223345392171728
23,train_OOF,0.2888186648809384,0.2889621226523179,0.4051107972205761,0.3276305282512775
