method,case_num,Aquifer_PV,Porosity_Mult,water_anchor_2008,water_cum_2028,forecast_increment,avg_water_rate,avg_to_observed_2008,first_rate,last_rate,max_rate,negative_intervals
Separate,80,101.513718070009,0.916677348144983,17179406.0,114716010.09074396,97536604.09074396,13352.033414201775,1.6845096671337714,8657727.110251538,16813809.3583924,16813809.3583924,0
Separate,84,78.4115115817743,0.884133020009969,17457360.0,113480265.51268405,96022905.51268405,13144.81937203067,1.658367277703273,8265109.627950405,16502577.566766383,16502577.566766383,0
Separate,85,128.541520432142,0.83651641387168,18594626.0,112886296.67160773,94291670.67160773,12907.826238413105,1.62846791988722,8480043.727398042,15393849.341551248,15393849.341551248,0
Separate,83,117.83806878872,0.946182439649648,16879450.0,112677903.63939768,95798453.63939768,13114.093585133152,1.6544908730049361,8948683.778203573,16539443.268599717,16539443.268599717,0
Separate,82,169.708853419599,1.45370362458164,11476542.0,100924668.44642234,89448126.44642234,12244.781169941456,1.5448173033153743,8346538.364512805,16616324.694465036,16616324.694465036,0
Liquid-WC-time,85,128.541520432142,0.83651641387168,18594626.0,90278825.18725224,71684199.18725224,9813.032058487644,1.2380247153091979,8441238.289998537,9015506.89983222,10299738.668430474,0
Liquid-WC-volume,85,128.541520432142,0.83651641387168,18594626.0,89861127.41104166,71266501.41104166,9755.85234921857,1.2308108498222223,8440926.463060286,8973643.09057804,10223904.318939067,0
Liquid-WC-time,84,78.4115115817743,0.884133020009969,17457360.0,86336555.30475634,68879195.30475634,9429.047954107644,1.189580788022001,8253686.374995735,8631572.462795706,9916752.069850054,0
Liquid-WC-time,80,101.513718070009,0.916677348144983,17179406.0,85905603.47362515,68726197.47362515,9408.103692488043,1.1869384331031112,8646245.913467238,8647783.380404115,9874809.986754766,0
Liquid-WC-volume,84,78.4115115817743,0.884133020009969,17457360.0,85852978.51468046,68395618.51468046,9362.84989934024,1.1812291564957846,8253196.829910872,8582521.565585032,9828635.21824206,0
Liquid-WC-time,83,117.83806878872,0.946182439649648,16879450.0,85645356.00075711,68765906.00075711,9413.539493601247,1.1876242207460683,8950027.433107844,8648001.982349254,9885607.642273216,0
Liquid-WC-volume,80,101.513718070009,0.916677348144983,17179406.0,85405644.679203,68226238.679203,9339.663063545928,1.1783038755416329,8645754.566772258,8594903.857470207,9784266.225480935,0
Liquid-WC-volume,83,117.83806878872,0.946182439649648,16879450.0,85089119.38739277,68209669.38739277,9337.394851114685,1.1780177149510311,8949414.308832733,8588518.611762997,9784504.782432124,0
Constant,85,128.541520432142,0.83651641387168,18594626.0,84314914.78005503,65720288.78005503,8996.617218351133,1.1350247715599078,8407310.97735657,9004050.93999207,9004050.939995836,0
Constant,84,78.4115115817743,0.884133020009969,17457360.0,79919448.62041993,62462088.620419934,8550.59392476659,1.0787539005620221,8189293.096948661,8555151.503823698,8555151.503827507,0
Liquid-WC-time,75,88.8222907193213,1.06175745923236,15367602.0,79258567.00457108,63890965.00457108,8746.196441419723,1.1034313650347691,7328374.135980669,7689956.729501162,9344748.618189825,0
Constant,80,101.513718070009,0.916677348144983,17179406.0,79210743.29450971,62031337.29450971,8491.627281931515,1.0713145932435983,8575825.189028386,8490565.179139376,8575825.189028386,0
Constant,83,117.83806878872,0.946182439649648,16879450.0,78488581.65837507,61609131.65837507,8433.830480270371,1.0640228745886664,8871738.803787464,8428306.546606123,8871738.803787464,0
Liquid-WC-volume,75,88.8222907193213,1.06175745923236,15367602.0,78234424.46500827,62866822.46500827,8605.998968515849,1.085743871969997,7327033.794502268,7573303.993641682,9172669.82670347,0
Constant,75,88.8222907193213,1.06175745923236,15367602.0,73250249.17503674,57882647.17503674,7923.702556473202,0.999664481192406,7266916.382574466,7931987.49434948,7931987.494349561,0
