case_num,fit,oil_cum_2028,oil_rate_2028,invalid_points,b
53,Free-b Arps,46149731.116631284,1673.4817617581602,0,2.9024430994886656
53,Strict exponential,36121786.05416682,62.35332031224053,0,0.0
66,Free-b Arps,48619731.66498019,1832.0187267608558,0,2.893205264998938
66,Strict exponential,37896446.511848696,80.10344922258165,0,0.0
36,Free-b Arps,51266311.024457745,2044.5424625281264,0,3.034478025988139
36,Strict exponential,39680823.35495407,105.8406233439951,0,0.0
70,Free-b Arps,54995739.32068421,2268.9564449466275,0,2.9281641973145005
70,Strict exponential,42533555.50329889,142.67641724548517,0,0.0
8,Free-b Arps,56060501.46210425,2180.1280499883833,0,2.3975728692290055
8,Strict exponential,44126635.191546254,156.00258875553698,0,0.0
61,Free-b Arps,57845601.348166086,2348.2236904407964,0,2.5223183135415375
61,Strict exponential,45553065.582672425,200.06174675428963,0,0.0
52,Free-b Arps,62625588.48906,2768.920309668094,0,2.7350779087331643
52,Strict exponential,48861560.44423347,281.42001557393434,0,0.0
32,Free-b Arps,68093200.66033703,3457.150433768489,0,3.6524136265263714
32,Strict exponential,52170209.44329547,427.7185170897542,0,0.0
69,Free-b Arps,67719106.17433956,3361.863405553532,0,3.4609538698244813
69,Strict exponential,51973866.28438224,397.03276272204073,0,0.0
40,Free-b Arps,72459023.36414033,3935.6239378727582,0,4.263771712117915
40,Strict exponential,55173835.98152292,554.6117615732722,0,0.0
35,Free-b Arps,76036772.93524724,4339.7492266471245,0,4.88825153980893
35,Strict exponential,57382022.78154702,642.5268665900886,0,0.0
12,Free-b Arps,74388869.98808178,4054.338331859155,0,4.298291851438948
12,Strict exponential,56113768.076398075,523.8192791661306,0,0.0
