case_num,Free-b Arps,Strict exponential,endpoint_diff_pct
8,56060501.46210425,44126635.191546254,27.044587058938685
12,74388869.98808178,56113768.076398075,32.56794640274811
32,68093200.66033703,52170209.44329547,30.52123306951351
35,76036772.93524724,57382022.78154702,32.50974651890319
36,51266311.024457745,39680823.35495407,29.196691726552217
40,72459023.36414033,55173835.98152292,31.328594568639435
52,62625588.48906,48861560.44423347,28.169440189155747
53,46149731.116631284,36121786.05416682,27.761487340152403
61,57845601.348166086,45553065.582672425,26.985090044454708
66,48619731.66498019,37896446.511848696,28.296281419891844
69,67719106.17433956,51973866.28438224,30.294532648014005
70,54995739.32068421,42533555.50329889,29.299652168553724
