case_num,Porosity Multiplier,fit,q_start,D,b,log_rate_RMSE,jac_condition
53,0.801219112725201,Free-b Arps,6027.69977685151,0.6028156568600578,2.9024430994886656,0.015044365157825555,66.61950996272921
53,0.801219112725201,Strict exponential,5409.8062005258735,0.1940673965615367,0.0,0.050768411044057674,5.991479128488562
66,0.876611835077975,Free-b Arps,6382.83729116205,0.5412485595961293,2.893205264998938,0.01327237919829772,72.41537131766611
66,0.876611835077975,Strict exponential,5789.598967139797,0.18612528599980896,0.0,0.046619666930651664,6.2059876399958105
36,0.903606067079684,Free-b Arps,6681.794310603833,0.5066851096691891,3.034478025988139,0.011109373709655541,80.17533758097693
36,0.903606067079684,Strict exponential,6099.970888409436,0.17628116704887842,0.0,0.04284761090419296,6.501453675976577
70,0.986349070711386,Free-b Arps,7238.280732777314,0.4287097469603561,2.9281641973145005,0.009108965120819585,89.66797387258258
70,0.986349070711386,Strict exponential,6704.552568761637,0.16740463301866856,0.0,0.036830203801276086,6.800399193343603
8,1.027024140141,Free-b Arps,7588.196390013751,0.34260899531818795,2.3975728692290055,0.005687044387519999,93.74936861610274
8,1.027024140141,Strict exponential,7164.650434286073,0.16640798476479346,0.0,0.027711762992952874,6.836117224647275
61,1.10615395570747,Free-b Arps,7602.190383618055,0.31649163641312067,2.5223183135415375,0.005827355548838561,106.23218289173273
61,1.10615395570747,Strict exponential,7212.718558280296,0.155882402063563,0.0,0.025126427652968703,7.243315808357047
52,1.17411664174322,Free-b Arps,8207.507331071209,0.29457712878212167,2.7350779087331643,0.0072959961715185215,122.54000546575283
52,1.17411664174322,Strict exponential,7815.446304219342,0.14453503763976186,0.0,0.023562354966642635,7.753335273122468
32,1.22599230933561,Free-b Arps,8503.244969699474,0.30676174053134425,3.6524136265263714,0.006124660335979054,151.40012231777436
32,1.22599230933561,Strict exponential,8057.259393763048,0.12765763364717328,0.0,0.025169494535879675,8.689457896111723
69,1.26574948372855,Free-b Arps,8557.186731476684,0.30614985003209133,3.4609538698244813,0.006801924244932856,144.35302381073421
69,1.26574948372855,Strict exponential,8112.05394044829,0.13118943282873963,0.0,0.025248110660212146,8.472697437658692
40,1.354257637257,Free-b Arps,8832.14719137286,0.3099313722932342,4.263771712117915,0.006338396001905942,173.92357115480604
40,1.354257637257,Strict exponential,8359.314620146424,0.11796111300700746,0.0,0.02511099749668495,9.35411801081995
35,1.42875881221961,Free-b Arps,9185.681137939422,0.3386413499180744,4.88825153980893,0.006994106324418642,184.67184388741668
35,1.42875881221961,Strict exponential,8647.107444659137,0.11303493989306153,0.0,0.027291629255077256,9.737108380528907
12,1.49402691732536,Free-b Arps,9251.225639155891,0.3406389389044942,4.298291851438948,0.005853122084740689,160.77654952774918
12,1.49402691732536,Strict exponential,8705.291874959496,0.12220828628302406,0.0,0.027562977887209506,9.049521553643196
