cutoff,horizon_years,quarters,model_name,macro_cum_nrmse,oil_cum_nrmse,gas_cum_nrmse,water_cum_nrmse,oil_rate_nrmse
2005-01-01,3,12,Model_A1_Ridge_Recursive,0.35813891425389793,0.41745651172539033,0.4175677931792741,0.23939243785702938,0.4766492696280823
2005-01-01,3,12,Model_A2_ExtraTrees_Recursive,0.0407585339075896,0.05214420767705675,0.052049672309944034,0.018081721735768032,0.1013658183188404
2005-01-01,3,12,Model_A3_GP_Recursive,0.21475429435955615,0.2750357681812316,0.2750831656542411,0.09414394924319568,0.3515456541804321
2005-01-01,3,12,Model_B1_Exponential_DCA,0.06648480289574497,0.09427794974094961,0.0943292046537302,0.010847254292555128,0.08702172455849677
2005-01-01,3,12,Model_B2_Hyperbolic_DCA,0.06972495477348163,0.09913821893347602,0.09918939109441377,0.010847254292555128,0.09449565713513533
2005-01-01,3,12,Model_C_Hybrid_Learned_Dynamic,0.0407585339075896,0.05214420767705675,0.052049672309944034,0.018081721735768032,0.1013658183188404
2005-01-01,3,12,Baseline_Persistence_Rate,0.2143489760320082,0.2750357681812316,0.2738672106715973,0.09414394924319568,0.3515456541804321
2005-01-01,3,12,Baseline_Zero_Rate,1.0,1.0,1.0,1.0,0.9999999999999999
2004-01-01,4,16,Model_A1_Ridge_Recursive,0.3557245043408676,0.4420219312539671,0.44271181333894505,0.1824397684296906,0.548369968422038
2004-01-01,4,16,Model_A2_ExtraTrees_Recursive,0.07786322512231304,0.0967667861351209,0.0967547491839468,0.04006814004787147,0.18233125944370526
2004-01-01,4,16,Model_A3_GP_Recursive,0.29353641906044464,0.3617173337064093,0.36227660207900747,0.15661532139591705,0.49400611113589715
2004-01-01,4,16,Model_B1_Exponential_DCA,0.05603090061321281,0.06882090238397846,0.0692938658007327,0.029977933654927277,0.06474260724692599
2004-01-01,4,16,Model_B2_Hyperbolic_DCA,0.06374738226537895,0.08039693680696243,0.08086727633424709,0.029977933654927277,0.08103741365411585
2004-01-01,4,16,Model_C_Hybrid_Learned_Dynamic,0.07475832993581308,0.09170905617758086,0.09166420690656497,0.04090172672329339,0.15773961971968084
2004-01-01,4,16,Baseline_Persistence_Rate,0.29333532813336133,0.3617173337064093,0.36167332929775753,0.15661532139591705,0.49400611113589715
2004-01-01,4,16,Baseline_Zero_Rate,1.0,1.0,1.0,1.0,0.9999999999999999
2003-01-01,5,20,Model_A1_Ridge_Recursive,0.5907109629989038,0.6226427118828229,0.6230275038638611,0.5264626732500272,0.7486148182292715
2003-01-01,5,20,Model_A2_ExtraTrees_Recursive,0.21539762350245786,0.15726799710995892,0.15741834791177725,0.3315065254856374,0.2775042946752343
2003-01-01,5,20,Model_A3_GP_Recursive,0.4104135091093796,0.5048933356174462,0.5051424481269772,0.2212047435837154,0.6877172463212313
2003-01-01,5,20,Model_B1_Exponential_DCA,0.08026205112104935,0.09177993452994801,0.09197661583770421,0.057029602995495865,0.0853155533043539
2003-01-01,5,20,Model_B2_Hyperbolic_DCA,0.0935679485471861,0.1117377154348644,0.11193652721119804,0.057029602995495865,0.11409341492163454
2003-01-01,5,20,Model_C_Hybrid_Learned_Dynamic,0.17383195707102742,0.10568664377527134,0.10583648117923555,0.30997274625857535,0.15472395905985514
2003-01-01,5,20,Baseline_Persistence_Rate,0.40999620752938704,0.5048933356174462,0.5038905433869995,0.22120474358371534,0.6877172463212313
2003-01-01,5,20,Baseline_Zero_Rate,1.0,1.0,1.0,1.0,0.9999999999999999
2001-01-01,7,28,Model_A1_Ridge_Recursive,0.5715861085395632,0.3036158699565442,0.3039281733875734,1.1072142822745719,0.5806487751565829
2001-01-01,7,28,Model_A2_ExtraTrees_Recursive,0.3863866763832629,0.36398369948813125,0.3644440999812467,0.4307322296804108,0.6041541904588812
2001-01-01,7,28,Model_A3_GP_Recursive,0.5041111676802135,0.4059909194498762,0.40647062343490786,0.6998719601558563,0.6620588638771115
2001-01-01,7,28,Model_B1_Exponential_DCA,0.15633895983468565,0.1024273345134815,0.10210306245010958,0.26448648254046586,0.1201458944930956
2001-01-01,7,28,Model_B2_Hyperbolic_DCA,0.13920538593578402,0.07673166891900257,0.0763980063478836,0.26448648254046586,0.10297341119224818
2001-01-01,7,28,Model_C_Hybrid_Learned_Dynamic,0.5455835031577458,0.20550222179319916,0.2053494577827181,1.2258988298973204,0.5379514323815116
2001-01-01,7,28,Baseline_Persistence_Rate,0.5049609686995994,0.4059909194498762,0.40647061256005507,0.7024213740888671,0.6620588638771115
2001-01-01,7,28,Baseline_Zero_Rate,1.0,1.0,1.0,1.0,0.9999999999999999
