case_num,case_id,split,Fault Transmissibility,Porosity Multiplier,Permeability Multiplier,Aquifer Pore Volume,expected_split,oil_rate_n_points,oil_rate_nrmse,gas_rate_n_points,gas_rate_nrmse,water_rate_n_points,water_rate_nrmse,history_score
69,Case 69,train,0.149950356557919,1.26574948372855,4.32547481714326,107.333292641987,train,41,0.2131721168896021,41,0.21318304998661156,41,0.06657262717936821,0.16430926468519394
24,Case 24,train,0.0751567125461592,1.29166203802606,5.74562822351756,141.832941679128,train,41,0.21374612267061016,41,0.21375475756264523,41,0.06548950783223921,0.16433012935516486
47,Case 47,train,0.0653453169347209,1.25776401053906,9.50196539201025,112.686239204077,train,41,0.21357563962605247,41,0.21358410582585532,41,0.06604785770313831,0.16440253438501537
65,Case 65,train,0.0746257922096418,1.29091789503667,2.39634693441572,163.133030182806,train,41,0.21304358402510973,41,0.21307688903607383,41,0.06736419692906287,0.1644948899967488
19,Case 19,train,0.101141392254402,1.23684041871395,8.76361125522629,82.9943235572375,train,41,0.21345138547603743,41,0.21343909536877526,41,0.06744472622057157,0.16477840235512808
90,Case 90,test,0.0614153467411318,1.31487289040803,6.00557573168126,135.180211798456,test,41,0.21431373100069087,41,0.21432357769184265,41,0.06904637054929905,0.16589455974727751
32,Case 32,train,0.144100466933195,1.22599230933561,8.25342875453963,97.0732749412519,train,41,0.21334814603488933,41,0.21333976956994521,41,0.07175967225467514,0.1661491959531699
81,Case 81,validation,0.0766125471765292,1.27546393220822,2.14695272682882,84.5152134769738,validation,41,0.21296140743413478,41,0.21301176777606426,41,0.07270948443239486,0.166227553214198
2,Case 2,train,0.0894555497909482,1.22939115573595,6.35406659138768,119.991454817347,train,41,0.2133337156865849,41,0.21332422478813737,41,0.07477564614091921,0.1671445288718805
99,Case 99,test,0.0865499842321034,1.21005198319447,6.4919939776808,60.221259193701,test,41,0.21305738931739435,41,0.21311918653860726,41,0.07565934159982492,0.1672786391519422
45,Case 45,train,0.0621033356730857,1.24579149754326,2.29646748252815,57.5624866481521,train,41,0.21333783174243834,41,0.21338583654811225,41,0.07765605006515944,0.16812657278523668
10,Case 10,train,0.106141850032044,1.25328989532151,1.77219458601642,134.599597155675,train,41,0.21320628803706096,41,0.21328813065345167,41,0.07841931147234159,0.16830457672095142
88,Case 88,test,0.142127241838842,1.23913551235491,3.72355011647898,159.452803125095,test,41,0.2131738829525123,41,0.21320998575138464,41,0.07863374143732844,0.16833920338040845
64,Case 64,train,0.0584080528173671,1.192975859859,8.4791456851914,76.9505905331584,train,41,0.21336980904220873,41,0.2133683527672111,41,0.07971017969918506,0.16881611383620163
97,Case 97,test,0.0519202246162297,1.3461753186641,5.40850245674001,153.885921811579,test,41,0.21504356025232987,41,0.21505429828882502,41,0.0763663159898689,0.16882139151034126
6,Case 6,train,0.0576906643879513,1.35843836787011,2.46845149082919,119.76531266213,train,41,0.2148523937162729,41,0.214799485685186,41,0.07762498416158796,0.16909228785434893
7,Case 7,train,0.131243324076052,1.2180196539201,5.20216223639637,116.384624774926,train,41,0.21328897695647406,41,0.21331886301912859,41,0.08103801678533638,0.16921528558697965
48,Case 48,train,0.143269447920164,1.29291746777754,1.77093824070966,54.2704550309763,train,41,0.21298771341088352,41,0.2130259031502069,41,0.0823781933120507,0.16946393662438033
76,Case 76,validation,0.107852921129999,1.38330698568682,1.64047161269977,182.202215643788,validation,41,0.21521692937770784,41,0.21513596957469258,41,0.07858896882916898,0.1696472892605231
73,Case 73,validation,0.0825557217118849,1.35383607491277,1.47494328643656,93.3152256843776,validation,41,0.21399386853955354,41,0.21401824008091158,41,0.08159638042861969,0.16986949634969495
11,Case 11,train,0.124999847407453,1.35378337961974,7.33772698141423,188.082216864528,train,41,0.21539566065374616,41,0.21540673496560078,41,0.08002615000922984,0.17027618187619228
40,Case 40,train,0.144336985381634,1.354257637257,4.96132084109012,132.522202215644,train,41,0.2154159939950445,41,0.21542715552667577,41,0.08040186422564956,0.17041500458245662
79,Case 79,validation,0.131607308165736,1.21496973581144,6.80836105431277,173.028962065493,validation,41,0.2135299844415691,41,0.2135308191569696,41,0.08445556792876481,0.17050545717576784
50,Case 50,train,0.100253201900286,1.35674001281777,7.4587420270394,170.738853114414,train,41,0.21561571645227515,41,0.21562702428632044,41,0.08239212371851425,0.17121162148570326
20,Case 20,train,0.0618176824243904,1.3611471907712,5.078479873043,123.38267159032,train,41,0.2157911073039535,41,0.21580263160298593,41,0.08439251215975928,0.1719954170222329
4,Case 4,train,0.145503402813807,1.36413586840419,8.60249946592609,158.106936857204,train,41,0.21618167956832698,41,0.21619353306724612,41,0.08843094235703326,0.17360205166420214
92,Case 92,test,0.0803653065584277,1.37320515559353,7.90880357270018,175.520493179113,test,41,0.21632284586115966,41,0.2163348042383607,41,0.08999007201389679,0.17421590737113904
38,Case 38,train,0.115427716910306,1.191275368511,7.40455488753929,192.124393444624,train,41,0.2139987680303354,41,0.21400097631741452,41,0.09736794222470531,0.17512256219081843
26,Case 26,train,0.0980382702108829,1.3464067506943,1.94301889095737,53.9529099398785,train,41,0.21393617209734356,41,0.2139468367366597,41,0.09786464536841909,0.1752492180674741
27,Case 27,train,0.138125553147984,1.19227088229011,5.20859859004486,159.629047517319,train,41,0.2139870312391143,41,0.21401323818049364,41,0.09901879098544,0.17567302013501598
51,Case 51,train,0.120660929186885,1.37125115716015,4.07463098035625,72.7561265907773,train,41,0.2166286645224745,41,0.21653193445299793,41,0.09600403653439986,0.1763882118366241
74,Case 74,validation,0.122323374126408,1.3674585202592,3.99148024943795,56.2642292550432,validation,41,0.21632438318424552,41,0.21627261343844206,41,0.10385185271616353,0.17881628311295036
52,Case 52,train,0.108430738242744,1.17411664174322,5.41124708802555,164.953154087954,train,41,0.21455929750689617,41,0.21460280552435165,41,0.11031474062590439,0.17982561455238408
37,Case 37,train,0.0905343791009247,1.42329844050417,3.31396221808527,123.816187017426,train,41,0.21814372226651518,41,0.2181540471960228,41,0.1089324401482543,0.18174340320359741
59,Case 59,train,0.0855029959003469,1.45183507797479,1.11495203507594,127.626575518052,train,41,0.21822310481236973,41,0.21811052359194025,41,0.11196388712704256,0.18276583851045083
89,Case 89,test,0.127983947264016,1.40775617745496,9.1418968270923,143.680532242805,test,41,0.21850137267454628,41,0.21851506081570402,41,0.11200700408152746,0.18300781252392592
21,Case 21,train,0.119537339396344,1.14237128818629,6.46632587664418,101.786095767083,train,41,0.21546391134691908,41,0.21553737765417852,41,0.12112099848904836,0.1840407624967153
62,Case 62,train,0.100704875840531,1.14719219539984,7.73175552639342,184.5078890347,train,41,0.21553429056168094,41,0.2155381377906216,41,0.12480057173571378,0.18529100002933876
16,Case 16,train,0.0951902829065829,1.17925656910916,0.996005127109592,188.115634632405,train,41,0.21800151940650922,41,0.21805605244589385,41,0.12069620303447323,0.18558459162895877
71,Case 71,validation,0.0674370555742058,1.47236345510219,0.771641183711254,126.059755241554,validation,41,0.21895513283087067,41,0.2188505490594236,41,0.12017835368549026,0.18599467852526153
100,Case 100,test,0.139505701874854,1.4206736452325,3.73992126224555,73.8962981048006,test,41,0.21931616014118652,41,0.21918985414120493,41,0.11976500960553917,0.18609034129597687
44,Case 44,train,0.0771675771355327,1.12169194616535,6.91527603991821,73.2853175450911,train,41,0.2163908234901661,41,0.2165302484021287,41,0.12609086605269096,0.18633731264832856
77,Case 77,validation,0.0784977772352265,1.15561774549598,4.66223334452345,196.894436475723,validation,41,0.21584996334572307,41,0.2159209536184481,41,0.1276247261633909,0.18646521437585403
72,Case 72,validation,0.138612730287586,1.44610695720288,6.70087588122196,198.825647755364,validation,41,0.21950729703945365,41,0.2195216510241149,41,0.121668597683982,0.18689918191585017
56,Case 56,train,0.0713137201045768,1.14127323221534,5.87974791711173,140.431836909085,train,41,0.21597006721510859,41,0.2160417791840598,41,0.1294934810997398,0.18716844249963605
35,Case 35,train,0.0770903653065584,1.42875881221961,5.70750297555467,90.1104770043031,train,41,0.21985694982399126,41,0.2198715722488604,41,0.12471963598637656,0.18814938601974274
14,Case 14,train,0.0655180516983551,1.11374919888913,8.94391613513596,98.4585100863674,train,41,0.21628795321384053,41,0.21635046989839768,41,0.1351474699475616,0.18926196435326662
12,Case 12,train,0.0992184209723197,1.49402691732536,0.537516403698843,114.921109653005,train,41,0.2200502480160796,41,0.21994472134922052,41,0.1314434489287133,0.19047947276467114
82,Case 82,validation,0.0501092562639241,1.45370362458164,9.784546444085,169.708853419599,validation,41,0.22099410844663936,41,0.221009401022434,41,0.1346354679261929,0.19221299246508874
57,Case 57,train,0.111454715618356,1.48247525457523,3.38393098747724,159.138462477493,train,41,0.22096786832779292,41,0.22098314749971806,41,0.1347637314135018,0.1922382490803376
31,Case 31,train,0.119768669698172,1.43167271950438,7.76896267586291,78.7017426068911,train,41,0.2210364373288478,41,0.22105181908653765,41,0.13491504607751637,0.1923344341643006
42,Case 42,train,0.128451796014283,1.43571031830805,9.29481337931455,81.9753105258339,train,41,0.22156702224771252,41,0.22158270077843578,41,0.13933983176341,0.19416318492985277
17,Case 17,train,0.147764213995788,1.45295236060671,2.25608081301309,55.3793450727866,train,41,0.22013451698024158,41,0.22001529002592315,41,0.1431821690238424,0.19444399201000237
60,Case 60,train,0.0812908312224698,1.08776899522894,4.30574053163244,61.6901150547807,train,41,0.22245384924634862,41,0.22249087131536568,41,0.14367451506750042,0.1962064118764049
78,Case 78,validation,0.110250862147893,1.09386171046073,7.55652434868414,94.3733024079104,validation,41,0.2184264797641428,41,0.21852978137471504,41,0.15196262102086444,0.19630629405324077
34,Case 34,train,0.0840983306375317,1.10891262550737,7.13654744102298,181.69713431196,train,41,0.2179663155278524,41,0.21802646463940675,41,0.1542876098764313,0.1967601300145635
96,Case 96,test,0.149906816817733,1.11809442426832,2.52876572974843,143.906064027833,test,41,0.22119357460929726,41,0.22128572632794527,41,0.15073706273113113,0.19773878788945787
1,Case 1,train,0.0523505355998413,1.08230719931639,3.04734641560106,68.3523056733909,train,41,0.22506099522915055,41,0.225126074718178,41,0.1514517096578794,0.20054625986840266
61,Case 61,train,0.136638182724489,1.10615395570747,2.76031983397931,134.721213415937,train,41,0.22224889113151916,41,0.22234401359457132,41,0.15726886672309506,0.20062059048306183
75,Case 75,validation,0.12621061840673,1.06175745923236,9.53679514959156,88.8222907193213,validation,41,0.22035977890678712,41,0.2204600806762818,41,0.1721323680584278,0.20431740921383224
98,Case 98,test,0.111791233049511,1.47911699779249,9.65465966775516,80.8218634601886,test,41,0.22466171548984706,41,0.22467907948662288,41,0.1636274958281977,0.20432276360155588
43,Case 43,train,0.136599627674184,1.07317880794702,4.28857692190313,149.594103823969,train,41,0.2239698454448401,41,0.22419384470721748,41,0.18265592334975816,0.21027320450060527
86,Case 86,test,0.146428724021119,1.03350708538062,6.87954751223284,57.3992126224555,test,41,0.2268378051288685,41,0.22692519256671234,41,0.1779358414210995,0.2105662797055601
22,Case 22,train,0.132267830439161,1.06896176030763,2.67699514755699,128.751487777337,train,41,0.22764743933236564,41,0.22771704425892905,41,0.18178501946112352,0.21238316768413937
58,Case 58,train,0.146119876705222,1.06195969522182,1.48766136661885,133.55327005829,train,41,0.23190525407291862,41,0.23196095741281988,41,0.18831494606784677,0.2173937191845284
87,Case 87,test,0.0973319701732434,1.0315801466923,0.520526749473556,63.6841944639424,test,41,0.24216086723355482,41,0.24224321927368994,41,0.18426524455746876,0.22288977702157117
8,Case 8,train,0.0507904293954283,1.027024140141,8.24478896450697,168.784142582476,train,41,0.22640112235808907,41,0.2264932517462814,41,0.21836616264596953,0.22375351225011333
63,Case 63,train,0.0942965992207607,1.01452396211636,8.87680796736554,142.429883724479,train,41,0.22755899250988693,41,0.2276648961258586,41,0.22461523588649582,0.2266130415074138
55,Case 55,train,0.0937277342041281,1.02056967884355,8.84853053376873,199.83520004883,train,41,0.22700991925673072,41,0.22711305465105547,41,0.22588670908506156,0.22666989433094928
30,Case 30,train,0.105603503524888,1.01619953001495,9.41527756584368,194.562517166662,train,41,0.22723791967273438,41,0.2273271863945763,41,0.22809829249767793,0.22755446618832953
18,Case 18,train,0.122454908902249,0.993836787011322,8.05723593859676,79.682760093997,train,41,0.231600799720984,41,0.2318471456293182,41,0.2243670679377317,0.2292716710960113
29,Case 29,train,0.123877376628925,0.9947233497116,3.85644245735038,150.682699056978,train,41,0.23872672977491957,41,0.23880274909260207,41,0.24149320247306597,0.23967422711352918
39,Case 39,train,0.0580755027924436,0.983144627216407,9.03880886257515,157.67616809595,train,41,0.23279962385891392,41,0.23292982416881583,41,0.25344330064467835,0.23972424955746938
13,Case 13,train,0.0885113071077609,0.961939756462294,2.53823664052248,59.9392681661428,train,41,0.2505848670826762,41,0.25062064217520197,41,0.22546086545241284,0.24222212490343034
70,Case 70,train,0.103498540197963,0.986349070711386,5.74406262398144,177.283242286447,train,41,0.23639160953941857,41,0.23668079766998965,41,0.25445104340363306,0.24250781687101375
46,Case 46,train,0.130624612160609,0.977960549740084,2.78411308125045,98.9669484542375,train,41,0.24541226124947635,41,0.24546128808025447,41,0.23910853418142405,0.24332736117038498
94,Case 94,test,0.0736595761996317,0.975217546108381,5.67494430372021,134.341257972961,test,41,0.23905873450958895,41,0.23925331995141486,41,0.2559812716110197,0.24476444202400782
5,Case 5,train,0.111200292977691,0.949401837214271,5.39815210425123,136.151463362529,train,41,0.24565878456362783,41,0.2458267506509758,41,0.2769497220068396,0.25614508574048106
83,Case 83,validation,0.0635007782219916,0.946182439649648,3.25417950987274,117.83806878872,validation,41,0.25209560445175105,41,0.2521337196697001,41,0.2710262021082692,0.2584185087432401
67,Case 67,train,0.0873284096804712,0.899380474257637,5.02465997294026,61.9006927701651,train,41,0.2608336587143073,41,0.2609149521247272,41,0.2791495643813925,0.26696605840680904
28,Case 28,train,0.0558561967833491,0.928000427259133,3.02612384411145,123.567155980102,train,41,0.2578267774645033,41,0.2578547067898914,41,0.2875098473423176,0.26773044386557077
80,Case 80,validation,0.0913202307199316,0.916677348144983,2.95831985432498,101.513718070009,validation,41,0.2613229254096809,41,0.2613989085345242,41,0.28917690266366664,0.27063291220262387
95,Case 95,test,0.0955104220709861,0.926820479954426,1.53453271075574,115.249794000061,test,41,0.26448311056440366,41,0.26451240336462706,41,0.287481847088994,0.2721591203393416
25,Case 25,train,0.0830329294717246,0.898807947019868,9.26060213019196,159.751731925413,train,41,0.25146845846455507,41,0.2517494828817888,41,0.33062206490149676,0.2779466687492802
49,Case 49,train,0.0613872697124139,0.889878231147191,7.52731915239926,104.936979277932,train,41,0.2574375759142936,41,0.257599299093119,41,0.32123868125380756,0.27875851875374
84,Case 84,validation,0.0856728822697633,0.884133020009969,5.33592435478785,78.4115115817743,validation,41,0.26450166210178533,41,0.2645673044189769,41,0.30753275800707786,0.27886724150928005
54,Case 54,train,0.0535088147628203,0.898074485508794,8.6954883470158,183.31217383343,train,41,0.2525943424358264,41,0.2528913291312841,41,0.3352748476750332,0.2802535064140479
36,Case 36,train,0.10080141605884,0.903606067079684,5.28252967925047,181.654560991241,train,41,0.2583231963045076,41,0.2584532092875753,41,0.3247222849070037,0.28049956349969557
9,Case 9,train,0.0706534012878811,0.875977355265969,7.99559770500809,111.122470778527,train,41,0.26055009624819403,41,0.26076189070339906,41,0.3373541661191248,0.2862220510235726
15,Case 15,train,0.147644581438643,0.877167271950438,5.82837305825984,166.641743217261,train,41,0.26490342013961005,41,0.26503254143443933,41,0.34715248309563135,0.2923628148898936
66,Case 66,train,0.0540099286884162,0.876611835077975,3.07894833216346,116.538895840327,train,41,0.27361292747388316,41,0.27366522611034555,41,0.3308330915237412,0.2927037483693233
3,Case 3,train,0.127971129490036,0.885780816064943,1.48099307229835,198.958098086489,train,41,0.2780742064980414,41,0.2780689896896959,41,0.3419639458922725,0.29936904736000325
91,Case 91,test,0.130679952391125,0.88127180801823,0.727224545019888,125.483870967742,test,41,0.28504268003733113,41,0.2850863036219278,41,0.33792312585434386,0.30268403650453424
85,Case 85,validation,0.116801558478551,0.83651641387168,8.32159998372346,128.541520432142,validation,41,0.27281062567070186,41,0.2729594704394321,41,0.3820031983024105,0.3092577648041815
33,Case 33,train,0.0610483108005005,0.834452040162359,1.3298837244789,127.7082125309,train,41,0.29791602635057396,41,0.29791846537211764,41,0.37900358399839323,0.3249460252403616
93,Case 93,test,0.0607541123691519,0.809765719575589,4.58803165786716,96.8382824182867,test,41,0.29310391746036035,41,0.2931374034762701,41,0.38948351562473493,0.3252416121871218
53,Case 53,train,0.128113549200924,0.801219112725201,6.4881089714245,89.060335093234,train,41,0.29085303611645974,41,0.29093838553487705,41,0.39661804008024604,0.32613648724386096
68,Case 68,train,0.116213161615853,0.812935982339956,6.96853541673025,159.755851924192,train,41,0.28445275925879604,41,0.28459690099075463,41,0.4120173820300518,0.3270223474265342
41,Case 41,train,0.0893792535172582,0.833390301217689,0.612491225928526,97.1863460188604,train,41,0.3040886898851971,41,0.30407717455868205,41,0.37448951947669534,0.3275517946401915
23,Case 23,train,0.0560118411816767,0.815381328775903,4.2828073976867,181.183965575121,train,41,0.29163558305689113,41,0.29168824217853084,41,0.4091849439735128,0.33083625640297826
