origin,horizon,phase,component,singular_value,variance_pct,cum_variance_pct,coeff_mean,coeff_std,coeff_min,coeff_max,coeff_iqr,oof_coeff_rmse,oof_norm_rmse,oof_coeff_r2,basis_cosine_sim_mean,svd_recon_floor,corr_fault,corr_poro,corr_perm,corr_aquifer,corr_anchor
2003-01-01,3,oil_cum,1,21505100.149495292,99.94106447414948,99.94106447414948,2.927013805934361e-10,2588909.8271918916,-5170402.986054283,3987610.1113539385,4105511.527642468,41928.529698109545,0.01619543842651789,0.9997339064375664,0.999998378070968,0.0029155641854186664,0.1870179431039708,0.9872854835605784,0.034269182040950155,-0.1942649878646775,0.9882453756428884
2003-01-01,3,oil_cum,2,493887.0372836945,0.05271282447630632,99.9937772986258,3.5839288362434934e-10,59457.01231140064,-111340.44587657104,129293.97986071522,88938.80101337438,14296.798453567933,0.24045605215494698,0.941342928820404,0.9997636582273157,0.0009473784578579045,0.03061719360621734,0.10681078357519831,-0.45414323933808154,-0.2109153805568315,-0.08780849797826393
2003-01-01,3,oil_cum,3,162778.58016734652,0.005726055380620722,99.99950335400641,-2.5029294192790984e-10,19596.238237536214,-50114.990258501784,32714.383263305106,26936.517964322335,5628.018815867788,0.287198938253375,0.916321360725219,0.999740849774246,0.0002676439886739711,0.06797683608690172,0.004531028743150083,-0.122678828417253,-0.12204663172378769,0.08649656496184423
2003-01-01,3,oil_cum,4,39437.02847595267,0.0003361006868993951,99.99983945469332,-1.0009638832083771e-10,4747.660316245341,-9882.230637162123,12465.151695150096,6537.484549748755,2839.445938572047,0.5980726818761821,0.6371251404781522,0.9994147288298318,0.00015217132857095779,0.1109628077890514,0.012540689416814993,-0.12054339586809544,-0.2284503384707744,0.03576660942890046
2003-01-01,3,oil_cum,5,21740.84111208141,0.00010214420114155532,99.99994159889447,8.027590021291482e-11,2617.289704080093,-10276.208734002303,4645.851595992557,3500.5546129386894,2478.154495924703,0.9468399662118672,0.09050123824520595,0.9883698461598481,9.177926164347738e-05,0.035867620683268764,-0.011227747057844514,0.11429314481372049,0.29646365417919385,-0.03366949443986136
2003-01-01,3,gas_cum,1,7804559.434756556,99.94030034181161,99.94030034181161,9.978456156594413e-12,939558.5455117564,-1874370.3171171371,1447373.2760743853,1487279.6533862017,14536.98165605364,0.015472140321091114,0.9997571434952446,0.9999983672553773,0.002931668048115987,0.1875329941859636,0.9876221802863754,0.03296993016584165,-0.19470148799070022,0.9883410175997419
2003-01-01,3,gas_cum,2,180953.73826469455,0.05372531675021447,99.99402565856182,5.4673624358006886e-11,21784.27015005426,-40502.33898244019,48632.754999697296,32287.27262741713,4774.693644483393,0.21918079473745045,0.9512635441299918,0.9997656358671442,0.0009274145198706193,0.03294960261450559,0.10567480592493683,-0.46761163859722976,-0.21607781985741717,-0.09407378202977504
2003-01-01,3,gas_cum,3,58190.92474326153,0.005555899527618112,99.99958155808945,-1.620719558559358e-10,7005.364117067339,-17592.62880412565,12090.932050021484,8720.510647929379,1524.742026830732,0.21765350110757445,0.9519403875499467,0.9997353497283095,0.00024544063147345613,0.057381491401852974,0.00513177528485044,-0.1460792331526948,-0.13126722899598373,0.08817644188341077
2003-01-01,3,gas_cum,4,13400.733590099815,0.00029464631399767744,99.99987620440345,1.1507706533718322e-10,1613.2587452192763,-4077.6210591779527,3583.1988937399947,1950.8410537947548,893.866331182187,0.5540749946510387,0.6885516376018833,0.9989327306938831,0.00013350006279350877,-0.08790932509655633,-0.017303072536356136,0.15575362570413032,0.25475445386146284,-0.0326677980696557
2003-01-01,3,gas_cum,5,6753.859727672286,7.484244012292908e-05,99.99995104684358,8.585629984736443e-11,813.0691649374428,-2481.6824064921148,1575.5802543432296,1075.6783499350715,531.5997777504942,0.6538186417850155,0.5663258374232103,0.9868049474983639,8.39497141013475e-05,0.05537849034501646,-0.015751764191610146,0.14936407481412947,0.3740890380315736,-0.02869535044203496
2003-01-01,3,water_cum,1,17045049.03666963,99.94095637599678,99.94095637599678,-6.652304104396275e-12,2051982.7691682426,-3441480.195841413,3485918.9147417173,3226170.4112336356,38198.734822389975,0.018615524163419248,0.9996484399740356,0.9999987825872088,0.0035989767538582903,0.19797936414499442,0.9950891494900846,-0.104569274301935,-0.29001849018564346,-0.9762224566963762
2003-01-01,3,water_cum,2,377067.23750273406,0.04890852771360381,99.98986490371038,-6.153381296566555e-11,45393.561057461004,-103343.7232473951,122413.86867816915,60808.28528350363,9841.838692587977,0.21681133762369884,0.9523115807435159,0.9988857148608649,0.0014910989970835663,-0.12272204562775205,0.0054721664787225205,0.10289729824865758,0.22631421106389948,0.13944065526892935
2003-01-01,3,water_cum,3,166699.1997881886,0.009559034328497532,99.99942393803889,1.2067695414381368e-10,20068.225375216167,-54187.933688211735,33077.658795090494,24788.65363656519,3144.499690013918,0.15669047118339713,0.9750922715456735,0.9988912269304248,0.00035548979485657976,-0.042519528784655466,0.01074288292612336,0.21601024502387783,0.09953546270160714,-0.09542518693037623
2003-01-01,3,water_cum,4,32965.86394340604,0.0003738315185120899,99.9997977695574,-1.9863364286720753e-10,3968.6236535363405,-7596.892261726607,12117.555764642777,5525.972394659427,2018.8862023941037,0.508711930920034,0.7374616229658486,0.996546134390068,0.00021062785487716213,-0.025830122729704124,0.0108531243273286,-0.15435581346782026,0.06284310229408113,-0.03781225102260431
2003-01-01,3,water_cum,5,18718.51072734966,0.0001205284513506583,99.99991829800875,-2.0232034460475136e-10,2253.4438824071135,-3893.305645865754,6457.893709181925,3713.972918839398,1710.5399701472518,0.7590781304751137,0.4154496723566785,0.9818894879965082,0.0001338778900830222,0.060101128708446486,0.002048202507048763,-0.16075416142974613,0.15400277545238528,0.027289142746317635
2003-01-01,5,oil_cum,1,43664375.893245175,99.95544758922063,99.95544758922063,-5.521412406648908e-10,5256573.141366017,-10688695.368021894,7907118.809407813,8472575.609450046,84960.70382753323,0.016162755000768136,0.9997349793413761,0.999998538948241,0.0027813112977246434,0.18616614166969145,0.9845563798325752,0.0439594199575522,-0.1920654473578616,0.9911072566314604
2003-01-01,5,oil_cum,2,855398.6880674649,0.03836092879829543,99.99380851801892,7.765005908108184e-10,102977.90079144962,-192764.3984298383,225981.907807531,176916.12144505032,23386.682300073335,0.2271038943317444,0.9476763403258666,0.9996453984743177,0.0010368389462283058,0.034184935217726795,0.11676198397204962,-0.37314287310579364,-0.11610647028724234,-0.08044582038813641
2003-01-01,5,oil_cum,3,314010.63408644433,0.005169406277238963,99.99897792429616,2.179669016706092e-10,37802.43806249994,-97836.11356467022,75880.67242638025,45233.16700585387,12999.139299139582,0.3438703947428955,0.8800394291727195,0.9995187634140896,0.00042126514506397444,0.0036092696746929526,0.05800091837426821,-0.2292912151135646,-0.23929749157449393,0.018024790600070714
2003-01-01,5,oil_cum,4,120169.09605919526,0.0007570726249131016,99.99973499692108,-6.225621161450233e-10,14466.659143631969,-37063.801684708684,37814.11851319265,14496.88948034191,4290.3118766917305,0.29656549129960685,0.9107742558704993,0.9986791325284555,0.00021450600532800908,0.12957407561679177,-0.010379972810287304,-0.2251392386285906,-0.04778775503899843,0.07085136163929245
2003-01-01,5,oil_cum,5,56615.85361138776,0.00016804595900059388,99.99990304288008,-4.5431858909848544e-10,6815.747835185946,-13202.019750889654,19040.2214000759,10569.594316340674,4981.417236368593,0.7308687698100295,0.45808925914744936,0.9968500117077262,0.00012974894898176717,-0.021414899373870686,0.04024754519965432,-0.22828723907474135,-0.27828442552055976,0.02076139525294801
2003-01-01,5,gas_cum,1,15842033.179765565,99.95386756189414,99.95386756189414,-1.8293836287089756e-10,1907156.6789591387,-3876859.7616622197,2874355.1358287395,3073715.2473373683,27024.213435364556,0.014169896859286508,0.9997963040813013,0.9999984596319045,0.0028268273576446267,0.18660537756848034,0.9847956369890185,0.043221427695306444,-0.1924102409366803,0.991394455953355
2003-01-01,5,gas_cum,2,317555.2268234779,0.040162089249770556,99.99402965114392,1.57290612280901e-10,38229.156882989315,-69645.18830196044,87540.15724060056,65143.60401279031,7914.634244819761,0.20703135747507095,0.9565168288606535,0.9996622444216019,0.0010169414188250813,0.03629313587396759,0.11738828525498864,-0.38328522377792884,-0.11752437243277009,-0.08452846703660431
2003-01-01,5,gas_cum,3,112046.62456117701,0.005000061218487874,99.9990297123624,-3.5080509925527233e-10,13488.828483178195,-31102.404070227767,28248.410670899822,17380.78332149495,3624.015776505553,0.2686679410859412,0.9267714147758799,0.9994913348011529,0.00040996457488712913,0.0017815784086608194,0.05609634877136904,-0.24320176377892172,-0.25347016449830306,0.01665417116028059
2003-01-01,5,gas_cum,4,43491.451076858044,0.000753330519092085,99.99978304288149,-2.0475324293199395e-10,5235.75543982554,-14095.563173924553,12838.236002354726,4599.641882891532,1726.1516535047656,0.32968530960120573,0.8897323443683283,0.9988410227403414,0.0001938576902347973,-0.12113769506643624,0.008573188173658413,0.24243186150725768,0.045186870845104275,-0.07051542031409326
2003-01-01,5,gas_cum,5,18690.615101086434,0.00013913133560684252,99.99992217421709,1.793328660174406e-10,2250.0856436420468,-4779.831181954492,6407.893890774819,3531.3938662923138,1378.9808298122343,0.6128570408401537,0.6189628594364656,0.9967824463663358,0.00011610684684531568,-0.000792048963436931,0.040882166190571965,-0.23319930398830124,-0.31441650410581623,0.014431025356846039
2003-01-01,5,water_cum,1,33512206.466145087,99.92522654680434,99.92522654680434,1.1308916977473668e-10,4034395.56421331,-7032329.491107569,6721659.129955025,6280455.769228602,47517.31489002237,0.011778050549011118,0.9998592670546166,0.9999979517235843,0.003550098494740261,0.20132177840598145,0.9941704143007134,-0.1056283702128968,-0.2988792736796921,-0.9815375856077969
2003-01-01,5,water_cum,2,885154.404358009,0.06971193936549305,99.99493848616983,-2.38443525241954e-10,106560.06808126484,-217196.1278171255,257669.08748585838,129838.56257206715,17777.86173410096,0.166834181453191,0.9717629697519202,0.9997685552144315,0.0009236488576529245,-0.08825583549123546,0.04297665327947835,0.040727379382615156,0.2281481659578814,0.11798000196606132
2003-01-01,5,water_cum,3,196926.50716100572,0.0034504636098475127,99.99838894977967,1.602724556245708e-10,23707.165559778576,-62695.187116607274,39414.22486173734,37222.797002968226,6547.191597719224,0.27616931180296717,0.9226251563018679,0.9988985563209642,0.0005211001795836482,-0.08704029983457333,0.007230908839239714,0.22222855719152737,0.09690266345148779,-0.043150134645915175
2003-01-01,5,water_cum,4,115982.90398966052,0.001196897755096652,99.99958584753476,-7.483842117445809e-12,13962.700840160132,-36999.78624657111,28693.59034048507,21050.052740145446,5776.074984882121,0.41367891861258255,0.8263896037532004,0.9971820856507044,0.00026420851429519637,0.013196195962268537,0.0050154170931516195,0.14080100910398516,0.1890252670735415,-0.03407446174400981
2003-01-01,5,water_cum,5,58639.48751304549,0.000305949274492194,99.99989179680927,4.889013130845602e-10,7059.364728770304,-18111.82991458283,18973.31953293541,6881.9691693138975,2100.6060174452673,0.2975630382981524,0.9101729952892474,0.9970537177176368,0.0001350475523642558,-0.04732358410329737,-0.01798801550953677,0.19655150807709226,-0.03124816393786385,0.05356830023789542
2004-01-01,3,oil_cum,1,19690295.16069056,99.97280473203145,99.97280473203145,-3.891597901071821e-10,2370432.980430324,-5021793.174661019,3488694.8346801903,3794420.792629226,58087.82287339358,0.02450515300492652,0.9993907945410772,0.9999991294314017,0.0022350348585164154,0.18423042588349292,0.9782558224639921,0.06272968548385371,-0.18213526586000742,0.9964869054449614
2004-01-01,3,oil_cum,2,308993.9110718491,0.02461938878173627,99.99742412081318,-6.735457905701229e-11,37198.4955826928,-117458.5985524134,57151.90148430299,56680.99466586771,11837.678812847487,0.31823004202452015,0.8972619539758537,0.999967754852749,0.0006878605057956377,0.018552949696546576,-0.08966452115052972,0.12191493345185611,-0.04826113859781985,0.03046341589772769
2004-01-01,3,oil_cum,3,94077.22750197188,0.00228216186417929,99.99970628267735,-6.194958197219031e-11,11325.567288768847,-39690.475031424896,22112.703297642816,14757.654353106012,6092.175581281026,0.5379135036162384,0.7064555707294844,0.9998032282096299,0.00023227496862570645,0.03829630810660323,-0.1379842067909431,0.3764191066960359,0.3171763912605897,-0.028614882524839486
2004-01-01,3,oil_cum,4,29292.84550690669,0.00022125879656488605,99.99992754147392,-1.924490788951516e-10,3526.4441956585874,-9154.867441589246,6926.462151273328,5029.627357514642,2714.0829890568734,0.7696372996993825,0.39907376609108713,0.9985587790218462,0.00011536720668141795,-0.05986049682680294,-0.021910289412312156,0.24627031981833244,0.2876918521515889,-0.039746795510033156
2004-01-01,3,oil_cum,5,13421.395883499552,4.6448618031371285e-05,99.99997399009195,4.7209271412741926e-11,1615.7461930369336,-4730.770544424704,4433.602256728532,1493.7462514303356,1269.0622444987466,0.7854341536946474,0.37415251103253344,0.99679744115194,6.91205265708596e-05,0.1739862056355726,0.023754759038741732,-0.017353312539017667,-0.10080960055122379,0.008085394397782941
2004-01-01,3,gas_cum,1,7133500.15113633,99.97129536196665,99.97129536196665,5.488150886126927e-11,858772.5011820104,-1821642.228342738,1268903.9203349957,1374565.4946107788,17382.065712654097,0.02024059420709124,0.9995843809308697,0.9999990704473435,0.0022904728186615036,0.1847404317924719,0.9784749668584559,0.06274495979010922,-0.18210334720893037,0.9968326626834182
2004-01-01,3,gas_cum,2,115371.53504581135,0.0261497361981078,99.99744509816476,6.023453482027565e-11,13889.100668304716,-41739.577542262705,21106.688616733358,20257.735896131846,2977.065578550534,0.21434545327545423,0.9533901719673434,0.9999640270014952,0.0006833390098797901,0.007806959946726061,-0.096322860783644,0.1357996773090685,-0.04557329128053371,0.029366705662182274
2004-01-01,3,gas_cum,3,34541.75826674929,0.002344006712048703,99.99978910487681,3.144253111843552e-11,4158.339036025029,-14665.568620341917,8384.976232427718,4854.029819821827,1556.806851269536,0.37438189560977003,0.8578068656819652,0.9997866356680328,0.00019632805923521364,0.01714465010682173,-0.13407490574552283,0.3730891475915202,0.33029299100770093,-0.025844597821670034
2004-01-01,3,gas_cum,4,8844.424220669833,0.00015367708014312414,99.99994278195695,-1.1946862546860108e-11,1064.7435548577726,-2760.499928780475,2281.5308524024877,1636.0654845975532,592.3910141750359,0.5563696637711014,0.6859666053009383,0.9978912111571706,0.00010226231146221895,-0.05686030865085692,-0.03749478267381304,0.3605798753791567,0.36212588593884676,-0.039936804239906344
2004-01-01,3,gas_cum,5,4140.332290433438,3.36775403559188e-05,99.9999764594973,2.4088540685949867e-11,498.43743484238985,-1483.3241366897123,1537.2421140135264,462.53975825081227,465.21730554051385,0.9333514541384077,0.11622977057036432,0.9964179549005252,6.559292096675847e-05,0.10094131246404751,0.01563878983979787,0.04199907647864637,-0.07985734946526768,0.009363750407885035
2004-01-01,3,water_cum,1,14336363.711022278,99.95293190392005,99.95293190392005,-1.9624297107969012e-10,1725895.375499281,-3119014.2852726625,2868658.1091427826,2651726.764726243,33779.06979080085,0.019571910482122586,0.9996113887305152,0.9999983267996049,0.0024747314241712857,0.20583613028219544,0.9917196885779356,-0.11036628660615762,-0.30740076267529415,-0.993738974234623
2004-01-01,3,water_cum,2,303422.2998299352,0.04477261993627983,99.99770452385633,-3.076690648283277e-11,36527.7524102728,-102808.57728708087,60660.57292318194,34308.69197998233,6708.478467918592,0.18365429091794583,0.9657822768085592,0.9998483114823941,0.0005465138206484414,0.030042659761381613,-0.05934653191346687,0.11107614623170653,-0.12744945416098988,-0.03923441165815446
2004-01-01,3,water_cum,3,63729.45230537226,0.001975140022075204,99.9996796638784,3.8084440997668674e-10,7672.124482471059,-14527.464854154154,20208.805504629272,10499.266894826309,5461.034550671025,0.711802130223038,0.48599479578914007,0.9994464475330022,0.00020415861647394673,0.08080372533351626,-0.0007370336600615313,-0.014528161472242243,0.15461191937813878,-0.015095159787111744
2004-01-01,3,water_cum,4,22159.462804379727,0.00023880090738406104,99.99991846478578,-3.992681740783155e-10,2667.6858336276514,-9002.726467168919,6387.383032032492,2080.9202168033517,1489.2621337673486,0.558259939921005,0.6838291122782916,0.998121401086134,0.00010300003343167504,0.040058722263525304,-0.028246305331378063,-0.28292157645011995,-0.12231288466942969,0.004877639455097449
2004-01-01,3,water_cum,5,9775.777515008558,4.6475078804438084e-05,99.99996493986458,-1.801189292954015e-10,1176.8653157209849,-2829.9591442487135,3720.5004561432024,1040.476885455781,1073.9830868582474,0.9125794358955271,0.15512918874742,0.9966463275018482,6.75416322700901e-05,0.08729224614108821,0.008880023011280963,0.10515943341958094,-0.06374108384143351,0.013423868216744309
2005-01-01,3,oil_cum,1,19614234.772217922,99.97904412684588,99.97904412684588,4.1909515857696534e-10,2361276.3856780133,-4995645.686560418,3372223.759429753,3866692.6199248577,51949.69793430911,0.022000684989432254,0.9995089549304301,0.9999995036807684,0.002359848885512255,0.18474505649384448,0.9764184860848385,0.0631631216475241,-0.1869697051247564,0.9981132194675989
2005-01-01,3,oil_cum,2,274218.78514795116,0.019541623725614823,99.9985857505715,2.6900254722152435e-10,33012.06238217938,-70874.3705637687,108198.76628059725,47606.218777290625,8622.024247365795,0.2611779944944903,0.930797447291873,0.9998601684673514,0.0006130477728044947,-0.030470276892011844,0.13999221276600465,-0.2884990258250102,-0.22096729521366246,0.008155670915365731
2005-01-01,3,oil_cum,3,69313.8316882725,0.001248550338053894,99.99983430090955,-6.226140872708389e-11,8344.404758436105,-26860.948587958206,17395.226854054228,11398.25403868777,4981.535016353397,0.5969910568779787,0.6384364848487019,0.9993321541364907,0.0002098414967357745,-0.052295266831453094,-0.04289385716098816,-0.14363704508048233,-0.19127848059548497,-0.003870224015720153
2005-01-01,3,oil_cum,4,21178.528102022425,0.00011656221424814398,99.9999508631238,-1.761561309519623e-10,2549.5951726629164,-5461.296558965623,7451.211248626001,2586.4324378645215,2146.646574470382,0.8419558511268941,0.28083658106952947,0.9986604576525758,0.0001142707518257087,-0.03632131317556376,0.0003557749805448429,0.03744517642420858,0.21874825922928592,-0.017191874586618368
2005-01-01,3,oil_cum,5,10898.885486336047,3.086955868039705e-05,99.99998173268247,-1.5153757613818796e-10,1312.0716269566576,-3063.187992375355,3586.8103954099615,1251.4463687522798,1052.0096255244887,0.8017928313584723,0.34781127278487134,0.9976075174580282,6.96736723573767e-05,-0.036660642570881925,0.059779381827687675,-0.14145017762798157,-0.03187836716129962,-0.0034585233435636548
2005-01-01,3,gas_cum,1,7113237.08941082,99.97862249070974,99.97862249070974,-1.496768423489162e-10,856333.1152100551,-1813834.3709491873,1225827.338494518,1403251.519693538,15163.814460042526,0.017707845452531863,0.9996818877486956,0.9999995100399088,0.0023796816204666492,0.1847852677610753,0.9762960823636472,0.06362003430776952,-0.18699439212883,0.9982651390878761
2005-01-01,3,gas_cum,2,100427.03541554626,0.019928465785211746,99.99855095649495,2.2763353107231004e-11,12089.994331375285,-25838.692977526283,39723.483668850866,17622.07335092147,2400.7951796099665,0.1985770310231642,0.9599956723484804,0.9998615542643963,0.0006195566412823075,-0.021901295931691808,0.14240189784810475,-0.3035426665588506,-0.23200392827528774,0.008983766775808852
2005-01-01,3,gas_cum,3,25895.296160811315,0.0013249953216163016,99.99987595181656,-1.444797297673566e-11,3117.4273192279124,-7800.170328599794,6158.552500263017,4632.097379110099,1452.004238231875,0.4657700369821999,0.7799141895033248,0.9996218887635926,0.00018127399617139358,-0.02477069254170955,-0.051882233951095875,-0.1262324634717939,-0.20337448289362423,-0.00821780340097844
2005-01-01,3,gas_cum,4,6411.569269078247,8.122715784256625e-05,99.99995717897441,-5.788933776784688e-11,771.8622360764889,-1802.7784337354824,2480.9543628798683,872.170441446805,652.003165198782,0.8447144242582899,0.2761163445228554,0.9989362924619531,0.00010650471555269972,-0.034390945951917995,-0.0090702426383911,0.1382865363632329,0.2727878411824431,-0.016318871701357922
2005-01-01,3,gas_cum,5,3536.0307852708047,2.4706126169043468e-05,99.99998188510058,1.3644937878000616e-10,425.68808262236485,-1247.2477134641244,1189.5814560570059,556.2540519078117,327.9807772450554,0.7704720659646482,0.3977694999208691,0.9965388468112275,6.927208636118494e-05,0.06001763200647023,0.03849197035325656,-0.0210584208591836,-0.003959483209200629,-0.009695648112897512
2005-01-01,3,water_cum,1,14154352.772324057,99.98933414359857,99.98933414359857,3.2263674906321933e-10,1703983.833373154,-2682376.041270296,3177459.41091788,2730924.5615620837,40553.16947154947,0.023799034167623443,0.9994253973635961,0.9999993594563212,0.0010771258803419918,-0.20753019794976868,-0.9872581154563149,0.10589945501803202,0.3150727214681922,0.9959507057964231
2005-01-01,3,water_cum,2,131309.04570719125,0.008605238976314392,99.99793938257487,-2.6494879940790787e-10,15807.751485338487,-39025.02401322452,37220.95010786975,24258.553889269046,6599.77338185915,0.41750234924700474,0.8231655823852536,0.9986113098085317,0.000473442541047927,-0.018229647786890457,-0.03201494211498669,-0.12486317710929631,-0.2102118222079591,0.01503092493034107
2005-01-01,3,water_cum,3,60412.07141078775,0.0018214661284521054,99.99976084870332,7.816457322665623e-11,7272.758753466093,-18821.00035741838,16402.566678925898,8350.91504019609,2861.828981645098,0.39349978161831517,0.8429138337342461,0.9985660622044283,0.0001612890800126916,-0.07154970317718624,-0.06559556646427418,0.24577786550672837,-0.03015984442552911,0.027833947318058043
2005-01-01,3,water_cum,4,18975.881788694096,0.0001797122070937214,99.99994056091042,5.488150886126927e-11,2284.427717186648,-5398.231908040965,7355.2951083129155,2647.456517410813,1927.7247687701715,0.8438545695376071,0.2775893121636941,0.996179102315773,8.040900148652184e-05,0.01831708668973049,0.023008663278187708,0.030858767504034396,0.07398737071737038,0.01011919787888527
2005-01-01,3,water_cum,5,8960.488349778137,4.007162961313244e-05,99.99998063254003,2.1231422968932227e-10,1078.7160340531395,-2983.2235807666616,2877.0289206097027,1376.0643751795085,948.3237451405628,0.8791226924645155,0.21594246827929675,0.9936597964114974,4.5899180137722436e-05,0.1497026097282737,-0.022291206399354124,0.15513847696577932,0.14706895087717228,-0.006551451045450643
