cutoff,window,kind,median_best_history_NRMSE,median_equivalent_p1_relative_range,p90_equivalent_p1_relative_range,median_jacobian_condition
2003-01-01,3y,Arps,0.02032053518673204,2.7155771013698616e-05,0.00010108762676629941,6371185845095124.0
2003-01-01,3y,Water,0.03208375698587922,3.10081334568594e-11,2.6520868095786855e-10,21711000.489903264
2003-01-01,5y,Arps,0.021997757569804363,3.302908603480081e-05,0.00011320216553700606,9664057167710724.0
2003-01-01,5y,Water,0.11485012125232347,2.187875294596789e-11,2.6649559233367556e-10,40956841.999576084
2003-01-01,all,Arps,0.021997757569804363,3.302908603480081e-05,0.00011320216553700606,9664057167710724.0
2003-01-01,all,Water,0.11485012125232347,2.187875294596789e-11,2.6649559233367556e-10,40956841.999576084
2008-01-01,3y,Arps,0.01681885924419546,1.5834539594525177e-07,3.7487980176995395e-07,26576.750253911232
2008-01-01,3y,Water,0.0017191630663834223,1.8823893611832236e-06,0.0005323991080993435,26175400.359445646
2008-01-01,5y,Arps,0.012409515053736372,1.8509230996042549e-06,1.528837386119252e-05,60646.37183137409
2008-01-01,5y,Water,0.01059020902833121,4.6824095732275094e-07,5.4909801002146016e-06,102561849.10299397
2008-01-01,all,Arps,0.08186645952525345,1.3752537027965859e-05,4.043774175987881e-05,3.181573351368317e+16
2008-01-01,all,Water,0.06953385079797053,1.328816833038952e-05,3.114441859796634e-05,2348030.202998639
