case_num,date,method,oil_cum,gas_cum,water_cum,oil_rate,gas_rate,water_rate
71,2028-01-01,Constant,84159867.29760623,30582054.295194883,60892880.33313081,6140.372788327705,2232.2070212068784,6734.20409036336
72,2028-01-01,Constant,85167302.04534996,30936132.04447031,60875335.99478453,6281.101097165772,2281.0427404636207,6734.039445982483
73,2028-01-01,Constant,81046726.96943106,29445434.66945292,63376718.95851803,5828.657901599061,2118.3097749696926,6964.751286205435
74,2028-01-01,Constant,83187893.60276175,30221067.852958806,61554962.66988144,6050.828800418551,2198.660360444778,6778.741898198378
75,2028-01-01,Constant,70615657.85392207,25643410.94196128,73250249.17503674,4787.684374440229,1738.2477297802511,7931.987494346385
76,2028-01-01,Constant,81237995.4170618,29512289.968228996,63535884.46223234,5835.015541422678,2120.0350357817947,6989.450702863162
77,2028-01-01,Constant,72988598.4077355,26504558.070385605,71040936.37658139,5019.806771857587,1822.3309107983587,7724.471252551492
78,2028-01-01,Constant,71862385.890389,26098319.841693312,71984969.06430832,4915.750059877653,1785.0003189343738,7806.725798295689
79,2028-01-01,Constant,77231258.78321087,28049540.54386068,68576680.860054,5459.114256505932,1982.3191603554137,7486.225888452744
80,2028-01-01,Constant,59433781.686386615,21587664.912804157,79210743.29450965,3720.550919675251,1351.4000690312444,8490.565179137886
81,2028-01-01,Constant,78205428.19716948,28408971.611802917,65434433.81641019,5545.182141349963,2014.7370863192468,7160.916264577997
82,2028-01-01,Constant,85036169.84069654,30897796.98573854,61062991.0166866,6290.424199835813,2285.327880376314,6769.397045621253
83,2028-01-01,Constant,61336841.03452015,22278124.969054013,78488581.65837507,3899.3658086877085,1416.2553945054433,8428.306546609296
84,2028-01-01,Constant,58998879.83148822,21429044.019612513,79919448.62041993,3679.3168283909267,1336.3533659235404,8555.151503826508
85,2028-01-01,Constant,57680394.35148643,20951909.601292714,84314914.78005503,3554.670688854717,1291.2926623679652,9004.050939995093
71,2028-01-01,Separate,58320825.06890675,21179078.5235736,87917432.63794938,784.6974670158004,284.85963206163547,12740.102256460155
72,2028-01-01,Separate,59217182.6818251,21514008.75489963,91531637.39698264,862.1233500249245,313.1712344772891,14124.305819468882
73,2028-01-01,Separate,55505268.58556935,20157353.23936612,91622354.66454203,626.3590224331307,227.43381374625974,13700.872222986254
74,2028-01-01,Separate,57165242.70167793,20762486.753265753,87814812.5183516,706.5353273905596,256.6193009924324,13045.450802171004
75,2028-01-01,Separate,47439015.8138386,17230082.855450135,100829121.56203198,296.7880662421715,107.78735501802983,14502.561368051478
76,2028-01-01,Separate,55178227.09753525,20042589.066478074,89008481.08489922,573.193925893318,208.20962927718276,12759.929437507371
77,2028-01-01,Separate,49070068.36311129,17824602.69376052,99482143.34476262,344.7663197387484,125.2448455667394,14572.297675756901
78,2028-01-01,Separate,48358426.35711065,17565176.22073685,100272000.26570256,330.32817875063256,119.99041819300267,14770.616029904411
79,2028-01-01,Separate,52220681.4314045,18969325.867899925,96714317.1863361,470.66115632819617,170.95924928955196,14496.05818252616
80,2028-01-01,Separate,40797690.093147285,14819740.655068439,114716012.77439621,180.21906128330912,65.48521035284199,16844.593123922834
81,2028-01-01,Separate,53259732.07680853,19342523.44370784,94093420.62346618,525.5075650947676,190.83526938418316,14170.036484620976
82,2028-01-01,Separate,60058287.351207554,21822896.82359244,100924665.19001924,994.5085106565789,361.29010232951896,16661.312611170863
83,2028-01-01,Separate,41935219.44443479,15232568.240089264,112677902.49558552,198.84056980722156,72.24415949214495,16571.00471237331
84,2028-01-01,Separate,40385190.67779052,14669702.213740539,113480268.0799918,164.60175436824852,59.80997495880465,16533.266073292176
85,2028-01-01,Separate,39499673.76817317,14346983.251711225,112886290.50884648,145.0529549996655,52.68392823929559,15412.861743128224
71,2028-01-01,Liquid-WC-time,54202294.087561436,19683975.927611105,74531874.5738793,227.6076589435946,82.62577197764429,8406.032154037079
72,2028-01-01,Liquid-WC-time,54752381.480335265,19892144.19929309,76526592.38534851,246.46422189657605,89.52953730299005,8930.509845015422
73,2028-01-01,Liquid-WC-time,51731735.16084209,18787166.06659917,73764005.7275518,173.81173659937355,63.111833170529806,7831.331331554407
74,2028-01-01,Liquid-WC-time,53077812.47519061,19277899.292578615,73560359.48195234,194.5657571153423,70.66784441254488,8042.307885767103
75,2028-01-01,Liquid-WC-time,45005451.32237301,16346262.00940968,79258567.00457108,79.30940012631437,28.80355189452472,7667.952438495306
76,2028-01-01,Liquid-WC-time,51402617.89035258,18671119.206433978,73667676.00682743,147.19989458007367,53.469574773305894,7709.433922221311
77,2028-01-01,Liquid-WC-time,46380565.82253114,16847574.744506203,78983536.83510086,90.57941217819308,32.90519937788692,7899.368124101226
78,2028-01-01,Liquid-WC-time,45748864.53636676,16617263.10186258,78880567.46360466,87.77521041776468,31.884001676276068,7758.200053892007
79,2028-01-01,Liquid-WC-time,48953761.469741404,17782675.60661193,78007584.9368512,125.45754976603384,45.570211684840594,8048.278504632057
80,2028-01-01,Liquid-WC-time,39233499.10864712,14251369.169152241,85905603.47362515,55.53227581672782,20.17845802400291,8630.607027833257
81,2028-01-01,Liquid-WC-time,49847219.056679666,18103287.541640714,74689373.12981358,143.70775386907755,52.186704328900944,7737.01876317492
82,2028-01-01,Liquid-WC-time,55642245.62628037,20218614.759040777,78608332.01620005,313.25466872394554,113.80074690738914,9504.316114467323
83,2028-01-01,Liquid-WC-time,40256373.88207116,14622598.218942825,85645356.00075711,60.46515353899879,21.96862642379037,8630.41430720979
84,2028-01-01,Liquid-WC-time,38855616.78783318,14113913.629304651,86336555.30475634,49.216493826486584,17.8833893637415,8614.092051374444
85,2028-01-01,Liquid-WC-time,38101732.59424965,13839244.319471508,90278825.18725224,45.31052828196336,16.45700096559243,8998.242187577844
71,2028-01-01,Liquid-WC-volume,55532745.00699925,20166954.11387754,73201423.65444134,428.33352757663505,155.49295899879056,8205.306285404038
72,2028-01-01,Liquid-WC-volume,55928118.20597262,20319237.28496055,75350855.65971123,427.4133976588201,155.26035963771932,8749.560669253178
73,2028-01-01,Liquid-WC-volume,53094054.37773163,19281830.3788229,72401686.51066239,366.12181284102456,132.94049771434112,7639.021255312757
74,2028-01-01,Liquid-WC-volume,54443503.388324924,19773929.19216565,72194668.56881827,392.1869270893184,142.44543929563127,7844.6867157931265
75,2028-01-01,Liquid-WC-volume,46029593.86193602,16718209.631491177,78234424.46500827,194.6965830447782,70.70981654741108,7552.565255576842
76,2028-01-01,Liquid-WC-volume,52793619.922920465,19176393.258445993,72276673.9742594,331.6157579121186,120.45765123862263,7525.018058889265
77,2028-01-01,Liquid-WC-volume,47430840.46670998,17229112.841709282,77933262.19092219,211.44938235681235,76.81418898031926,7778.498153922606
78,2028-01-01,Liquid-WC-volume,46788691.171705216,16994976.057791386,77840740.82826588,208.23907757398254,75.64202998585219,7637.7361867357895
79,2028-01-01,Liquid-WC-volume,50123340.76390967,18207504.372332685,76838005.64268327,274.2250308168418,99.60733911119868,7899.511023581249
80,2028-01-01,Liquid-WC-volume,39733457.903069094,14433036.450001147,85405644.679203,107.7669258746102,39.15867588991582,8578.372377775375
81,2028-01-01,Liquid-WC-volume,51123237.26540762,18566666.74828984,73413354.9210854,314.4051246790513,114.17454409638118,7566.321392364946
82,2028-01-01,Liquid-WC-volume,56655823.04487418,20586832.311086528,77594754.59760638,484.9459609863316,176.17363148895205,9332.624822204936
83,2028-01-01,Liquid-WC-volume,40812610.49543559,14824694.031936284,85089119.38739277,119.23475513936455,43.32121294787325,8571.644705609424
84,2028-01-01,Liquid-WC-volume,39339193.57790911,14289626.918729227,85852978.51468046,97.64337029471564,35.479862013832644,8565.665174906215
85,2028-01-01,Liquid-WC-volume,38519430.37045966,13990954.153080996,89861127.41104166,86.62999523534576,31.464429334514417,8956.922720624461
