case_num,origin,horizon_years,fit,oil_increment_NRMSE,complete_forecast
53,2003-01-01,3,Free-b Arps,,False
53,2003-01-01,3,Strict exponential,0.16217783380573148,True
66,2003-01-01,3,Free-b Arps,,False
66,2003-01-01,3,Strict exponential,0.1782253958341202,True
36,2003-01-01,3,Free-b Arps,,False
36,2003-01-01,3,Strict exponential,0.21714047640089104,True
70,2003-01-01,3,Free-b Arps,,False
70,2003-01-01,3,Strict exponential,0.2629160390391418,True
8,2003-01-01,3,Free-b Arps,,False
8,2003-01-01,3,Strict exponential,0.26795960894430204,True
61,2003-01-01,3,Free-b Arps,,False
61,2003-01-01,3,Strict exponential,0.3084694675196534,True
52,2003-01-01,3,Free-b Arps,,False
52,2003-01-01,3,Strict exponential,0.3174283730732707,True
32,2003-01-01,3,Free-b Arps,,False
32,2003-01-01,3,Strict exponential,0.3245143854458248,True
69,2003-01-01,3,Free-b Arps,,False
69,2003-01-01,3,Strict exponential,0.32020581870805825,True
40,2003-01-01,3,Free-b Arps,,False
40,2003-01-01,3,Strict exponential,0.3065437813530933,True
35,2003-01-01,3,Free-b Arps,,False
35,2003-01-01,3,Strict exponential,0.2915728531239437,True
12,2003-01-01,3,Free-b Arps,,False
12,2003-01-01,3,Strict exponential,0.28896216572812666,True
53,2003-01-01,5,Free-b Arps,,False
53,2003-01-01,5,Strict exponential,0.23578868873648792,True
66,2003-01-01,5,Free-b Arps,,False
66,2003-01-01,5,Strict exponential,0.25157336891882764,True
36,2003-01-01,5,Free-b Arps,,False
36,2003-01-01,5,Strict exponential,0.30195000969208124,True
70,2003-01-01,5,Free-b Arps,,False
70,2003-01-01,5,Strict exponential,0.3616368669078714,True
8,2003-01-01,5,Free-b Arps,,False
8,2003-01-01,5,Strict exponential,0.3671220044891884,True
61,2003-01-01,5,Free-b Arps,,False
61,2003-01-01,5,Strict exponential,0.41712181239426455,True
52,2003-01-01,5,Free-b Arps,,False
52,2003-01-01,5,Strict exponential,0.43010108804950886,True
32,2003-01-01,5,Free-b Arps,,False
32,2003-01-01,5,Strict exponential,0.44388148034530894,True
69,2003-01-01,5,Free-b Arps,,False
69,2003-01-01,5,Strict exponential,0.4434969594660291,True
40,2003-01-01,5,Free-b Arps,,False
40,2003-01-01,5,Strict exponential,0.43218291304076023,True
35,2003-01-01,5,Free-b Arps,,False
35,2003-01-01,5,Strict exponential,0.4209344176438867,True
12,2003-01-01,5,Free-b Arps,,False
12,2003-01-01,5,Strict exponential,0.42351546682026503,True
53,2004-01-01,3,Free-b Arps,0.019556770809091347,True
53,2004-01-01,3,Strict exponential,0.09103886087204312,True
66,2004-01-01,3,Free-b Arps,0.061026080443648656,True
66,2004-01-01,3,Strict exponential,0.07623391942412402,True
36,2004-01-01,3,Free-b Arps,,False
36,2004-01-01,3,Strict exponential,0.09137445822809707,True
70,2004-01-01,3,Free-b Arps,,False
70,2004-01-01,3,Strict exponential,0.11100720350184913,True
8,2004-01-01,3,Free-b Arps,,False
8,2004-01-01,3,Strict exponential,0.10356427140835718,True
61,2004-01-01,3,Free-b Arps,,False
61,2004-01-01,3,Strict exponential,0.12009797544151979,True
52,2004-01-01,3,Free-b Arps,,False
52,2004-01-01,3,Strict exponential,0.1267712405347059,True
32,2004-01-01,3,Free-b Arps,,False
32,2004-01-01,3,Strict exponential,0.1483802065341283,True
69,2004-01-01,3,Free-b Arps,,False
69,2004-01-01,3,Strict exponential,0.15960994471608445,True
40,2004-01-01,3,Free-b Arps,,False
40,2004-01-01,3,Strict exponential,0.18635441596829916,True
35,2004-01-01,3,Free-b Arps,,False
35,2004-01-01,3,Strict exponential,0.2058512783166339,True
12,2004-01-01,3,Free-b Arps,,False
12,2004-01-01,3,Strict exponential,0.20604568189300998,True
53,2005-01-01,3,Free-b Arps,0.05163806113964765,True
53,2005-01-01,3,Strict exponential,0.11338768497749323,True
66,2005-01-01,3,Free-b Arps,0.09082131499591735,True
66,2005-01-01,3,Strict exponential,0.08242292033953703,True
36,2005-01-01,3,Free-b Arps,0.08544001358772176,True
36,2005-01-01,3,Strict exponential,0.05831658999597401,True
70,2005-01-01,3,Free-b Arps,0.044497287132014424,True
70,2005-01-01,3,Strict exponential,0.027523459591556266,True
8,2005-01-01,3,Free-b Arps,0.04966970531435847,True
8,2005-01-01,3,Strict exponential,0.024219567200106554,True
61,2005-01-01,3,Free-b Arps,0.020269183093609134,True
61,2005-01-01,3,Strict exponential,0.024701680824456517,True
52,2005-01-01,3,Free-b Arps,0.034427187814942334,True
52,2005-01-01,3,Strict exponential,0.020483726508217684,True
32,2005-01-01,3,Free-b Arps,0.0881572110576887,True
32,2005-01-01,3,Strict exponential,0.02617283980834245,True
69,2005-01-01,3,Free-b Arps,0.10851086937222683,True
69,2005-01-01,3,Strict exponential,0.02098957031782807,True
40,2005-01-01,3,Free-b Arps,0.18968196065275747,True
40,2005-01-01,3,Strict exponential,0.020937903326355152,True
35,2005-01-01,3,Free-b Arps,,False
35,2005-01-01,3,Strict exponential,0.029312155548691862,True
12,2005-01-01,3,Free-b Arps,,False
12,2005-01-01,3,Strict exponential,0.044828453453097904,True
