method,case_num,variant,water_cum_2028,reduction_pct,max_rate,avg_rate,changed_fraction
Constant,75,Original,73250249.17503674,0.0,7931.987494349561,7923.702556473202,0.0
Constant,75,Hard cap 2x,73250249.17503674,0.0,7931.987494349561,7923.702556473202,0.0
Constant,75,log1p + cap 2x,73250234.78081468,1.965074826193458e-05,7931.9854990318245,7923.7005860115805,0.0
Constant,75,Hard cap 3x,73250249.17503674,0.0,7931.987494349561,7923.702556473202,0.0
Constant,75,log1p + cap 3x,73250234.78081468,1.965074826193458e-05,7931.9854990318245,7923.7005860115805,0.0
Constant,80,Original,79210743.29450965,0.0,8575.82518902769,8491.627281931505,0.0
Constant,80,Hard cap 2x,79210743.29450965,0.0,8575.82518902769,8491.627281931505,0.0
Constant,80,log1p + cap 2x,79070115.18716776,0.17753665916127037,8550.58721605967,8472.376343212558,1.0
Constant,80,Hard cap 3x,79210743.29450965,0.0,8575.82518902769,8491.627281931505,0.0
Constant,80,log1p + cap 3x,79070115.18716776,0.17753665916127037,8550.58721605967,8472.376343212558,1.0
Constant,83,Original,78488581.65837507,0.0,8871.738803787464,8433.830480270371,0.0
Constant,83,Hard cap 2x,78488581.65837507,0.0,8871.738803787464,8433.830480270371,0.0
Constant,83,log1p + cap 2x,78373794.85941732,0.14624649411727475,8819.477860634857,8418.117023876415,1.0
Constant,83,Hard cap 3x,78488581.65837507,0.0,8871.738803787464,8433.830480270371,0.0
Constant,83,log1p + cap 3x,78373794.85941732,0.14624649411727475,8819.477860634857,8418.117023876415,1.0
Constant,84,Original,79919448.62041993,0.0,8555.151503827507,8550.59392476659,0.0
Constant,84,Hard cap 2x,79919448.62041993,0.0,8555.151503827507,8550.59392476659,0.0
Constant,84,log1p + cap 2x,79748121.8292976,0.21437434076410078,8531.45611860281,8527.140565270036,1.0
Constant,84,Hard cap 3x,79919448.62041993,0.0,8555.151503827507,8550.59392476659,0.0
Constant,84,log1p + cap 3x,79748121.8292976,0.21437434076410078,8531.45611860281,8527.140565270036,1.0
Constant,85,Original,84314914.78005503,0.0,9004.050939995837,8996.617218351133,0.0
Constant,85,Hard cap 2x,84314914.78005503,0.0,9004.050939995837,8996.617218351133,0.0
Constant,85,log1p + cap 2x,83828619.28632006,0.5767609384454975,8936.817911794004,8930.046993336073,1.0
Constant,85,Hard cap 3x,84314914.78005503,0.0,9004.050939995837,8996.617218351133,0.0
Constant,85,log1p + cap 3x,83828619.28632006,0.5767609384454975,8936.817911794004,8930.046993336073,1.0
Liquid-WC-time,75,Original,79258567.00457108,0.0,9344.748618189826,8746.196441419723,0.0
Liquid-WC-time,75,Hard cap 2x,79258567.00457108,0.0,9344.748618189826,8746.196441419723,0.0
Liquid-WC-time,75,log1p + cap 2x,78868102.25931233,0.49264673841028506,9231.202678562908,8692.744730912025,0.9
Liquid-WC-time,75,Hard cap 3x,79258567.00457108,0.0,9344.748618189826,8746.196441419723,0.0
Liquid-WC-time,75,log1p + cap 3x,78868102.25931233,0.49264673841028506,9231.202678562908,8692.744730912025,0.9
Liquid-WC-time,80,Original,85905603.47362515,0.0,9874.809986754766,9408.103692488043,0.0
Liquid-WC-time,80,Hard cap 2x,85905603.47362515,0.0,9874.809986754766,9408.103692488043,0.0
Liquid-WC-time,80,log1p + cap 2x,84953856.49944252,1.1078985953167142,9668.520110711788,9277.816632367216,1.0
Liquid-WC-time,80,Hard cap 3x,85905603.47362515,0.0,9874.809986754766,9408.103692488043,0.0
Liquid-WC-time,80,log1p + cap 3x,84953856.49944252,1.1078985953167142,9668.520110711788,9277.816632367216,1.0
Liquid-WC-time,83,Original,85645356.00075711,0.0,9885.607642273297,9413.539493601247,0.0
Liquid-WC-time,83,Hard cap 2x,85645356.00075711,0.0,9885.607642273297,9413.539493601247,0.0
Liquid-WC-time,83,log1p + cap 2x,84686883.32606232,1.1191180928552869,9677.18249189382,9282.331735258356,1.0
Liquid-WC-time,83,Hard cap 3x,85645356.00075711,0.0,9885.607642273297,9413.539493601247,0.0
Liquid-WC-time,83,log1p + cap 3x,84686883.32606232,1.1191180928552869,9677.18249189382,9282.331735258356,1.0
Liquid-WC-time,84,Original,86336555.30475634,0.0,9916.752069850054,9429.047954107644,0.0
Liquid-WC-time,84,Hard cap 2x,86336555.30475634,0.0,9916.752069850054,9429.047954107644,0.0
Liquid-WC-time,84,log1p + cap 2x,85353990.52588993,1.1380634487883956,9702.11509733983,9294.542166446256,1.0
Liquid-WC-time,84,Hard cap 3x,86336555.30475634,0.0,9916.752069850054,9429.047954107644,0.0
Liquid-WC-time,84,log1p + cap 3x,85353990.52588993,1.1380634487883956,9702.11509733983,9294.542166446256,1.0
Liquid-WC-time,85,Original,90278825.18725224,0.0,10299.738668430473,9813.032058487644,0.0
Liquid-WC-time,85,Hard cap 2x,90278825.18725224,0.0,10299.738668430473,9813.032058487644,0.0
Liquid-WC-time,85,log1p + cap 2x,88805368.65894116,1.6321175261805876,10002.46926798806,9611.32685269557,1.0
Liquid-WC-time,85,Hard cap 3x,90278825.18725224,0.0,10299.738668430473,9813.032058487644,0.0
Liquid-WC-time,85,log1p + cap 3x,88805368.65894116,1.6321175261805876,10002.46926798806,9611.32685269557,1.0
Liquid-WC-volume,75,Original,78234424.46500827,0.0,9172.66982670347,8605.998968515849,0.0
Liquid-WC-volume,75,Hard cap 2x,78234424.46500827,0.0,9172.66982670347,8605.998968515849,0.0
Liquid-WC-volume,75,log1p + cap 2x,77940016.00206384,0.3763157522506111,9083.882136872642,8565.696646415308,0.8625
Liquid-WC-volume,75,Hard cap 3x,78234424.46500827,0.0,9172.66982670347,8605.998968515849,0.0
Liquid-WC-volume,75,log1p + cap 3x,77940016.00206384,0.3763157522506111,9083.882136872642,8565.696646415308,0.8625
Liquid-WC-volume,80,Original,85405644.679203,0.0,9784.266225480935,9339.663063545928,0.0
Liquid-WC-volume,80,Hard cap 2x,85405644.679203,0.0,9784.266225480935,9339.663063545928,0.0
Liquid-WC-volume,80,log1p + cap 2x,84534903.35179615,1.019536039658142,9595.506740641187,9220.465072114459,1.0
Liquid-WC-volume,80,Hard cap 3x,85405644.679203,0.0,9784.266225480935,9339.663063545928,0.0
Liquid-WC-volume,80,log1p + cap 3x,84534903.35179615,1.019536039658142,9595.506740641187,9220.465072114459,1.0
Liquid-WC-volume,83,Original,85089119.38739277,0.0,9784.504782432123,9337.394851114685,0.0
Liquid-WC-volume,83,Hard cap 2x,85089119.38739277,0.0,9784.504782432123,9337.394851114685,0.0
Liquid-WC-volume,83,log1p + cap 2x,84220876.78274198,1.0203920441318348,9595.699996390571,9218.538916186442,1.0
Liquid-WC-volume,83,Hard cap 3x,85089119.38739277,0.0,9784.504782432123,9337.394851114685,0.0
Liquid-WC-volume,83,log1p + cap 3x,84220876.78274198,1.0203920441318348,9595.699996390571,9218.538916186442,1.0
Liquid-WC-volume,84,Original,85852978.51468046,0.0,9828.63521824206,9362.84989934024,0.0
Liquid-WC-volume,84,Hard cap 2x,85852978.51468046,0.0,9828.63521824206,9362.84989934024,0.0
Liquid-WC-volume,84,log1p + cap 2x,84949966.49647929,1.0518121022985327,9631.369389433952,9239.234291099148,1.0
Liquid-WC-volume,84,Hard cap 3x,85852978.51468046,0.0,9828.63521824206,9362.84989934024,0.0
Liquid-WC-volume,84,log1p + cap 3x,84949966.49647929,1.0518121022985327,9631.369389433952,9239.234291099148,1.0
Liquid-WC-volume,85,Original,89861127.41104166,0.0,10223.904318939067,9755.85234921857,0.0
Liquid-WC-volume,85,Hard cap 2x,89861127.41104166,0.0,10223.904318939067,9755.85234921857,0.0
Liquid-WC-volume,85,log1p + cap 2x,88470163.30649199,1.5479041323253617,9943.893581203143,9565.439740792885,1.0
Liquid-WC-volume,85,Hard cap 3x,89861127.41104166,0.0,10223.904318939067,9755.85234921857,0.0
Liquid-WC-volume,85,log1p + cap 3x,88470163.30649199,1.5479041323253617,9943.893581203143,9565.439740792885,1.0
Separate,80,Original,114716012.77439621,0.0,16813.810145208045,13352.033781573746,0.0
Separate,80,Hard cap 2x,114023435.70369005,0.6037318190863172,15852.724,13257.225147664625,0.1875
Separate,80,log1p + cap 2x,104277302.7495888,9.09961022210254,13887.03707147592,11923.052258670612,1.0
Separate,80,Hard cap 3x,114716012.77439621,0.0,16813.810145208045,13352.033781573746,0.0
Separate,80,log1p + cap 3x,104277302.7495888,9.09961022210254,13887.03707147592,11923.052258670612,1.0
Separate,82,Original,100924665.19001924,0.0,16616.323127733947,12244.780724164166,0.0
Separate,82,Hard cap 2x,100597407.64235672,0.3242592353874585,15852.724,12199.981607441034,0.1125
Separate,82,log1p + cap 2x,92911103.49318643,7.940141968016445,13793.386723889695,11147.783914193898,0.925
Separate,82,Hard cap 3x,100924665.19001924,0.0,16616.323127733947,12244.780724164166,0.0
Separate,82,log1p + cap 3x,92911103.49318643,7.940141968016445,13793.386723889695,11147.783914193898,0.925
Separate,83,Original,112677902.49558552,0.0,16539.442884967702,13114.0934285538,0.0
Separate,83,Hard cap 2x,112316072.6475596,0.3211187287055606,15852.724,13064.56162184252,0.1375
Separate,83,log1p + cap 2x,102962364.31718731,8.622398858355428,13756.628005860117,11784.108736096821,1.0
Separate,83,Hard cap 3x,112677902.49558552,0.0,16539.442884967702,13114.0934285538,0.0
Separate,83,log1p + cap 3x,102962364.31718731,8.622398858355428,13756.628005860117,11784.108736096821,1.0
Separate,84,Original,113480268.0799918,0.0,16502.57836164842,13144.819723475948,0.0
Separate,84,Hard cap 2x,113146594.43295868,0.294036710239276,15852.724,13099.142290617207,0.1375
Separate,84,log1p + cap 2x,103699774.16782854,8.618673605237714,13738.941334948246,11805.943075678104,1.0
Separate,84,Hard cap 3x,113480268.0799918,0.0,16502.57836164842,13144.819723475948,0.0
Separate,84,log1p + cap 3x,103699774.16782854,8.618673605237714,13738.941334948246,11805.943075678104,1.0
Separate,85,Original,112886290.50884648,0.0,15393.84768374151,12907.825394777068,0.0
Separate,85,Hard cap 2x,112886290.50884648,0.0,15393.84768374151,12907.825394777068,0.0
Separate,85,log1p + cap 2x,104101127.14372177,7.782312028789928,13187.673126459473,11705.202073062526,1.0
Separate,85,Hard cap 3x,112886290.50884648,0.0,15393.84768374151,12907.825394777068,0.0
Separate,85,log1p + cap 3x,104101127.14372177,7.782312028789928,13187.673126459473,11705.202073062526,1.0
