model_id,oof_macro_NRMSE,oof_2003_3y,oof_2003_5y,oof_2004_3y,oof_2005_3y,oof_oil,oof_gas,oof_water,val_macro_NRMSE,val_2003_3y,val_2003_5y,val_2004_3y,val_2005_3y,val_oil,val_gas,val_water
GP_Matern52_1comp,0.004015178476919035,0.004152310277542331,0.003989958390246425,0.00411341814466672,0.003805027095220665,0.004265039126777377,0.003952022761560895,0.0038284735424188327,0.003207459254868231,0.003294703795416034,0.0030824717167187055,0.0029141542667821337,0.003538507240556051,0.0030490661807559684,0.003289508639687402,0.0032838029441613235
GP_Matern52_2comp,0.0030535627934105388,0.0029053519396565176,0.0026220971103405473,0.003389546299212338,0.0032972558244327515,0.003438304151338516,0.0030016939805744464,0.0027206902483186525,0.002139194444545691,0.00192752596477912,0.0013366857888579805,0.0019944156079660957,0.0032981504165795687,0.0019710129296475034,0.002072874868546325,0.002373695535443245
GP_Matern32_1comp,0.004017605298895547,0.004375090249176222,0.004157437274383345,0.00396450130998926,0.0035733923620333593,0.004123667111828582,0.0038603073802706647,0.004068841404587393,0.003238927136775554,0.003509485866952809,0.0033604568123594583,0.003029544744274054,0.0030562211235158946,0.003332041668210121,0.0033165798977369933,0.003068159844379548
GP_RBF_1comp,0.004386760175396414,0.004400159880073285,0.004586444480125016,0.004471015746859623,0.004089420594527735,0.004633443979842559,0.004313203362913053,0.0042136331834336325,0.00464442264111826,0.004922273210738438,0.004471656128076014,0.004231235146254844,0.004952526079403741,0.005229663832484278,0.0046737651558250454,0.004029838935045454
Linear_RidgeCV_1comp,0.007681451235646106,0.007665886353466513,0.007052021696885245,0.008031719408107757,0.007976177484124908,0.007345245276395964,0.0070232535553554805,0.008675854875186875,0.009026658325038548,0.009267811865264595,0.00901927296304971,0.009330613781797949,0.00848893469004194,0.00811077497843651,0.007729897201009409,0.011239302795669726
Linear_PLS_1comp,0.022991810106301486,0.02291723780575701,0.021926079191986508,0.021752671867496135,0.025371251559966293,0.02476594058441013,0.024507660833852616,0.01970182890064171,0.02079977077735436,0.022981522131340647,0.020784169972747114,0.019197713392125414,0.020235677613204262,0.017729753087922264,0.017774589973726617,0.026894969270414196
Tree_ExtraTrees_1comp,0.011715877404162718,0.010477895308748278,0.011385070862797886,0.012282474740474211,0.012718068704630497,0.012186173008149424,0.011879932417945816,0.011081526786392912,0.009817496436814708,0.00949866200129947,0.0098346766258462,0.009984218809670485,0.00995242831044268,0.01044200666980759,0.009880073714255855,0.009130408926380678
Tree_RandomForest_1comp,0.014358503920741032,0.01337606878849982,0.014210237717414307,0.014753014984163931,0.015094694192886069,0.015098737261453204,0.014664646101201943,0.013312128399567948,0.01192576883508215,0.011430074458620735,0.011992886726619021,0.011995291804701,0.012284822350387843,0.013302297165495155,0.012598658234613794,0.0098763511051375
Tree_HistGB_1comp,0.0151092409921091,0.013326467522912312,0.014401857727607598,0.015605580777587674,0.017103057940328816,0.01668710734236431,0.016440278720503874,0.012200336913459117,0.012350130325348556,0.012308233292808288,0.012458632232435554,0.011320459509421036,0.013313196266729346,0.014134600872646752,0.013859697661218556,0.00905609244218036
Hybrid_GP_Residual_1comp,0.004038199758537258,0.004170358348091727,0.004017492426473539,0.004159154673849774,0.0038057935857339956,0.004313437815238221,0.00399441658764677,0.0038067448727267857,0.003179643240853803,0.0032876640027894206,0.0031034626528932507,0.002923269958001063,0.0034041763497314765,0.002976731103611557,0.0032961366459239513,0.0032660619730258992
