model_id,split,origin,horizon_years,phase,lead_quarter,cases,increment_NRMSE,cumulative_RMSE
Strict_b0_Anas,train,2003-01-01,3,gas_cum,1,70,0.042398953967613694,16002.890940250083
Strict_b0_Anas,train,2003-01-01,3,gas_cum,2,70,0.0706112947125657,51678.37580553183
Strict_b0_Anas,train,2003-01-01,3,gas_cum,3,70,0.09542793492320138,101941.75778246323
Strict_b0_Anas,train,2003-01-01,3,gas_cum,4,70,0.1160609434494671,161113.47070615174
Strict_b0_Anas,train,2003-01-01,3,gas_cum,5,70,0.13436937627926981,227070.05368472132
Strict_b0_Anas,train,2003-01-01,3,gas_cum,6,70,0.1517166012299708,300019.64705475915
Strict_b0_Anas,train,2003-01-01,3,gas_cum,7,70,0.16888038202161923,380680.30287409713
Strict_b0_Anas,train,2003-01-01,3,gas_cum,8,70,0.1857748831808868,467656.9095300979
Strict_b0_Anas,train,2003-01-01,3,gas_cum,9,70,0.20276486141205302,559793.5847298119
Strict_b0_Anas,train,2003-01-01,3,gas_cum,10,70,0.2213455218294487,662021.8810309115
Strict_b0_Anas,train,2003-01-01,3,gas_cum,11,70,0.24071638096223466,772567.692132561
Strict_b0_Anas,train,2003-01-01,3,gas_cum,12,70,0.25957042148583104,887095.0390447173
Strict_b0_Anas,train,2003-01-01,3,oil_cum,1,70,0.04266346778009665,44314.21971943066
Strict_b0_Anas,train,2003-01-01,3,oil_cum,2,70,0.07085124691916271,142704.67710070766
Strict_b0_Anas,train,2003-01-01,3,oil_cum,3,70,0.09557127490640221,280992.7285041169
Strict_b0_Anas,train,2003-01-01,3,oil_cum,4,70,0.1161357205018827,443734.9485556419
Strict_b0_Anas,train,2003-01-01,3,oil_cum,5,70,0.134367578198086,625015.0608523883
Strict_b0_Anas,train,2003-01-01,3,oil_cum,6,70,0.15163243180862693,825415.3449309191
Strict_b0_Anas,train,2003-01-01,3,oil_cum,7,70,0.16874263469330836,1047095.1510880472
Strict_b0_Anas,train,2003-01-01,3,oil_cum,8,70,0.18559775172828918,1286185.12492241
Strict_b0_Anas,train,2003-01-01,3,oil_cum,9,70,0.2025506378942339,1539460.9571744646
Strict_b0_Anas,train,2003-01-01,3,oil_cum,10,70,0.22110408414478167,1820557.4264924263
Strict_b0_Anas,train,2003-01-01,3,oil_cum,11,70,0.24047732627981291,2124752.347628241
Strict_b0_Anas,train,2003-01-01,3,oil_cum,12,70,0.25934979161745675,2440042.915797233
Strict_b0_Anas,train,2003-01-01,3,water_cum,1,70,0.019098761612540916,9326.216806793462
Strict_b0_Anas,train,2003-01-01,3,water_cum,2,70,0.04569640948283723,45205.963165412984
Strict_b0_Anas,train,2003-01-01,3,water_cum,3,70,0.07601419405772172,114000.28446462523
Strict_b0_Anas,train,2003-01-01,3,water_cum,4,70,0.10156581608032919,205643.4324979463
Strict_b0_Anas,train,2003-01-01,3,water_cum,5,70,0.12391769261539881,317011.4389438207
Strict_b0_Anas,train,2003-01-01,3,water_cum,6,70,0.1445453255720102,448790.5850361536
Strict_b0_Anas,train,2003-01-01,3,water_cum,7,70,0.16388207987946965,601565.3758842556
Strict_b0_Anas,train,2003-01-01,3,water_cum,8,70,0.18170924978785288,772380.5986398396
Strict_b0_Anas,train,2003-01-01,3,water_cum,9,70,0.19792324891563073,956247.1678496043
Strict_b0_Anas,train,2003-01-01,3,water_cum,10,70,0.21348849292628275,1159444.7011812273
Strict_b0_Anas,train,2003-01-01,3,water_cum,11,70,0.22856474525539575,1382536.9394651854
Strict_b0_Anas,train,2003-01-01,3,water_cum,12,70,0.24313480605736382,1623559.2998072738
Strict_b0_Anas,train,2003-01-01,5,gas_cum,1,70,0.042398953967613694,16002.890940250083
Strict_b0_Anas,train,2003-01-01,5,gas_cum,2,70,0.0706112947125657,51678.37580553183
Strict_b0_Anas,train,2003-01-01,5,gas_cum,3,70,0.09542793492320138,101941.75778246323
Strict_b0_Anas,train,2003-01-01,5,gas_cum,4,70,0.1160609434494671,161113.47070615174
Strict_b0_Anas,train,2003-01-01,5,gas_cum,5,70,0.13436937627926981,227070.05368472132
Strict_b0_Anas,train,2003-01-01,5,gas_cum,6,70,0.1517166012299708,300019.64705475915
Strict_b0_Anas,train,2003-01-01,5,gas_cum,7,70,0.16888038202161923,380680.30287409713
Strict_b0_Anas,train,2003-01-01,5,gas_cum,8,70,0.1857748831808868,467656.9095300979
Strict_b0_Anas,train,2003-01-01,5,gas_cum,9,70,0.20276486141205302,559793.5847298119
Strict_b0_Anas,train,2003-01-01,5,gas_cum,10,70,0.2213455218294487,662021.8810309115
Strict_b0_Anas,train,2003-01-01,5,gas_cum,11,70,0.24071638096223466,772567.692132561
Strict_b0_Anas,train,2003-01-01,5,gas_cum,12,70,0.25957042148583104,887095.0390447173
Strict_b0_Anas,train,2003-01-01,5,gas_cum,13,70,0.2768800060689654,1000572.3282555179
Strict_b0_Anas,train,2003-01-01,5,gas_cum,14,70,0.29287147210488285,1114903.176548152
Strict_b0_Anas,train,2003-01-01,5,gas_cum,15,70,0.3075320026484991,1229356.378087647
Strict_b0_Anas,train,2003-01-01,5,gas_cum,16,70,0.3210035854786123,1342930.5896232186
Strict_b0_Anas,train,2003-01-01,5,gas_cum,17,70,0.3332385260199859,1453287.236234885
Strict_b0_Anas,train,2003-01-01,5,gas_cum,18,70,0.34479490301774374,1564099.2972294283
Strict_b0_Anas,train,2003-01-01,5,gas_cum,19,70,0.3557721942443719,1675388.38507193
Strict_b0_Anas,train,2003-01-01,5,gas_cum,20,70,0.3661576855736988,1786021.0049338476
Strict_b0_Anas,train,2003-01-01,5,oil_cum,1,70,0.04266346778009665,44314.21971943066
Strict_b0_Anas,train,2003-01-01,5,oil_cum,2,70,0.07085124691916271,142704.67710070766
Strict_b0_Anas,train,2003-01-01,5,oil_cum,3,70,0.09557127490640221,280992.7285041169
Strict_b0_Anas,train,2003-01-01,5,oil_cum,4,70,0.1161357205018827,443734.9485556419
Strict_b0_Anas,train,2003-01-01,5,oil_cum,5,70,0.134367578198086,625015.0608523883
Strict_b0_Anas,train,2003-01-01,5,oil_cum,6,70,0.15163243180862693,825415.3449309191
Strict_b0_Anas,train,2003-01-01,5,oil_cum,7,70,0.16874263469330836,1047095.1510880472
Strict_b0_Anas,train,2003-01-01,5,oil_cum,8,70,0.18559775172828918,1286185.12492241
Strict_b0_Anas,train,2003-01-01,5,oil_cum,9,70,0.2025506378942339,1539460.9571744646
Strict_b0_Anas,train,2003-01-01,5,oil_cum,10,70,0.22110408414478167,1820557.4264924263
Strict_b0_Anas,train,2003-01-01,5,oil_cum,11,70,0.24047732627981291,2124752.347628241
Strict_b0_Anas,train,2003-01-01,5,oil_cum,12,70,0.25934979161745675,2440042.915797233
Strict_b0_Anas,train,2003-01-01,5,oil_cum,13,70,0.2766728467322468,2752426.0197706847
Strict_b0_Anas,train,2003-01-01,5,oil_cum,14,70,0.29265683856133523,3066995.893648403
Strict_b0_Anas,train,2003-01-01,5,oil_cum,15,70,0.3072934917431152,3381757.285962074
Strict_b0_Anas,train,2003-01-01,5,oil_cum,16,70,0.32075608648291104,3694221.87352607
Strict_b0_Anas,train,2003-01-01,5,oil_cum,17,70,0.33299667437767344,3997963.1063514883
Strict_b0_Anas,train,2003-01-01,5,oil_cum,18,70,0.34456249415684087,4302997.946500948
Strict_b0_Anas,train,2003-01-01,5,oil_cum,19,70,0.35554757758403566,4609335.404180563
Strict_b0_Anas,train,2003-01-01,5,oil_cum,20,70,0.36593751016449694,4913839.24478587
Strict_b0_Anas,train,2003-01-01,5,water_cum,1,70,0.019098761612540916,9326.216806793462
Strict_b0_Anas,train,2003-01-01,5,water_cum,2,70,0.04569640948283723,45205.963165412984
Strict_b0_Anas,train,2003-01-01,5,water_cum,3,70,0.07601419405772172,114000.28446462523
Strict_b0_Anas,train,2003-01-01,5,water_cum,4,70,0.10156581608032919,205643.4324979463
Strict_b0_Anas,train,2003-01-01,5,water_cum,5,70,0.12391769261539881,317011.4389438207
Strict_b0_Anas,train,2003-01-01,5,water_cum,6,70,0.1445453255720102,448790.5850361536
Strict_b0_Anas,train,2003-01-01,5,water_cum,7,70,0.16388207987946965,601565.3758842556
Strict_b0_Anas,train,2003-01-01,5,water_cum,8,70,0.18170924978785288,772380.5986398396
Strict_b0_Anas,train,2003-01-01,5,water_cum,9,70,0.19792324891563073,956247.1678496043
Strict_b0_Anas,train,2003-01-01,5,water_cum,10,70,0.21348849292628275,1159444.7011812273
Strict_b0_Anas,train,2003-01-01,5,water_cum,11,70,0.22856474525539575,1382536.9394651854
Strict_b0_Anas,train,2003-01-01,5,water_cum,12,70,0.24313480605736382,1623559.2998072738
Strict_b0_Anas,train,2003-01-01,5,water_cum,13,70,0.2569557375260661,1876580.2151182983
Strict_b0_Anas,train,2003-01-01,5,water_cum,14,70,0.27033878717175447,2148422.749092616
Strict_b0_Anas,train,2003-01-01,5,water_cum,15,70,0.2833039267704365,2439235.1473599332
Strict_b0_Anas,train,2003-01-01,5,water_cum,16,70,0.2958028049911869,2746179.7628153414
Strict_b0_Anas,train,2003-01-01,5,water_cum,17,70,0.3077069623910216,3062529.8844099226
Strict_b0_Anas,train,2003-01-01,5,water_cum,18,70,0.3192707930989092,3397050.3328918135
Strict_b0_Anas,train,2003-01-01,5,water_cum,19,70,0.33055418512305706,3750289.904786958
Strict_b0_Anas,train,2003-01-01,5,water_cum,20,70,0.3414945509833085,4118753.5801577037
Strict_b0_Anas,train,2004-01-01,3,gas_cum,1,70,0.016981507892473085,5123.711584723191
Strict_b0_Anas,train,2004-01-01,3,gas_cum,2,70,0.020226374524612064,11920.168740154199
Strict_b0_Anas,train,2004-01-01,3,gas_cum,3,70,0.024014426034541184,20796.23988344968
Strict_b0_Anas,train,2004-01-01,3,gas_cum,4,70,0.027734993813641605,31318.16410795276
Strict_b0_Anas,train,2004-01-01,3,gas_cum,5,70,0.03227458934669824,44302.822183570475
Strict_b0_Anas,train,2004-01-01,3,gas_cum,6,70,0.03886065198468861,62286.327310440196
Strict_b0_Anas,train,2004-01-01,3,gas_cum,7,70,0.04603379031472602,83846.46134963834
Strict_b0_Anas,train,2004-01-01,3,gas_cum,8,70,0.05217129457946753,105885.11746833853
Strict_b0_Anas,train,2004-01-01,3,gas_cum,9,70,0.056464671261402276,125680.24426083504
Strict_b0_Anas,train,2004-01-01,3,gas_cum,10,70,0.05882027168028104,142283.4849246117
Strict_b0_Anas,train,2004-01-01,3,gas_cum,11,70,0.059430122250885,155095.99008963833
Strict_b0_Anas,train,2004-01-01,3,gas_cum,12,70,0.05880145561124615,164399.75089523557
Strict_b0_Anas,train,2004-01-01,3,oil_cum,1,70,0.016793029499694384,13950.41458369252
Strict_b0_Anas,train,2004-01-01,3,oil_cum,2,70,0.019952728322972985,32378.26557236776
Strict_b0_Anas,train,2004-01-01,3,oil_cum,3,70,0.02373398616884191,56594.41452015558
Strict_b0_Anas,train,2004-01-01,3,oil_cum,4,70,0.0274531096634938,85358.64637713169
Strict_b0_Anas,train,2004-01-01,3,oil_cum,5,70,0.031976474075960847,120862.3100661707
Strict_b0_Anas,train,2004-01-01,3,oil_cum,6,70,0.03855266952056384,170147.49866791145
Strict_b0_Anas,train,2004-01-01,3,oil_cum,7,70,0.045753560363326895,229459.91453156396
Strict_b0_Anas,train,2004-01-01,3,oil_cum,8,70,0.051929381748725856,290183.0411445092
Strict_b0_Anas,train,2004-01-01,3,oil_cum,9,70,0.0562435240316306,344672.0640574406
Strict_b0_Anas,train,2004-01-01,3,oil_cum,10,70,0.058591531914762386,390216.1285000698
Strict_b0_Anas,train,2004-01-01,3,oil_cum,11,70,0.05917669407020004,425201.8574507441
Strict_b0_Anas,train,2004-01-01,3,oil_cum,12,70,0.05854546226385014,450669.216226323
Strict_b0_Anas,train,2004-01-01,3,water_cum,1,70,0.00888579005518767,4745.021882336643
Strict_b0_Anas,train,2004-01-01,3,water_cum,2,70,0.014623783906311577,15810.472553161531
Strict_b0_Anas,train,2004-01-01,3,water_cum,3,70,0.02012683037465141,33160.45454906457
Strict_b0_Anas,train,2004-01-01,3,water_cum,4,70,0.025287952616536585,56341.758240768024
Strict_b0_Anas,train,2004-01-01,3,water_cum,5,70,0.030184534984808224,84795.27176570389
Strict_b0_Anas,train,2004-01-01,3,water_cum,6,70,0.03507551838145019,119579.1314954068
Strict_b0_Anas,train,2004-01-01,3,water_cum,7,70,0.03998315271287685,161027.6582411995
Strict_b0_Anas,train,2004-01-01,3,water_cum,8,70,0.04482948928415829,208750.40662207946
Strict_b0_Anas,train,2004-01-01,3,water_cum,9,70,0.04944572966804818,261189.05602730924
Strict_b0_Anas,train,2004-01-01,3,water_cum,10,70,0.05397855181170599,319910.4012305208
Strict_b0_Anas,train,2004-01-01,3,water_cum,11,70,0.05844374885524504,385125.3068304165
Strict_b0_Anas,train,2004-01-01,3,water_cum,12,70,0.06281897829554357,456302.0948905815
Strict_b0_Anas,train,2005-01-01,3,gas_cum,1,70,0.02468031269365156,6010.115714308493
Strict_b0_Anas,train,2005-01-01,3,gas_cum,2,70,0.03401995725876898,16115.124590995983
Strict_b0_Anas,train,2005-01-01,3,gas_cum,3,70,0.04161835052195781,28815.248462437943
Strict_b0_Anas,train,2005-01-01,3,gas_cum,4,70,0.04550157995538797,40979.368822315606
Strict_b0_Anas,train,2005-01-01,3,gas_cum,5,70,0.045874256588481294,50322.48645406958
Strict_b0_Anas,train,2005-01-01,3,gas_cum,6,70,0.04332839803006224,55902.305937552774
Strict_b0_Anas,train,2005-01-01,3,gas_cum,7,70,0.03893135591450319,57660.049543990855
Strict_b0_Anas,train,2005-01-01,3,gas_cum,8,70,0.03416819650675082,56968.451434495975
Strict_b0_Anas,train,2005-01-01,3,gas_cum,9,70,0.030196983389721464,55714.37452968252
Strict_b0_Anas,train,2005-01-01,3,gas_cum,10,70,0.02794909070573671,56468.9026636081
Strict_b0_Anas,train,2005-01-01,3,gas_cum,11,70,0.02828780363004113,62047.456333359536
Strict_b0_Anas,train,2005-01-01,3,gas_cum,12,70,0.031310294033850404,73960.52135734928
Strict_b0_Anas,train,2005-01-01,3,oil_cum,1,70,0.02443760593703799,16386.627628237162
Strict_b0_Anas,train,2005-01-01,3,oil_cum,2,70,0.033817873269408716,44109.94843341755
Strict_b0_Anas,train,2005-01-01,3,oil_cum,3,70,0.041512829769909075,79135.44999247765
Strict_b0_Anas,train,2005-01-01,3,oil_cum,4,70,0.0454777653058924,112759.34885513256
Strict_b0_Anas,train,2005-01-01,3,oil_cum,5,70,0.0458855385626222,138568.86481167583
Strict_b0_Anas,train,2005-01-01,3,oil_cum,6,70,0.04332910612751249,153900.3247859427
Strict_b0_Anas,train,2005-01-01,3,oil_cum,7,70,0.03890648108474063,158642.21028575636
Strict_b0_Anas,train,2005-01-01,3,oil_cum,8,70,0.03414175064924874,156719.99510859087
Strict_b0_Anas,train,2005-01-01,3,oil_cum,9,70,0.030184342033677865,153322.3189707184
Strict_b0_Anas,train,2005-01-01,3,oil_cum,10,70,0.027948313373143636,155456.526056303
Strict_b0_Anas,train,2005-01-01,3,oil_cum,11,70,0.028292656014973924,170845.53926005142
Strict_b0_Anas,train,2005-01-01,3,oil_cum,12,70,0.03131415952264724,203636.24048767504
Strict_b0_Anas,train,2005-01-01,3,water_cum,1,70,0.011022406013423027,6407.150471570486
Strict_b0_Anas,train,2005-01-01,3,water_cum,2,70,0.017088011375429254,20186.232251242207
Strict_b0_Anas,train,2005-01-01,3,water_cum,3,70,0.023433722006205214,42170.46511818634
Strict_b0_Anas,train,2005-01-01,3,water_cum,4,70,0.029770349843117834,72305.23723370745
Strict_b0_Anas,train,2005-01-01,3,water_cum,5,70,0.03593150027441443,109756.52498865104
Strict_b0_Anas,train,2005-01-01,3,water_cum,6,70,0.04230769162138104,156493.04809779374
Strict_b0_Anas,train,2005-01-01,3,water_cum,7,70,0.04878645228384783,212807.41807640117
Strict_b0_Anas,train,2005-01-01,3,water_cum,8,70,0.05519535025196697,277971.53082077275
Strict_b0_Anas,train,2005-01-01,3,water_cum,9,70,0.061273435928971116,349584.02155782183
Strict_b0_Anas,train,2005-01-01,3,water_cum,10,70,0.06738938110561515,430808.54926333285
Strict_b0_Anas,train,2005-01-01,3,water_cum,11,70,0.0734757811520768,521566.9441631909
Strict_b0_Anas,train,2005-01-01,3,water_cum,12,70,0.07942188340500825,620619.6416353977
Strict_b0_Anas,validation,2003-01-01,3,gas_cum,1,15,0.0411287952044127,15998.092012283225
Strict_b0_Anas,validation,2003-01-01,3,gas_cum,2,15,0.06930366240501085,52310.31089789123
Strict_b0_Anas,validation,2003-01-01,3,gas_cum,3,15,0.09462033502180998,104294.30815263286
Strict_b0_Anas,validation,2003-01-01,3,gas_cum,4,15,0.11615494523114961,166413.5795359299
Strict_b0_Anas,validation,2003-01-01,3,gas_cum,5,15,0.13567209295969468,236631.57725392052
Strict_b0_Anas,validation,2003-01-01,3,gas_cum,6,15,0.1545188095549936,315318.35185733705
Strict_b0_Anas,validation,2003-01-01,3,gas_cum,7,15,0.1733231227977385,403083.2613451557
Strict_b0_Anas,validation,2003-01-01,3,gas_cum,8,15,0.19193880016055073,498375.48763679777
Strict_b0_Anas,validation,2003-01-01,3,gas_cum,9,15,0.21049470244932325,599364.9028740926
Strict_b0_Anas,validation,2003-01-01,3,gas_cum,10,15,0.23051515689904734,711128.3896082101
Strict_b0_Anas,validation,2003-01-01,3,gas_cum,11,15,0.2512269115015233,831821.1242409336
Strict_b0_Anas,validation,2003-01-01,3,gas_cum,12,15,0.2713070274982661,956828.5145629263
Strict_b0_Anas,validation,2003-01-01,3,oil_cum,1,15,0.04174444068606942,44670.25797162583
Strict_b0_Anas,validation,2003-01-01,3,oil_cum,2,15,0.07015575507756373,145651.2855773643
Strict_b0_Anas,validation,2003-01-01,3,oil_cum,3,15,0.09535148119501184,289120.8747150273
Strict_b0_Anas,validation,2003-01-01,3,oil_cum,4,15,0.1166465892791793,459819.31039332156
Strict_b0_Anas,validation,2003-01-01,3,oil_cum,5,15,0.1359405014883314,652484.9365626099
Strict_b0_Anas,validation,2003-01-01,3,oil_cum,6,15,0.15455415145863327,868104.7244752418
Strict_b0_Anas,validation,2003-01-01,3,oil_cum,7,15,0.1731009592609737,1108290.5841522492
Strict_b0_Anas,validation,2003-01-01,3,oil_cum,8,15,0.19159410698189414,1369722.3151877094
Strict_b0_Anas,validation,2003-01-01,3,oil_cum,9,15,0.21010604279242093,1647237.5579014805
Strict_b0_Anas,validation,2003-01-01,3,oil_cum,10,15,0.2301127192610632,1954592.2624154354
Strict_b0_Anas,validation,2003-01-01,3,oil_cum,11,15,0.2508505906637598,2286830.1391460346
Strict_b0_Anas,validation,2003-01-01,3,oil_cum,12,15,0.2709585437894832,2630996.264584212
Strict_b0_Anas,validation,2003-01-01,3,water_cum,1,15,0.01633309262453838,7540.135481206373
Strict_b0_Anas,validation,2003-01-01,3,water_cum,2,15,0.041669984616137294,39013.24287133444
Strict_b0_Anas,validation,2003-01-01,3,water_cum,3,15,0.07101828392960313,100951.66217476543
Strict_b0_Anas,validation,2003-01-01,3,water_cum,4,15,0.09545384210042518,183573.74224175248
Strict_b0_Anas,validation,2003-01-01,3,water_cum,5,15,0.1165175123368577,283796.4859831571
Strict_b0_Anas,validation,2003-01-01,3,water_cum,6,15,0.13562840604284443,401931.16602831014
Strict_b0_Anas,validation,2003-01-01,3,water_cum,7,15,0.15347331053985105,538960.4698857055
Strict_b0_Anas,validation,2003-01-01,3,water_cum,8,15,0.17001828719335946,692757.3873074251
Strict_b0_Anas,validation,2003-01-01,3,water_cum,9,15,0.1852152481002915,859148.8894659322
Strict_b0_Anas,validation,2003-01-01,3,water_cum,10,15,0.19992342688650144,1043826.8352947766
Strict_b0_Anas,validation,2003-01-01,3,water_cum,11,15,0.2142998701005811,1247511.4687781716
Strict_b0_Anas,validation,2003-01-01,3,water_cum,12,15,0.22831245856921878,1468481.9843254988
Strict_b0_Anas,validation,2003-01-01,5,gas_cum,1,15,0.0411287952044127,15998.092012283225
Strict_b0_Anas,validation,2003-01-01,5,gas_cum,2,15,0.06930366240501085,52310.31089789123
Strict_b0_Anas,validation,2003-01-01,5,gas_cum,3,15,0.09462033502180998,104294.30815263286
Strict_b0_Anas,validation,2003-01-01,5,gas_cum,4,15,0.11615494523114961,166413.5795359299
Strict_b0_Anas,validation,2003-01-01,5,gas_cum,5,15,0.13567209295969468,236631.57725392052
Strict_b0_Anas,validation,2003-01-01,5,gas_cum,6,15,0.1545188095549936,315318.35185733705
Strict_b0_Anas,validation,2003-01-01,5,gas_cum,7,15,0.1733231227977385,403083.2613451557
Strict_b0_Anas,validation,2003-01-01,5,gas_cum,8,15,0.19193880016055073,498375.48763679777
Strict_b0_Anas,validation,2003-01-01,5,gas_cum,9,15,0.21049470244932325,599364.9028740926
Strict_b0_Anas,validation,2003-01-01,5,gas_cum,10,15,0.23051515689904734,711128.3896082101
Strict_b0_Anas,validation,2003-01-01,5,gas_cum,11,15,0.2512269115015233,831821.1242409336
Strict_b0_Anas,validation,2003-01-01,5,gas_cum,12,15,0.2713070274982661,956828.5145629263
Strict_b0_Anas,validation,2003-01-01,5,gas_cum,13,15,0.28975680353392536,1080903.5877469184
Strict_b0_Anas,validation,2003-01-01,5,gas_cum,14,15,0.3068434614859636,1206205.6324793722
Strict_b0_Anas,validation,2003-01-01,5,gas_cum,15,15,0.3226061396325402,1332119.2018348791
Strict_b0_Anas,validation,2003-01-01,5,gas_cum,16,15,0.3371485709549452,1457437.9057298258
Strict_b0_Anas,validation,2003-01-01,5,gas_cum,17,15,0.35038075240367567,1579468.5880986415
Strict_b0_Anas,validation,2003-01-01,5,gas_cum,18,15,0.3629064514103977,1702284.1492306415
Strict_b0_Anas,validation,2003-01-01,5,gas_cum,19,15,0.3748486642746749,1825966.4479572175
Strict_b0_Anas,validation,2003-01-01,5,gas_cum,20,15,0.386218094301063,1949356.6102115263
Strict_b0_Anas,validation,2003-01-01,5,oil_cum,1,15,0.04174444068606942,44670.25797162583
Strict_b0_Anas,validation,2003-01-01,5,oil_cum,2,15,0.07015575507756373,145651.2855773643
Strict_b0_Anas,validation,2003-01-01,5,oil_cum,3,15,0.09535148119501184,289120.8747150273
Strict_b0_Anas,validation,2003-01-01,5,oil_cum,4,15,0.1166465892791793,459819.31039332156
Strict_b0_Anas,validation,2003-01-01,5,oil_cum,5,15,0.1359405014883314,652484.9365626099
Strict_b0_Anas,validation,2003-01-01,5,oil_cum,6,15,0.15455415145863327,868104.7244752418
Strict_b0_Anas,validation,2003-01-01,5,oil_cum,7,15,0.1731009592609737,1108290.5841522492
Strict_b0_Anas,validation,2003-01-01,5,oil_cum,8,15,0.19159410698189414,1369722.3151877094
Strict_b0_Anas,validation,2003-01-01,5,oil_cum,9,15,0.21010604279242093,1647237.5579014805
Strict_b0_Anas,validation,2003-01-01,5,oil_cum,10,15,0.2301127192610632,1954592.2624154354
Strict_b0_Anas,validation,2003-01-01,5,oil_cum,11,15,0.2508505906637598,2286830.1391460346
Strict_b0_Anas,validation,2003-01-01,5,oil_cum,12,15,0.2709585437894832,2630996.264584212
Strict_b0_Anas,validation,2003-01-01,5,oil_cum,13,15,0.2894287284660404,2972568.058769013
Strict_b0_Anas,validation,2003-01-01,5,oil_cum,14,15,0.3065195788638347,3317396.532620824
Strict_b0_Anas,validation,2003-01-01,5,oil_cum,15,15,0.32225949520999253,3663671.4192244867
Strict_b0_Anas,validation,2003-01-01,5,oil_cum,16,15,0.33679575722208077,4008443.872510359
Strict_b0_Anas,validation,2003-01-01,5,oil_cum,17,15,0.3500466522570519,4344404.711380699
Strict_b0_Anas,validation,2003-01-01,5,oil_cum,18,15,0.3625917402515565,4682549.034688425
Strict_b0_Anas,validation,2003-01-01,5,oil_cum,19,15,0.37454108226803806,5022972.710752139
Strict_b0_Anas,validation,2003-01-01,5,oil_cum,20,15,0.38591302389977317,5362554.050264928
Strict_b0_Anas,validation,2003-01-01,5,water_cum,1,15,0.01633309262453838,7540.135481206373
Strict_b0_Anas,validation,2003-01-01,5,water_cum,2,15,0.041669984616137294,39013.24287133444
Strict_b0_Anas,validation,2003-01-01,5,water_cum,3,15,0.07101828392960313,100951.66217476543
Strict_b0_Anas,validation,2003-01-01,5,water_cum,4,15,0.09545384210042518,183573.74224175248
Strict_b0_Anas,validation,2003-01-01,5,water_cum,5,15,0.1165175123368577,283796.4859831571
Strict_b0_Anas,validation,2003-01-01,5,water_cum,6,15,0.13562840604284443,401931.16602831014
Strict_b0_Anas,validation,2003-01-01,5,water_cum,7,15,0.15347331053985105,538960.4698857055
Strict_b0_Anas,validation,2003-01-01,5,water_cum,8,15,0.17001828719335946,692757.3873074251
Strict_b0_Anas,validation,2003-01-01,5,water_cum,9,15,0.1852152481002915,859148.8894659322
Strict_b0_Anas,validation,2003-01-01,5,water_cum,10,15,0.19992342688650144,1043826.8352947766
Strict_b0_Anas,validation,2003-01-01,5,water_cum,11,15,0.2142998701005811,1247511.4687781716
Strict_b0_Anas,validation,2003-01-01,5,water_cum,12,15,0.22831245856921878,1468481.9843254988
Strict_b0_Anas,validation,2003-01-01,5,water_cum,13,15,0.2416446497825398,1700993.2564411997
Strict_b0_Anas,validation,2003-01-01,5,water_cum,14,15,0.2544950945575911,1950677.579054637
Strict_b0_Anas,validation,2003-01-01,5,water_cum,15,15,0.2668374141452458,2217319.913403222
Strict_b0_Anas,validation,2003-01-01,5,water_cum,16,15,0.27862213475863706,2498150.290447702
Strict_b0_Anas,validation,2003-01-01,5,water_cum,17,15,0.2898101486639406,2787475.1979404883
Strict_b0_Anas,validation,2003-01-01,5,water_cum,18,15,0.3007043232403165,3093820.328050092
Strict_b0_Anas,validation,2003-01-01,5,water_cum,19,15,0.3113778626517668,3417895.9597084695
Strict_b0_Anas,validation,2003-01-01,5,water_cum,20,15,0.32176237164382476,3756509.707632601
Strict_b0_Anas,validation,2004-01-01,3,gas_cum,1,15,0.019665078563163692,6125.033634084366
Strict_b0_Anas,validation,2004-01-01,3,gas_cum,2,15,0.024653378039718232,14988.765820253362
Strict_b0_Anas,validation,2004-01-01,3,gas_cum,3,15,0.02985028054998,26655.063800162945
Strict_b0_Anas,validation,2004-01-01,3,gas_cum,4,15,0.03486232791129951,40575.706541945954
Strict_b0_Anas,validation,2004-01-01,3,gas_cum,5,15,0.04034309207266435,57076.336643286486
Strict_b0_Anas,validation,2004-01-01,3,gas_cum,6,15,0.047639466611020295,78716.2146181619
Strict_b0_Anas,validation,2004-01-01,3,gas_cum,7,15,0.05534744107853226,103966.72006262088
Strict_b0_Anas,validation,2004-01-01,3,gas_cum,8,15,0.061851944079451826,129528.55935086169
Strict_b0_Anas,validation,2004-01-01,3,gas_cum,9,15,0.06641860749489635,152620.32358613375
Strict_b0_Anas,validation,2004-01-01,3,gas_cum,10,15,0.06899667689825893,172390.4136680173
Strict_b0_Anas,validation,2004-01-01,3,gas_cum,11,15,0.06984130704443095,188349.1336427629
Strict_b0_Anas,validation,2004-01-01,3,gas_cum,12,15,0.06942304071601398,200664.9920364826
Strict_b0_Anas,validation,2004-01-01,3,oil_cum,1,15,0.019156682246558764,16433.0110186792
Strict_b0_Anas,validation,2004-01-01,3,oil_cum,2,15,0.024006048117508685,40207.66804854154
Strict_b0_Anas,validation,2004-01-01,3,oil_cum,3,15,0.02900452704451808,71370.19744370157
Strict_b0_Anas,validation,2004-01-01,3,oil_cum,4,15,0.03399162920408463,109017.91561200896
Strict_b0_Anas,validation,2004-01-01,3,oil_cum,5,15,0.03950390777231389,153993.19867843328
Strict_b0_Anas,validation,2004-01-01,3,oil_cum,6,15,0.04683287851412937,213195.26320695088
Strict_b0_Anas,validation,2004-01-01,3,oil_cum,7,15,0.05462024170945136,282635.7733367135
Strict_b0_Anas,validation,2004-01-01,3,oil_cum,8,15,0.06120436361348616,353045.47662447946
Strict_b0_Anas,validation,2004-01-01,3,oil_cum,9,15,0.06583126049987668,416640.9513798021
Strict_b0_Anas,validation,2004-01-01,3,oil_cum,10,15,0.06843696511732565,470940.4479464401
Strict_b0_Anas,validation,2004-01-01,3,oil_cum,11,15,0.0692697091022387,514496.4736289185
Strict_b0_Anas,validation,2004-01-01,3,oil_cum,12,15,0.06886400321222529,548199.3987333954
Strict_b0_Anas,validation,2004-01-01,3,water_cum,1,15,0.012388648856676484,6356.920555876251
Strict_b0_Anas,validation,2004-01-01,3,water_cum,2,15,0.018593477081376195,19368.26315443227
Strict_b0_Anas,validation,2004-01-01,3,water_cum,3,15,0.02414911596193234,38413.97757842623
Strict_b0_Anas,validation,2004-01-01,3,water_cum,4,15,0.02930229641306513,63125.07804658385
Strict_b0_Anas,validation,2004-01-01,3,water_cum,5,15,0.034057843928873156,92602.35704492789
Strict_b0_Anas,validation,2004-01-01,3,water_cum,6,15,0.038606035800609874,127479.76452537147
Strict_b0_Anas,validation,2004-01-01,3,water_cum,7,15,0.04301659478455374,167886.3893010283
Strict_b0_Anas,validation,2004-01-01,3,water_cum,8,15,0.04723812777947946,213227.3519428936
Strict_b0_Anas,validation,2004-01-01,3,water_cum,9,15,0.051172128304199566,262085.6648478735
Strict_b0_Anas,validation,2004-01-01,3,water_cum,10,15,0.05516712233744106,317083.4382049272
Strict_b0_Anas,validation,2004-01-01,3,water_cum,11,15,0.05927994012499421,378962.96121472697
Strict_b0_Anas,validation,2004-01-01,3,water_cum,12,15,0.06344072661715636,447227.27919463546
Strict_b0_Anas,validation,2005-01-01,3,gas_cum,1,15,0.024133790727565236,6055.282916862319
Strict_b0_Anas,validation,2005-01-01,3,gas_cum,2,15,0.032695939294496525,15971.718793734353
Strict_b0_Anas,validation,2005-01-01,3,gas_cum,3,15,0.03942386544286319,28173.99084409374
Strict_b0_Anas,validation,2005-01-01,3,gas_cum,4,15,0.042501459512678405,39544.873326519046
Strict_b0_Anas,validation,2005-01-01,3,gas_cum,5,15,0.04221308652199231,47877.53175941811
Strict_b0_Anas,validation,2005-01-01,3,gas_cum,6,15,0.03922076964644697,52357.43074764531
Strict_b0_Anas,validation,2005-01-01,3,gas_cum,7,15,0.034731015795000056,53253.39305941919
Strict_b0_Anas,validation,2005-01-01,3,gas_cum,8,15,0.0302215629304661,52194.08955155592
Strict_b0_Anas,validation,2005-01-01,3,gas_cum,9,15,0.0269700482843759,51572.70123172125
Strict_b0_Anas,validation,2005-01-01,3,gas_cum,10,15,0.026031843033039927,54541.99220877662
Strict_b0_Anas,validation,2005-01-01,3,gas_cum,11,15,0.028129987412439772,64020.071076264365
Strict_b0_Anas,validation,2005-01-01,3,gas_cum,12,15,0.03278677510316628,80396.46201557117
Strict_b0_Anas,validation,2005-01-01,3,oil_cum,1,15,0.023887011219270195,16506.40651519126
Strict_b0_Anas,validation,2005-01-01,3,oil_cum,2,15,0.03259442045156985,43845.363109878504
Strict_b0_Anas,validation,2005-01-01,3,oil_cum,3,15,0.03947897594822852,77679.02231508183
Strict_b0_Anas,validation,2005-01-01,3,oil_cum,4,15,0.04262339307293908,109180.13395037843
Strict_b0_Anas,validation,2005-01-01,3,oil_cum,5,15,0.042349040732627886,132226.6679416716
Strict_b0_Anas,validation,2005-01-01,3,oil_cum,6,15,0.03931713563872855,144489.2448536317
Strict_b0_Anas,validation,2005-01-01,3,oil_cum,7,15,0.03475158780210043,146695.61641190917
Strict_b0_Anas,validation,2005-01-01,3,oil_cum,8,15,0.030196566896144417,143574.88608218307
Strict_b0_Anas,validation,2005-01-01,3,oil_cum,9,15,0.02689644151916043,141591.02835929533
Strict_b0_Anas,validation,2005-01-01,3,oil_cum,10,15,0.02588237485994917,149286.6836010255
Strict_b0_Anas,validation,2005-01-01,3,oil_cum,11,15,0.027911974250478137,174874.13653093387
Strict_b0_Anas,validation,2005-01-01,3,oil_cum,12,15,0.03252943984085318,219585.63042219277
Strict_b0_Anas,validation,2005-01-01,3,water_cum,1,15,0.00976902812850999,5517.544029035802
Strict_b0_Anas,validation,2005-01-01,3,water_cum,2,15,0.014962584649992403,17177.000020643973
Strict_b0_Anas,validation,2005-01-01,3,water_cum,3,15,0.020642741237279303,36101.17224836515
Strict_b0_Anas,validation,2005-01-01,3,water_cum,4,15,0.026532752842199324,62617.22230059737
Strict_b0_Anas,validation,2005-01-01,3,water_cum,5,15,0.032498539190256304,96450.37616371602
Strict_b0_Anas,validation,2005-01-01,3,water_cum,6,15,0.038891089480484906,139772.26289609002
Strict_b0_Anas,validation,2005-01-01,3,water_cum,7,15,0.04552271654834702,192974.3326409918
Strict_b0_Anas,validation,2005-01-01,3,water_cum,8,15,0.052208759496616214,255608.1327899738
Strict_b0_Anas,validation,2005-01-01,3,water_cum,9,15,0.05862798366088349,325290.7563079168
Strict_b0_Anas,validation,2005-01-01,3,water_cum,10,15,0.06501071169790942,404300.2624112135
Strict_b0_Anas,validation,2005-01-01,3,water_cum,11,15,0.07128271284115857,492375.9210837602
Strict_b0_Anas,validation,2005-01-01,3,water_cum,12,15,0.07735418314900457,588337.3971077338
