model_id,split,origin,horizon_years,phase,cases,cumulative_RMSE,increment_NRMSE,bias
Strict_b0_Anas,train,2003-01-01,3,gas_cum,70,472573.6072372786,0.2105037855904844,0.15571026361923812
Strict_b0_Anas,train,2003-01-01,3,oil_cum,70,1299793.9610256944,0.2103190925115943,0.15562767394031998
Strict_b0_Anas,train,2003-01-01,3,water_cum,70,822792.5835208806,0.20715529831669527,0.1274318679903586
Strict_b0_Anas,train,2003-01-01,5,gas_cum,70,969383.5978244392,0.30126220453623637,0.2244032274765873
Strict_b0_Anas,train,2003-01-01,5,oil_cum,70,2666746.4428640236,0.3010479780685889,0.22428609393618204
Strict_b0_Anas,train,2003-01-01,5,water_cum,70,2021142.527303324,0.2928614372315234,0.1890880416890331
Strict_b0_Anas,train,2004-01-01,3,gas_cum,70,96948.45097654925,0.05324325614134224,0.038518083682995766
Strict_b0_Anas,train,2004-01-01,3,oil_cum,70,265693.23353787547,0.05299641336699147,0.03835168816668374
Strict_b0_Anas,train,2004-01-01,3,water_cum,70,227786.0899132833,0.052515845089422634,-0.0016169455472540817
Strict_b0_Anas,train,2005-01-01,3,gas_cum,70,50535.322814000385,0.03350898567104602,0.0175583490906728
Strict_b0_Anas,train,2005-01-01,3,oil_cum,70,139085.35420268538,0.033499280379132426,0.017546424105247805
Strict_b0_Anas,train,2005-01-01,3,water_cum,70,307076.6028343444,0.06557552675810936,-0.03217324403251147
Strict_b0_Anas,validation,2003-01-01,3,gas_cum,15,506641.4380247153,0.21874938229856616,0.16185077938793033
Strict_b0_Anas,validation,2003-01-01,3,oil_cum,15,1393065.5633680555,0.21847628949068576,0.16175238324651892
Strict_b0_Anas,validation,2003-01-01,3,water_cum,15,741529.1192597832,0.19445988987300986,0.111759769990305
Strict_b0_Anas,validation,2003-01-01,5,gas_cum,15,1051874.873257807,0.3164307594305129,0.23571399385918995
Strict_b0_Anas,validation,2003-01-01,5,oil_cum,15,2893149.9242639667,0.3161252926914084,0.23553848476247244
Strict_b0_Anas,validation,2003-01-01,5,water_cum,15,1838331.9741108294,0.27598266658924286,0.1675308375038019
Strict_b0_Anas,validation,2004-01-01,3,gas_cum,15,118466.93976628689,0.06301274577186818,0.046690862798403884
Strict_b0_Anas,validation,2004-01-01,3,oil_cum,15,323156.22072036547,0.06240395355826299,0.04608970732482854
Strict_b0_Anas,validation,2004-01-01,3,water_cum,15,226791.01010296398,0.05392481923293068,-0.009087087797308711
Strict_b0_Anas,validation,2005-01-01,3,gas_cum,15,49530.94277731685,0.03168783482909733,0.01391513153718369
Strict_b0_Anas,validation,2005-01-01,3,oil_cum,15,135946.35608351495,0.031592541542703495,0.01410721607981815
Strict_b0_Anas,validation,2005-01-01,3,water_cum,15,287925.1919271937,0.06321432224291551,-0.018504446403099322
