case_num,origin,horizon_years,D_oil,gor,water_ratio,water_k,q_oil,q_water
1,2003-01-01,3,0.11319774015841648,0.36329999730068047,4.999999999999999,0.07726438080170767,11523.5107421875,5477.38427734375
2,2003-01-01,3,0.06112119957324385,0.36330000047532096,4.999999999982635,0.07658128741066278,13146.484375,4258.60888671875
3,2003-01-01,3,0.16920236441250042,0.36325753090821306,4.999999999948731,0.07147050709898034,9658.2119140625,6711.96484375
4,2003-01-01,3,0.046792959415081804,0.3633000036587592,4.999999999991991,0.0780583184785196,13762.0927734375,3643.00024414063
5,2003-01-01,3,0.1403968638371824,0.36329997828032023,4.999999999999999,0.07445718352692124,10560.025390625,6375.7158203125
6,2003-01-01,3,0.04979922205747197,0.36329999289468523,4.9999999999999725,0.07804657340315234,13646.0849609375,3759.00830078125
7,2003-01-01,3,0.06400381946470848,0.3632999960535254,4.999999999995175,0.07664682164202355,13043.6943359375,4361.39892578125
8,2003-01-01,3,0.11182941131555527,0.3633000004953979,4.999999999998087,0.07680533969612367,11434.7109375,5970.38232421875
9,2003-01-01,3,0.14922651307357623,0.3632999789194187,4.999999999996895,0.07232826009207964,10170.8427734375,6723.50927734375
10,2003-01-01,3,0.06254004994829117,0.363299987680338,4.999999995181479,0.07711985882578962,13121.890625,4283.2021484375
11,2003-01-01,3,0.048608864528157644,0.36330000506317817,4.999999999999999,0.07788723562921665,13684.056640625,3721.03686523438
12,2003-01-01,3,0.0434658225519767,0.36329999688580716,4.999999999980988,0.08048313944552207,13999.3076171875,3405.78515625
13,2003-01-01,3,0.15576805184109546,0.3632997574552781,4.999999999999999,0.0737709614981538,10238.033203125,5951.03857421875
14,2003-01-01,3,0.08944596436541094,0.3633000114006574,4.999999999999999,0.07757380791963532,12207.595703125,5197.4970703125
15,2003-01-01,3,0.15330722916720887,0.3632999939763004,4.999999999999999,0.07216682342474426,10051.087890625,6801.0048828125
16,2003-01-01,3,0.09006444423192293,0.36329998964269866,4.999999999970809,0.07768662148405142,12243.0693359375,4972.908203125
17,2003-01-01,3,0.04156750414453351,0.36329998858351586,4.999999999999966,0.0797873779602614,14042.2568359375,3362.83642578125
18,2003-01-01,3,0.12179299932602163,0.36329998938799357,4.999999999999999,0.0761008026006811,11152.88671875,6021.44384765625
19,2003-01-01,3,0.056714461474076626,0.36329999829995857,4.999999999995701,0.07656097421946692,13310.7509765625,4094.341796875
20,2003-01-01,3,0.048186794401400376,0.36330000434206605,4.9999985474055535,0.07804599693866661,13707.859375,3697.23315429688
21,2003-01-01,3,0.08336927141697047,0.363299993487991,4.999999999999999,0.07741191817212537,12402.755859375,5002.33740234375
22,2003-01-01,3,0.11574788345219494,0.3632999945736853,4.999999999999999,0.07717055287965834,11406.37890625,5738.19580078125
23,2003-01-01,3,0.1692993481917854,0.363297070620545,3.6391618778619748,0.10073338022062922,9463.7509765625,7062.56396484375
24,2003-01-01,3,0.05383865411697489,0.36330000345105046,4.999999999998634,0.0770047322880001,13441.3330078125,3963.759765625
25,2003-01-01,3,0.13270575714606841,0.36329999958210923,4.999999999993321,0.07354533911293251,10597.916015625,6723.134765625
26,2003-01-01,3,0.051938029879721515,0.36329999044383715,4.999999999999999,0.07794721137238833,13600.9697265625,3686.03442382813
27,2003-01-01,3,0.07203328417162475,0.3632999936605065,4.999999999936294,0.07694308697384594,12769.5888671875,4635.50439453125
28,2003-01-01,3,0.15529614628962676,0.3632503550191073,4.999999999918262,0.07310585848839643,10132.4208984375,6406.61865234375
29,2003-01-01,3,0.1322371997202098,0.3632999984675889,4.9999999999999245,0.07564056201941483,10848.3486328125,6169.443359375
30,2003-01-01,3,0.11383445966269012,0.36329999501292176,4.999999999999359,0.07666564774633872,11362.8056640625,6042.28759765625
31,2003-01-01,3,0.041262223440780725,0.3632999974783771,4.999999999999917,0.0792831993825608,14031.8466796875,3373.24584960938
32,2003-01-01,3,0.05936926539675736,0.36330000819228264,4.999999999999999,0.07650162193421112,13207.93359375,4197.1591796875
33,2003-01-01,3,0.1801024207536553,0.3632578235771887,3.235550874762557,0.11649461636387287,9248.51171875,6804.44873046875
34,2003-01-01,3,0.09538626436634642,0.36329999786462275,4.999999999999999,0.07757712736930904,12010.484375,5394.6083984375
35,2003-01-01,3,0.04265339734270475,0.36329999396255735,4.999999999999976,0.07914227861119899,13971.5419921875,3433.55151367188
36,2003-01-01,3,0.14884689966172135,0.3632999852533591,4.999999999999998,0.0729941925921307,10220.84375,6683.27001953125
37,2003-01-01,3,0.04527349001828821,0.3632999993944746,4.9999999551562455,0.07912769614297986,13869.669921875,3535.4228515625
38,2003-01-01,3,0.07095890352059524,0.3632999975232921,4.999999999999999,0.07684415886073713,12802.6865234375,4602.40625
39,2003-01-01,3,0.11901948129531939,0.363300001285192,4.999999999999999,0.07591705729973966,11160.8896484375,6216.1962890625
40,2003-01-01,3,0.04893766358707298,0.3632999986535401,4.999999872796953,0.07793571832147818,13673.8056640625,3731.28784179688
41,2003-01-01,3,0.18661564549484638,0.36326664001339376,2.904698542197465,0.13306794246296821,9093.9228515625,6706.416015625
42,2003-01-01,3,0.04074407830458027,0.36329999751512226,4.9999999999999085,0.07943136011719973,14058.1865234375,3346.90698242188
43,2003-01-01,3,0.10518798240698028,0.3632999916908025,4.999999999999935,0.07738555113711042,11681.23828125,5723.85498046875
44,2003-01-01,3,0.08730702663498151,0.3632999940531275,4.999999999999999,0.07764645929289639,12283.7138671875,5121.37890625
45,2003-01-01,3,0.06962455447024289,0.36330000425151215,4.999999981904654,0.0766737497358373,12954.98046875,4109.89892578125
46,2003-01-01,3,0.14501112531953606,0.36329998711022515,4.999999999999999,0.07470872076181512,10508.8017578125,6103.71044921875
47,2003-01-01,3,0.05491237691482964,0.3633000015356677,4.999999999999999,0.07670755937012182,13386.0146484375,4019.07836914063
48,2003-01-01,3,0.06387589379078397,0.3632999949709123,4.999999999999999,0.07712715816660286,13186.22265625,3882.4384765625
49,2003-01-01,3,0.14847911549009618,0.3632999883343394,4.999999999859697,0.07275502203005893,10232.0439453125,6624.439453125
50,2003-01-01,3,0.048115598977488204,0.3632999978620881,4.999999999994887,0.0779399196215242,13705.5068359375,3699.58642578125
51,2003-01-01,3,0.04611504170516695,0.3633000004581722,4.999999999677899,0.0782625119470351,13798.0361328125,3607.05688476563
52,2003-01-01,3,0.07776026858173908,0.36330000211921093,4.999999999994338,0.07729439789154358,12588.0869140625,4817.00634765625
53,2003-01-01,3,0.17166132191926328,0.3632164074899161,3.0644227195543663,0.12395995117277983,9420.478515625,6923.7451171875
54,2003-01-01,3,0.13323761520350236,0.36329999621398873,4.999999999992808,0.07351578367457272,10573.646484375,6766.55322265625
55,2003-01-01,3,0.11334736630476477,0.36329999757725495,4.999999999999013,0.07670830785840536,11380.8291015625,6024.26416015625
56,2003-01-01,3,0.08658760537320011,0.3633000007143838,4.999999999999999,0.0775812047959199,12302.998046875,5102.09521484375
57,2003-01-01,3,0.04297411421462912,0.36329999944883823,4.999999999999999,0.08018994903857256,14004.748046875,3400.34497070313
58,2003-01-01,3,0.12338307782236921,0.3632999942482701,4.999999999999999,0.07699968127101259,11192.3359375,5792.591796875
59,2003-01-01,3,0.045409205753705696,0.36329999743649943,4.999999999949745,0.07973108130104464,13891.7919921875,3513.30126953125
60,2003-01-01,3,0.1076335319128787,0.36329999190059553,4.999999999999999,0.07738011766614221,11691.470703125,5386.01171875
61,2003-01-01,3,0.10486608470019007,0.3632999889795061,4.999999999999999,0.07761461836329116,11754.2216796875,5483.080078125
62,2003-01-01,3,0.08460271255184218,0.3632999971661388,4.999999999999999,0.07746826146594346,12363.705078125,5041.38818359375
63,2003-01-01,3,0.11305578743720178,0.3632999885701101,4.999999999999021,0.07662144608008714,11384.4453125,6020.64794921875
64,2003-01-01,3,0.06396822794756636,0.36329999378801153,4.999999999999999,0.07647316167199086,13036.6611328125,4368.431640625
65,2003-01-01,3,0.05643106601603864,0.36329999079079084,4.999999948111676,0.07711684404693733,13348.583984375,4056.50903320313
66,2003-01-01,3,0.16690202119003553,0.3632556309253146,4.999999999999999,0.07116632905123939,9721.671875,6623.3115234375
67,2003-01-01,3,0.1611216729323251,0.3632999845194787,4.999999999999999,0.07199328251258667,9975.2060546875,6275.86572265625
68,2003-01-01,3,0.16236260716761752,0.36329999316627587,4.784139733813851,0.07333094663159928,9644.435546875,7116.77783203125
69,2003-01-01,3,0.056527033052692174,0.36330000345414715,4.999999999991146,0.07679469446136267,13329.1220703125,4075.97119140625
70,2003-01-01,3,0.1221122777402154,0.3632999904456532,4.999999999999999,0.07583233727562341,11070.24609375,6274.341796875
71,2003-01-01,3,0.044563042114967054,0.3632999955577837,4.999999999943053,0.08008567070128851,13939.923828125,3465.16943359375
72,2003-01-01,3,0.043458071466342646,0.3633000031074759,4.999999999931376,0.07947051894391718,13954.6552734375,3450.43798828125
73,2003-01-01,3,0.04996427206552996,0.36329999596121676,4.9999999890228635,0.07803442165953486,13639.30859375,3765.78466796875
74,2003-01-01,3,0.045146203497943536,0.3632999910793055,4.9999972653917855,0.07819186888921903,13832.5224609375,3572.57055664063
75,2003-01-01,3,0.10154679962668414,0.36330000701821713,4.999999999988761,0.07745712938365744,11803.7314453125,5601.36181640625
76,2003-01-01,3,0.0498160474073723,0.36329999651402717,4.999999999999999,0.07851457291574462,13667.45703125,3737.63623046875
77,2003-01-01,3,0.08542089973718625,0.36330000463785417,4.999999999999999,0.07760183188395524,12343.013671875,5062.07958984375
78,2003-01-01,3,0.09552410163936752,0.36329999677495484,4.999999999999707,0.07753494467443504,12004.1923828125,5400.90087890625
79,2003-01-01,3,0.06490291215848619,0.36330000332298357,4.999999999999961,0.0766147772383302,13008.8515625,4396.2412109375
80,2003-01-01,3,0.15980498487108716,0.3632999838354007,4.999999999999999,0.0725974627534082,10007.6298828125,6388.576171875
81,2003-01-01,3,0.06126937322985613,0.363299984216422,4.999999932590837,0.0770154506595306,13212.4462890625,4051.99047851563
82,2003-01-01,3,0.041773200629649336,0.3632999964362537,4.999999864883608,0.0797489369266393,14031.7373046875,3373.35620117188
83,2003-01-01,3,0.15055763365203825,0.3632999882507761,4.999999999999999,0.07378513291496051,10296.1728515625,6311.45556640625
84,2003-01-01,3,0.16037095375663554,0.3632049556640649,4.999999999999999,0.07171836242374909,9936.982421875,6475.59423828125
85,2003-01-01,3,0.1549732720218466,0.36329999153596726,4.999999999999999,0.07093574971108071,9908.60546875,6972.09765625
1,2003-01-01,5,0.11319774015841648,0.36329999730068047,4.999999999999999,0.07726438080170767,11523.5107421875,5477.38427734375
2,2003-01-01,5,0.06112119957324385,0.36330000047532096,4.999999999982635,0.07658128741066278,13146.484375,4258.60888671875
3,2003-01-01,5,0.16920236441250042,0.36325753090821306,4.999999999948731,0.07147050709898034,9658.2119140625,6711.96484375
4,2003-01-01,5,0.046792959415081804,0.3633000036587592,4.999999999991991,0.0780583184785196,13762.0927734375,3643.00024414063
5,2003-01-01,5,0.1403968638371824,0.36329997828032023,4.999999999999999,0.07445718352692124,10560.025390625,6375.7158203125
6,2003-01-01,5,0.04979922205747197,0.36329999289468523,4.9999999999999725,0.07804657340315234,13646.0849609375,3759.00830078125
7,2003-01-01,5,0.06400381946470848,0.3632999960535254,4.999999999995175,0.07664682164202355,13043.6943359375,4361.39892578125
8,2003-01-01,5,0.11182941131555527,0.3633000004953979,4.999999999998087,0.07680533969612367,11434.7109375,5970.38232421875
9,2003-01-01,5,0.14922651307357623,0.3632999789194187,4.999999999996895,0.07232826009207964,10170.8427734375,6723.50927734375
10,2003-01-01,5,0.06254004994829117,0.363299987680338,4.999999995181479,0.07711985882578962,13121.890625,4283.2021484375
11,2003-01-01,5,0.048608864528157644,0.36330000506317817,4.999999999999999,0.07788723562921665,13684.056640625,3721.03686523438
12,2003-01-01,5,0.0434658225519767,0.36329999688580716,4.999999999980988,0.08048313944552207,13999.3076171875,3405.78515625
13,2003-01-01,5,0.15576805184109546,0.3632997574552781,4.999999999999999,0.0737709614981538,10238.033203125,5951.03857421875
14,2003-01-01,5,0.08944596436541094,0.3633000114006574,4.999999999999999,0.07757380791963532,12207.595703125,5197.4970703125
15,2003-01-01,5,0.15330722916720887,0.3632999939763004,4.999999999999999,0.07216682342474426,10051.087890625,6801.0048828125
16,2003-01-01,5,0.09006444423192293,0.36329998964269866,4.999999999970809,0.07768662148405142,12243.0693359375,4972.908203125
17,2003-01-01,5,0.04156750414453351,0.36329998858351586,4.999999999999966,0.0797873779602614,14042.2568359375,3362.83642578125
18,2003-01-01,5,0.12179299932602163,0.36329998938799357,4.999999999999999,0.0761008026006811,11152.88671875,6021.44384765625
19,2003-01-01,5,0.056714461474076626,0.36329999829995857,4.999999999995701,0.07656097421946692,13310.7509765625,4094.341796875
20,2003-01-01,5,0.048186794401400376,0.36330000434206605,4.9999985474055535,0.07804599693866661,13707.859375,3697.23315429688
21,2003-01-01,5,0.08336927141697047,0.363299993487991,4.999999999999999,0.07741191817212537,12402.755859375,5002.33740234375
22,2003-01-01,5,0.11574788345219494,0.3632999945736853,4.999999999999999,0.07717055287965834,11406.37890625,5738.19580078125
23,2003-01-01,5,0.1692993481917854,0.363297070620545,3.6391618778619748,0.10073338022062922,9463.7509765625,7062.56396484375
24,2003-01-01,5,0.05383865411697489,0.36330000345105046,4.999999999998634,0.0770047322880001,13441.3330078125,3963.759765625
25,2003-01-01,5,0.13270575714606841,0.36329999958210923,4.999999999993321,0.07354533911293251,10597.916015625,6723.134765625
26,2003-01-01,5,0.051938029879721515,0.36329999044383715,4.999999999999999,0.07794721137238833,13600.9697265625,3686.03442382813
27,2003-01-01,5,0.07203328417162475,0.3632999936605065,4.999999999936294,0.07694308697384594,12769.5888671875,4635.50439453125
28,2003-01-01,5,0.15529614628962676,0.3632503550191073,4.999999999918262,0.07310585848839643,10132.4208984375,6406.61865234375
29,2003-01-01,5,0.1322371997202098,0.3632999984675889,4.9999999999999245,0.07564056201941483,10848.3486328125,6169.443359375
30,2003-01-01,5,0.11383445966269012,0.36329999501292176,4.999999999999359,0.07666564774633872,11362.8056640625,6042.28759765625
31,2003-01-01,5,0.041262223440780725,0.3632999974783771,4.999999999999917,0.0792831993825608,14031.8466796875,3373.24584960938
32,2003-01-01,5,0.05936926539675736,0.36330000819228264,4.999999999999999,0.07650162193421112,13207.93359375,4197.1591796875
33,2003-01-01,5,0.1801024207536553,0.3632578235771887,3.235550874762557,0.11649461636387287,9248.51171875,6804.44873046875
34,2003-01-01,5,0.09538626436634642,0.36329999786462275,4.999999999999999,0.07757712736930904,12010.484375,5394.6083984375
35,2003-01-01,5,0.04265339734270475,0.36329999396255735,4.999999999999976,0.07914227861119899,13971.5419921875,3433.55151367188
36,2003-01-01,5,0.14884689966172135,0.3632999852533591,4.999999999999998,0.0729941925921307,10220.84375,6683.27001953125
37,2003-01-01,5,0.04527349001828821,0.3632999993944746,4.9999999551562455,0.07912769614297986,13869.669921875,3535.4228515625
38,2003-01-01,5,0.07095890352059524,0.3632999975232921,4.999999999999999,0.07684415886073713,12802.6865234375,4602.40625
39,2003-01-01,5,0.11901948129531939,0.363300001285192,4.999999999999999,0.07591705729973966,11160.8896484375,6216.1962890625
40,2003-01-01,5,0.04893766358707298,0.3632999986535401,4.999999872796953,0.07793571832147818,13673.8056640625,3731.28784179688
41,2003-01-01,5,0.18661564549484638,0.36326664001339376,2.904698542197465,0.13306794246296821,9093.9228515625,6706.416015625
42,2003-01-01,5,0.04074407830458027,0.36329999751512226,4.9999999999999085,0.07943136011719973,14058.1865234375,3346.90698242188
43,2003-01-01,5,0.10518798240698028,0.3632999916908025,4.999999999999935,0.07738555113711042,11681.23828125,5723.85498046875
44,2003-01-01,5,0.08730702663498151,0.3632999940531275,4.999999999999999,0.07764645929289639,12283.7138671875,5121.37890625
45,2003-01-01,5,0.06962455447024289,0.36330000425151215,4.999999981904654,0.0766737497358373,12954.98046875,4109.89892578125
46,2003-01-01,5,0.14501112531953606,0.36329998711022515,4.999999999999999,0.07470872076181512,10508.8017578125,6103.71044921875
47,2003-01-01,5,0.05491237691482964,0.3633000015356677,4.999999999999999,0.07670755937012182,13386.0146484375,4019.07836914063
48,2003-01-01,5,0.06387589379078397,0.3632999949709123,4.999999999999999,0.07712715816660286,13186.22265625,3882.4384765625
49,2003-01-01,5,0.14847911549009618,0.3632999883343394,4.999999999859697,0.07275502203005893,10232.0439453125,6624.439453125
50,2003-01-01,5,0.048115598977488204,0.3632999978620881,4.999999999994887,0.0779399196215242,13705.5068359375,3699.58642578125
51,2003-01-01,5,0.04611504170516695,0.3633000004581722,4.999999999677899,0.0782625119470351,13798.0361328125,3607.05688476563
52,2003-01-01,5,0.07776026858173908,0.36330000211921093,4.999999999994338,0.07729439789154358,12588.0869140625,4817.00634765625
53,2003-01-01,5,0.17166132191926328,0.3632164074899161,3.0644227195543663,0.12395995117277983,9420.478515625,6923.7451171875
54,2003-01-01,5,0.13323761520350236,0.36329999621398873,4.999999999992808,0.07351578367457272,10573.646484375,6766.55322265625
55,2003-01-01,5,0.11334736630476477,0.36329999757725495,4.999999999999013,0.07670830785840536,11380.8291015625,6024.26416015625
56,2003-01-01,5,0.08658760537320011,0.3633000007143838,4.999999999999999,0.0775812047959199,12302.998046875,5102.09521484375
57,2003-01-01,5,0.04297411421462912,0.36329999944883823,4.999999999999999,0.08018994903857256,14004.748046875,3400.34497070313
58,2003-01-01,5,0.12338307782236921,0.3632999942482701,4.999999999999999,0.07699968127101259,11192.3359375,5792.591796875
59,2003-01-01,5,0.045409205753705696,0.36329999743649943,4.999999999949745,0.07973108130104464,13891.7919921875,3513.30126953125
60,2003-01-01,5,0.1076335319128787,0.36329999190059553,4.999999999999999,0.07738011766614221,11691.470703125,5386.01171875
61,2003-01-01,5,0.10486608470019007,0.3632999889795061,4.999999999999999,0.07761461836329116,11754.2216796875,5483.080078125
62,2003-01-01,5,0.08460271255184218,0.3632999971661388,4.999999999999999,0.07746826146594346,12363.705078125,5041.38818359375
63,2003-01-01,5,0.11305578743720178,0.3632999885701101,4.999999999999021,0.07662144608008714,11384.4453125,6020.64794921875
64,2003-01-01,5,0.06396822794756636,0.36329999378801153,4.999999999999999,0.07647316167199086,13036.6611328125,4368.431640625
65,2003-01-01,5,0.05643106601603864,0.36329999079079084,4.999999948111676,0.07711684404693733,13348.583984375,4056.50903320313
66,2003-01-01,5,0.16690202119003553,0.3632556309253146,4.999999999999999,0.07116632905123939,9721.671875,6623.3115234375
67,2003-01-01,5,0.1611216729323251,0.3632999845194787,4.999999999999999,0.07199328251258667,9975.2060546875,6275.86572265625
68,2003-01-01,5,0.16236260716761752,0.36329999316627587,4.784139733813851,0.07333094663159928,9644.435546875,7116.77783203125
69,2003-01-01,5,0.056527033052692174,0.36330000345414715,4.999999999991146,0.07679469446136267,13329.1220703125,4075.97119140625
70,2003-01-01,5,0.1221122777402154,0.3632999904456532,4.999999999999999,0.07583233727562341,11070.24609375,6274.341796875
71,2003-01-01,5,0.044563042114967054,0.3632999955577837,4.999999999943053,0.08008567070128851,13939.923828125,3465.16943359375
72,2003-01-01,5,0.043458071466342646,0.3633000031074759,4.999999999931376,0.07947051894391718,13954.6552734375,3450.43798828125
73,2003-01-01,5,0.04996427206552996,0.36329999596121676,4.9999999890228635,0.07803442165953486,13639.30859375,3765.78466796875
74,2003-01-01,5,0.045146203497943536,0.3632999910793055,4.9999972653917855,0.07819186888921903,13832.5224609375,3572.57055664063
75,2003-01-01,5,0.10154679962668414,0.36330000701821713,4.999999999988761,0.07745712938365744,11803.7314453125,5601.36181640625
76,2003-01-01,5,0.0498160474073723,0.36329999651402717,4.999999999999999,0.07851457291574462,13667.45703125,3737.63623046875
77,2003-01-01,5,0.08542089973718625,0.36330000463785417,4.999999999999999,0.07760183188395524,12343.013671875,5062.07958984375
78,2003-01-01,5,0.09552410163936752,0.36329999677495484,4.999999999999707,0.07753494467443504,12004.1923828125,5400.90087890625
79,2003-01-01,5,0.06490291215848619,0.36330000332298357,4.999999999999961,0.0766147772383302,13008.8515625,4396.2412109375
80,2003-01-01,5,0.15980498487108716,0.3632999838354007,4.999999999999999,0.0725974627534082,10007.6298828125,6388.576171875
81,2003-01-01,5,0.06126937322985613,0.363299984216422,4.999999932590837,0.0770154506595306,13212.4462890625,4051.99047851563
82,2003-01-01,5,0.041773200629649336,0.3632999964362537,4.999999864883608,0.0797489369266393,14031.7373046875,3373.35620117188
83,2003-01-01,5,0.15055763365203825,0.3632999882507761,4.999999999999999,0.07378513291496051,10296.1728515625,6311.45556640625
84,2003-01-01,5,0.16037095375663554,0.3632049556640649,4.999999999999999,0.07171836242374909,9936.982421875,6475.59423828125
85,2003-01-01,5,0.1549732720218466,0.36329999153596726,4.999999999999999,0.07093574971108071,9908.60546875,6972.09765625
1,2004-01-01,3,0.1970950966880708,0.3632091527150628,1.3176934028239877,0.39969591288301864,8970.650390625,5886.5166015625
2,2004-01-01,3,0.16953262294084626,0.3633000015370501,2.1732803339643074,0.1640239014116353,9974.9716796875,5382.55419921875
3,2004-01-01,3,0.21426034319188936,0.36325753090821306,1.0552917181549155,0.8709523226346814,7760.3251953125,6757.70849609375
4,2004-01-01,3,0.15253760169379632,0.3633000041427207,2.56772924786439,0.13164631851804037,10639.9716796875,4717.5546875
5,2004-01-01,3,0.20167156165628783,0.3631975792761811,1.1084527954000998,0.6795340305909812,8447.0546875,6508.23046875
6,2004-01-01,3,0.1563646566552552,0.36330001901785786,2.4819907916471298,0.13821610409752233,10507.7890625,4849.73681640625
7,2004-01-01,3,0.17071007352275167,0.36329999920225053,2.0206949151878915,0.18284878508723051,9915.5830078125,5441.94287109375
8,2004-01-01,3,0.18314468763567748,0.36329999595842816,1.2287196861330565,0.47983327751669597,9117.5400390625,6239.98583984375
9,2004-01-01,3,0.2061016386357917,0.3632625726552368,1.069710527136983,0.8066609826762513,8119.04931640625,6810.91162109375
10,2004-01-01,3,0.17015101645147684,0.36329997974040995,2.0553373339310617,0.1796836786987461,9969.2470703125,5388.279296875
11,2004-01-01,3,0.15585699074820278,0.36330000251698796,2.7576114261712417,0.1193955947474717,10528.1943359375,4829.33154296875
12,2004-01-01,3,0.13423323548694033,0.3632999975408592,1.4370446442972955,0.34751816636064553,11245.9892578125,4111.53662109375
13,2004-01-01,3,0.20740535937308593,0.36321357542433297,1.1224744380777119,0.639806456073327,8276.39453125,6204.806640625
14,2004-01-01,3,0.17788541541218286,0.3633000078119727,1.5287630085779476,0.29194709908093225,9536.171875,5821.35400390625
15,2004-01-01,3,0.2073463791262837,0.3632999781806279,1.0625407504846005,0.8383051158205318,8036.60498046875,6843.2841796875
16,2004-01-01,3,0.19051003901235106,0.3632110553454323,1.599709780287384,0.27042319375441237,9315.412109375,5773.78955078125
17,2004-01-01,3,0.1331956023868636,0.3632999941608971,1.4732459414138117,0.327040793877953,11264.3759765625,4093.14990234375
18,2004-01-01,3,0.19422631405049487,0.36311602893372563,1.1888363706961147,0.5292590350982919,8841.3740234375,6283.701171875
19,2004-01-01,3,0.16670846663135286,0.36329999827917336,2.5698923659566217,0.1294193709920771,10101.431640625,5256.09423828125
20,2004-01-01,3,0.15404554776369236,0.36330000231582865,2.5562085439051687,0.1323748365746727,10584.4267578125,4773.09912109375
21,2004-01-01,3,0.1767161537520321,0.363299993487991,1.6271817821231043,0.2600712811125453,9613.767578125,5743.75830078125
22,2004-01-01,3,0.19756225398106714,0.3632317627183248,1.25789013847021,0.44999492811649117,8894.3388671875,6068.6591796875
23,2004-01-01,3,0.21470207661238747,0.363297070620545,1.0351669338787863,1.0061640132860157,7545.1689453125,7088.423828125
24,2004-01-01,3,0.1641242466391494,0.3632999987767603,2.7427274623828444,0.1192947621849179,10218.765625,5138.76025390625
25,2004-01-01,3,0.19902616467723863,0.3632999976658667,1.0898425326753074,0.7337934471423868,8363.2177734375,6809.75830078125
26,2004-01-01,3,0.15965231929185655,0.36329999044383715,2.452293539594709,0.14032765169303388,10454.912109375,4750.25439453125
27,2004-01-01,3,0.17413787201172015,0.36330000202908946,1.8109644237683018,0.21699739382353792,9758.037109375,5599.4892578125
28,2004-01-01,3,0.207313106651675,0.36324109010098365,1.0824546020308223,0.7551013169378951,8158.77490234375,6514.14794921875
29,2004-01-01,3,0.20015231767766295,0.3631966819906791,1.1437452779623718,0.6013732599325,8606.73828125,6341.29248046875
30,2004-01-01,3,0.18360883401539632,0.3632999959080549,1.2103375276923636,0.5012629620363696,9074.1826171875,6283.34375
31,2004-01-01,3,0.1347140719677039,0.3632999955242437,1.5485308929653947,0.29444202698934446,11202.9423828125,4154.583984375
32,2004-01-01,3,0.16866142693460714,0.3633000036758247,2.325732641239911,0.14864751082360517,10016.9169921875,5340.609375
33,2004-01-01,3,0.21803800644732202,0.3632578235771887,1.0392564887769753,0.9688433152031958,7418.7353515625,6895.45068359375
34,2004-01-01,3,0.18001277781740513,0.3632999973477703,1.4377377597029153,0.32996673085335954,9420.50390625,5937.02197265625
35,2004-01-01,3,0.13776364693506768,0.3632999959212104,1.6126702539238804,0.27286512336524293,11100.845703125,4256.68017578125
36,2004-01-01,3,0.20533608757601657,0.3632958230509531,1.0741445064529003,0.788474500079535,8172.26904296875,6732.77490234375
37,2004-01-01,3,0.14333195318620126,0.3632999987728512,1.7556782818547902,0.2356417352040272,10929.39453125,4428.1318359375
38,2004-01-01,3,0.17418439561051519,0.36329999950502484,1.8570985605219623,0.20831175523114068,9766.32421875,5591.2021484375
39,2004-01-01,3,0.18468411718934868,0.36329998431943983,1.1670996865717596,0.5612123976546867,8948.0732421875,6409.45263671875
40,2004-01-01,3,0.15569338657132173,0.36329999253524714,2.6539501062993454,0.1257113454704224,10529.7607421875,4827.765625
41,2004-01-01,3,0.22053285175927503,0.36326664001339376,1.0410625021995779,0.9527780166965669,7310.57177734375,6851.6044921875
42,2004-01-01,3,0.1330721533710401,0.36329999568849164,1.5022083010671547,0.3125206962622303,11255.6826171875,4101.84375
43,2004-01-01,3,0.1907871735607406,0.36291879527244236,1.3010765206927675,0.41324155130214507,9084.3623046875,6102.0634765625
44,2004-01-01,3,0.17737193254345707,0.3632802011991845,1.581285245651363,0.27407323189262556,9576.693359375,5780.83251953125
45,2004-01-01,3,0.17561526828863963,0.36329998759952875,2.1356856744989217,0.16877596183452714,9878.208984375,5218.89892578125
46,2004-01-01,3,0.20479708033758812,0.36324772051426246,1.1242107222396676,0.6394587112697339,8411.1220703125,6295.27099609375
47,2004-01-01,3,0.16588972241692793,0.36330000069981305,2.8310346573446807,0.1139600873933944,10151.0712890625,5206.45458984375
48,2004-01-01,3,0.17018312789994572,0.3632999911212862,2.4186239767407427,0.14198828816474826,10096.5654296875,5006.5810546875
49,2004-01-01,3,0.20539976891538295,0.3632212292736215,1.0769977758278388,0.7774369767131399,8182.7470703125,6728.75927734375
50,2004-01-01,3,0.15487702930181774,0.36329999564770604,2.6992202049044276,0.12288283884340477,10560.3271484375,4797.19921875
51,2004-01-01,3,0.14969571481679006,0.36330000854753947,2.308444372842571,0.15290954713549285,10728.1416015625,4629.38427734375
52,2004-01-01,3,0.1759108770422063,0.36330000211921093,1.7120710198480962,0.23849829139007536,9676.8681640625,5680.658203125
53,2004-01-01,3,0.2146906502582386,0.3632164074899161,1.036622818743187,0.9929309906513312,7548.55810546875,7044.2177734375
54,2004-01-01,3,0.19961946286549795,0.3632886742263462,1.0855386563180116,0.7481742670819344,8335.3486328125,6827.3740234375
55,2004-01-01,3,0.1835916655919706,0.36330000360971737,1.2160514081952158,0.4943148993762467,9083.4267578125,6274.099609375
56,2004-01-01,3,0.17795007133766583,0.3633000007143838,1.5744900377068072,0.276453802624696,9558.451171875,5799.0751953125
57,2004-01-01,3,0.13370389188111656,0.3633000007158496,1.4296670572061927,0.34936808601871505,11244.083984375,4113.4423828125
58,2004-01-01,3,0.20186523333489773,0.3632431411778677,1.2291335389966074,0.47934372179582124,8737.2099609375,6094.673828125
59,2004-01-01,3,0.1407072779761009,0.36330000199316925,1.6047805723483646,0.27799923465224835,11021.3837890625,4336.14208984375
60,2004-01-01,3,0.19322087857801287,0.36318682091551474,1.3682251580679123,0.366553547402061,9106.197265625,5853.634765625
61,2004-01-01,3,0.19330953018385044,0.36318704629000237,1.3628215054429795,0.3710085438828983,9106.7880859375,5962.4580078125
62,2004-01-01,3,0.1778285222266091,0.36330000469423684,1.6156181195932964,0.26367922926571735,9577.5087890625,5780.01708984375
63,2004-01-01,3,0.18323147493385428,0.36329997320323504,1.213747188629775,0.49692342035707465,9089.8115234375,6267.71484375
64,2004-01-01,3,0.17041806875244858,0.3632999964712525,2.077426663055182,0.1747486373854932,9920.654296875,5436.87158203125
65,2004-01-01,3,0.16606035801666402,0.3632999978245133,2.3135019791619387,0.15140229491983476,10140.318359375,5217.2080078125
66,2004-01-01,3,0.21178508627748993,0.3632542151145767,1.0566634174649618,0.8634018294512013,7843.8935546875,6708.59765625
67,2004-01-01,3,0.20843748756246777,0.3632029430174943,1.0803838704867317,0.7601058949848516,8084.7490234375,6469.10693359375
68,2004-01-01,3,0.21204852487257647,0.3632999940097,1.0390506422586356,0.9772574304680542,7675.4423828125,7150.193359375
69,2004-01-01,3,0.16619836374987637,0.3633000072957722,2.3938396954012715,0.14344890029840524,10122.6142578125,5234.912109375
70,2004-01-01,3,0.19606425865803165,0.36326126139266035,1.150440022465547,0.589582541035703,8704.1845703125,6427.92333984375
71,2004-01-01,3,0.13747640060479469,0.36330000672297247,1.5062353681771297,0.31464292091702095,11129.685546875,4227.8408203125
72,2004-01-01,3,0.13772621823741077,0.3632999993897086,1.5619152336846092,0.2906924958065154,11103.30859375,4254.2177734375
73,2004-01-01,3,0.15693077403063618,0.36329999596121676,2.4916989438270165,0.13762956069877852,10492.3583984375,4865.16796875
74,2004-01-01,3,0.1482778474892769,0.36329999518125344,2.2951047709627788,0.15400087978303403,10774.1640625,4583.36181640625
75,2004-01-01,3,0.17987259979046005,0.36330000701821713,1.3394784267867963,0.3853791378548573,9353.2255859375,6004.30029296875
76,2004-01-01,3,0.15475898956922815,0.3633000018066828,2.2282929761136137,0.16203417453206972,10566.1005859375,4791.42578125
77,2004-01-01,3,0.17815913936999833,0.36329999514737366,1.58826753078701,0.2724388216473854,9563.2802734375,5794.24609375
78,2004-01-01,3,0.17898247091869596,0.3632999869749709,1.4296576318155862,0.33354864122052186,9444.341796875,5913.18408203125
79,2004-01-01,3,0.1719133226038487,0.36330000332298357,2.0165314904960874,0.18337734981912607,9874.40234375,5483.1240234375
80,2004-01-01,3,0.20896513058009594,0.36324870145696264,1.0775623142929254,0.7718240891544914,8078.82568359375,6512.12548828125
81,2004-01-01,3,0.16559308672253326,0.3632491473623197,2.388271546949491,0.1444853681335005,10146.68359375,5210.84228515625
82,2004-01-01,3,0.1335462727505285,0.3632999964362537,1.4721185884060881,0.32675387269179623,11241.90625,4115.61962890625
83,2004-01-01,3,0.2056790413844355,0.3632451437832739,1.0966086393280832,0.7101571875292872,8277.9208984375,6444.77490234375
84,2004-01-01,3,0.2091175560019386,0.3631831971139195,1.0693319113258266,0.8046474085053493,8016.443359375,6620.220703125
85,2004-01-01,3,0.20892070209775543,0.3632999725182518,1.0511624282685463,0.8978454452695008,7885.7197265625,7029.80517578125
1,2005-01-01,3,0.2138113976725542,0.36323679699845307,1.0260436365102008,1.0033721105012046,7434.9599609375,6275.55810546875
2,2005-01-01,3,0.19544873170252527,0.36330000047532096,1.1607097606459342,0.4918812789311615,8403.6748046875,5963.23095703125
3,2005-01-01,3,0.2258142770837042,0.3633868206572066,1.0086761836685203,1.2210849087395819,6157.11865234375,7218.9658203125
4,2005-01-01,3,0.19199662121300293,0.3632999997889009,2.058758309914472,0.1379003187682132,8851.1455078125,5515.76123046875
5,2005-01-01,3,0.21556122619083562,0.3631975792761811,1.0084672614710593,1.3164173778106047,6898.15869140625,6983.994140625
6,2005-01-01,3,0.19330228255928283,0.36329999073169755,1.7010109806540337,0.19086287680897965,8757.7509765625,5609.1552734375
7,2005-01-01,3,0.19584467646909456,0.3632999923287815,1.1409221381828538,0.5252490469709623,8351.1689453125,6015.7373046875
8,2005-01-01,3,0.20462719906715338,0.36329999222208825,1.0247412797989193,1.0155916362189907,7523.15087890625,6777.115234375
9,2005-01-01,3,0.220702405900483,0.3632625726552368,1.0088443486603038,1.2435292421840307,6531.0146484375,7294.57177734375
10,2005-01-01,3,0.20986448588485507,0.3625855998401598,1.1601545956638641,0.49133242714021697,8142.35693359375,5961.982421875
11,2005-01-01,3,0.19307889802124603,0.36330000251698796,1.7631568257449404,0.17911715680859702,8780.1513671875,5586.7548828125
12,2005-01-01,3,0.18545058873854287,0.36314236213511353,4.999999999999999,0.042883043060606085,9190.3837890625,5176.52197265625
13,2005-01-01,3,0.2133489952932541,0.3632577495155405,1.0115253644492757,1.212701686981645,6765.0419921875,6637.1962890625
14,2005-01-01,3,0.19624952847564137,0.3632999954003128,1.0556285032095378,0.7843501956540397,8051.53369140625,6315.37255859375
15,2005-01-01,3,0.22247832478592275,0.3633723904004658,1.008487806933189,1.2444252653429149,6430.28369140625,7323.11181640625
16,2005-01-01,3,0.21446799392355337,0.3632110553454323,1.0609478237474437,0.7542231926777666,7716.09130859375,6206.2158203125
17,2005-01-01,3,0.1840107570591812,0.36291369317765354,4.999999999999999,0.04273430481469316,9230.732421875,5136.173828125
18,2005-01-01,3,0.2151747179277738,0.36311602893372563,1.0137096477731713,1.197370349956352,7239.81884765625,6732.2685546875
19,2005-01-01,3,0.19439267706315955,0.3633000019463328,1.2082534473470052,0.4288093940861133,8512.9033203125,5854.00244140625
20,2005-01-01,3,0.1920452036739966,0.36329999710263844,1.8486970136814886,0.16448114188125207,8821.482421875,5545.423828125
21,2005-01-01,3,0.20233270627753222,0.3632999769286211,1.070344637512943,0.7161478807400338,8017.080078125,6254.72265625
22,2005-01-01,3,0.21427312224887393,0.3632317627183248,1.0200387424362707,1.0822579151889464,7364.27978515625,6468.9833984375
23,2005-01-01,3,0.2331619562130978,0.36332409556021295,1.0123323707874268,1.0342656732801148,5867.23974609375,7539.37939453125
24,2005-01-01,3,0.1953276049400741,0.36330000345105046,1.3225252108479735,0.3295333547770179,8571.470703125,5795.43505859375
25,2005-01-01,3,0.21748663610096275,0.363300004056622,1.0095299123788486,1.2506636321967375,6757.78271484375,7309.71630859375
26,2005-01-01,3,0.20406783327908562,0.3632091979942384,1.672420029612087,0.19659132576961222,8560.884765625,5486.6865234375
27,2005-01-01,3,0.19634395627120627,0.36329999249444206,1.101125568113144,0.6133807883408321,8231.3251953125,6135.58056640625
28,2005-01-01,3,0.21700050345396882,0.3632609420547076,1.0084590420253259,1.2849343868007672,6608.56298828125,6989.66845703125
29,2005-01-01,3,0.21482046544492533,0.3631966819906791,1.0110146707813046,1.2508581394807994,7063.962890625,6795.8193359375
30,2005-01-01,3,0.20005834779857426,0.36329998039312317,1.0217192405161697,1.05396978414284,7553.7294921875,6813.17626953125
31,2005-01-01,3,0.18494811519983517,0.36329999396425994,4.999999999999999,0.04261624943657154,9190.4365234375,5176.4697265625
32,2005-01-01,3,0.19485991026440383,0.36330000819228264,1.1713157481218317,0.4765659753499743,8446.3671875,5920.5390625
33,2005-01-01,3,0.23786493661039596,0.36337381536956787,1.0297576123174386,0.7735717053571901,5709.08544921875,7455.9345703125
34,2005-01-01,3,0.19671567539061854,0.36329998806123043,1.0447036385905368,0.8464877514436523,7949.2841796875,6417.62158203125
35,2005-01-01,3,0.18618636015486506,0.36329999873709673,4.999999999999999,0.04224297796857776,9124.556640625,5242.349609375
36,2005-01-01,3,0.220107822414112,0.3632958230509531,1.0076397839686644,1.3070846529316134,6582.5068359375,7217.994140625
37,2005-01-01,3,0.18851369374524302,0.3632999988336355,3.9398188656518203,0.05587050663795451,9014.3505859375,5352.55517578125
38,2005-01-01,3,0.19626259744473115,0.36330000640073584,1.101961458922435,0.6122385263249444,8243.5712890625,6123.33447265625
39,2005-01-01,3,0.2078162449737617,0.36309690982443815,1.0174742761855569,1.1116817012301745,7302.13623046875,6952.83349609375
40,2005-01-01,3,0.19264065522469645,0.36330000018067754,1.7251400031994994,0.18612638912521892,8785.783203125,5581.123046875
41,2005-01-01,3,0.24455742841021907,0.36337554846052567,1.0684010803495283,0.5383618873263194,5546.75341796875,7516.85205078125
42,2005-01-01,3,0.18459713062115415,0.3632999962952741,4.999999999977446,0.042830648312531555,9216.23828125,5150.66748046875
43,2005-01-01,3,0.21249557589530424,0.36291879527244236,1.0238431770317755,1.0330525412567682,7510.99853515625,6514.11181640625
44,2005-01-01,3,0.2085204741769115,0.3629576537207109,1.0550594101040385,0.7884090765662712,7878.24853515625,6241.1591796875
45,2005-01-01,3,0.2117904174021737,0.3632079065590373,1.175544796922301,0.4667598046602964,8104.42333984375,5780.216796875
46,2005-01-01,3,0.214725635138826,0.3632573528085506,1.009848756754949,1.2742326012896112,6888.646484375,6739.8916015625
47,2005-01-01,3,0.19507248948289013,0.36330000069981305,1.2553008542762292,0.38151218985460517,8539.5009765625,5827.40478515625
48,2005-01-01,3,0.21022384417489087,0.363210067720035,1.3189245715563402,0.32988897069934725,8262.662109375,5646.48876953125
49,2005-01-01,3,0.21885060057685732,0.3632212292736215,1.0084041899617509,1.2749856566415008,6610.9677734375,7209.3056640625
50,2005-01-01,3,0.1927074058195167,0.3632999962215531,1.8303568028693877,0.16763435109719507,8801.5478515625,5565.35791015625
51,2005-01-01,3,0.18995303661911642,0.36330000854753947,2.2204226066194432,0.12214530201547033,8923.73046875,5443.17578125
52,2005-01-01,3,0.19647760842116785,0.36329999819242537,1.083925800653148,0.6653064437771514,8169.755859375,6197.150390625
53,2005-01-01,3,0.2284710915451205,0.3633498070340878,1.0171251323931882,0.9262743108254832,5921.5966796875,7494.56591796875
54,2005-01-01,3,0.2184153239199447,0.3632886742263462,1.0087100376059144,1.2773751052299862,6724.263671875,7326.5185546875
55,2005-01-01,3,0.20074847270135449,0.3632999759976335,1.0232061504527077,1.0339227418367896,7553.79931640625,6813.10693359375
56,2005-01-01,3,0.19784771098574977,0.36329998140823444,1.066839359626829,0.7298029175269999,8051.21533203125,6315.69091796875
57,2005-01-01,3,0.1844992523756289,0.36330000853979805,4.999999999999999,0.0425336653199996,9202.9306640625,5163.9755859375
58,2005-01-01,3,0.21556874246509694,0.3632728554227088,1.0181208958937231,1.109266953837798,7217.712890625,6496.56640625
59,2005-01-01,3,0.18857226856954837,0.3632999985947074,4.999583061836263,0.042234454211645026,9041.841796875,5325.06396484375
60,2005-01-01,3,0.21303899980440075,0.36318682091551474,1.030258679050392,0.9609544609710801,7540.58935546875,6246.6533203125
61,2005-01-01,3,0.21331546184597475,0.36318704629000237,1.0305123247968904,0.9581827673048339,7558.07373046875,6362.71435546875
62,2005-01-01,3,0.19607327421383286,0.36329999630540133,1.0643812903737198,0.7415711139187949,8101.7412109375,6265.1650390625
63,2005-01-01,3,0.20606076173967672,0.36328118503718526,1.0225759704938997,1.0424748139377218,7469.20166015625,6805.5810546875
64,2005-01-01,3,0.19471376619369507,0.36329999398929075,1.1299130603899756,0.5480405685142543,8375.7578125,5991.14794921875
65,2005-01-01,3,0.19715226665384702,0.3632999880774515,1.2835519638865622,0.3565086449986311,8480.14453125,5886.76123046875
66,2005-01-01,3,0.22097418984283204,0.3633605508220631,1.0101890883012443,1.1676102977344696,6273.53369140625,7179.0107421875
67,2005-01-01,3,0.21418173621382938,0.36327549048772856,1.010893490211134,1.1872009956281384,6561.6904296875,6934.09765625
68,2005-01-01,3,0.2325168218324719,0.363390052784157,1.011512239971653,1.0687474164528763,5995.2177734375,7602.06494140625
69,2005-01-01,3,0.1956188944904698,0.3632999967468149,1.241550433936087,0.39278483961053384,8497.791015625,5869.11474609375
70,2005-01-01,3,0.21415772218096285,0.36326126139266035,1.0116559534543095,1.236683296712806,7138.8583984375,6900.716796875
71,2005-01-01,3,0.1873890647536764,0.363299990136852,4.999999999999992,0.04257091573499812,9104.1435546875,5262.7626953125
72,2005-01-01,3,0.1869999373407266,0.36329999860559137,4.999999999999997,0.04234443024680158,9103.3740234375,5263.53271484375
73,2005-01-01,3,0.20348844169948183,0.362502374539305,1.6469039765747302,0.20327890082660002,8565.029296875,5621.861328125
74,2005-01-01,3,0.18977958876124465,0.36291761347139356,2.5007100990531614,0.10255964968422386,8948.7607421875,5418.14501953125
75,2005-01-01,3,0.20450972009406074,0.36310438696923897,1.0363244965505172,0.9081096437233136,7736.201171875,6522.298828125
76,2005-01-01,3,0.19361237192877861,0.36329999412048597,1.8657496976850458,0.1619309558646318,8772.8408203125,5594.06494140625
77,2005-01-01,3,0.19875133320096022,0.3632999878864057,1.0689876280927726,0.7200817369788609,8043.81982421875,6305.56689453125
78,2005-01-01,3,0.20582292602834662,0.36322252032842917,1.0434373949285969,0.8561621760746706,7805.26953125,6400.71875
79,2005-01-01,3,0.19612673040163617,0.36330000207662855,1.1309446056535715,0.544992796081964,8323.6630859375,6043.2431640625
80,2005-01-01,3,0.21699504507549866,0.3633626170956591,1.0088463090156201,1.2611609255850433,6534.90966796875,6986.54248046875
81,2005-01-01,3,0.20957579557866135,0.36303328861023476,1.2285799199418765,0.4049115345413735,8248.8837890625,5811.96484375
82,2005-01-01,3,0.18562889478334116,0.36329999877292773,4.999999999984257,0.04288817128702626,9184.67578125,5182.23046875
83,2005-01-01,3,0.2158273395360519,0.36326676560586546,1.0086151346630707,1.2969520237988155,6738.5595703125,6914.623046875
84,2005-01-01,3,0.21688342493984,0.3632414105997277,1.0103115566487382,1.1880308920728277,6475.24462890625,7090.58251953125
85,2005-01-01,3,0.22565577912328508,0.3633851156877027,1.010645517580144,1.1312927417743874,6257.5458984375,7495.6923828125
