evaluation,cutoff,horizon_years,metric,lead_quarter,cases,increment_RMSE,increment_NRMSE,cumulative_RMSE,cumulative_NRMSE,increment_bias
train_OOF,2003-01-01,3,gas_cum,1,70,16256.480111946172,0.043070827297099726,16746.301885569083,0.001958559569239672,14669.7469504747
train_OOF,2003-01-01,3,gas_cum,2,70,52191.883791032764,0.0713129317732564,52380.105204588195,0.005882884800398959,47697.503769293624
train_OOF,2003-01-01,3,gas_cum,3,70,102718.94728285335,0.09615546396213052,102830.42005243603,0.01112953943265813,94165.0442160848
train_OOF,2003-01-01,3,gas_cum,4,70,162161.33008855407,0.11681578752296981,162246.825964793,0.016973842371525754,148527.67632269507
train_OOF,2003-01-01,3,gas_cum,5,70,228383.14580819022,0.13514640242941428,228455.8266907954,0.023170592683118347,208847.6677702109
train_OOF,2003-01-01,3,gas_cum,6,70,301591.9367110519,0.1525116906354264,301656.4874889195,0.02972934257075969,275385.6126785371
train_OOF,2003-01-01,3,gas_cum,7,70,382519.1793751643,0.16969615883919079,382579.8683095773,0.036705993619049054,349041.14178314275
train_OOF,2003-01-01,3,gas_cum,8,70,469766.7564373299,0.18661301163517272,469825.7999582233,0.043968946341366714,428618.7121118776
train_OOF,2003-01-01,3,gas_cum,9,70,562171.9781234132,0.20362634789562833,562230.1343402885,0.05144752759995372,513425.8560214908
train_OOF,2003-01-01,3,gas_cum,10,70,664678.1402114888,0.22223363609165947,664736.3297318905,0.059577017065430726,608391.2530354394
train_OOF,2003-01-01,3,gas_cum,11,70,775509.6997597117,0.24163305070649507,775568.1961884855,0.06817975145720392,711651.4711397471
train_OOF,2003-01-01,3,gas_cum,12,70,890318.913710071,0.26051375051921677,890377.3823299401,0.07687208988262725,818664.4371672303
train_OOF,2003-01-01,3,oil_cum,1,70,45002.72899512807,0.04332632935107754,46488.095387415844,0.0019748660550932997,40582.04405129126
train_OOF,2003-01-01,3,oil_cum,2,70,144098.65278029648,0.07154333996811132,144640.52322770286,0.005900624421975531,131631.18257224394
train_OOF,2003-01-01,3,oil_cum,3,70,283129.094358898,0.09629789587447807,283433.3558478036,0.011142750008427352,259474.22813452795
train_OOF,2003-01-01,3,oil_cum,4,70,446630.28184701904,0.11689349632950609,446852.6507318694,0.016980693924420906,409040.12871129665
train_OOF,2003-01-01,3,oil_cum,5,70,628654.2861065043,0.13514994955925927,628834.4872101793,0.02316634899422757,574891.8754039464
train_OOF,2003-01-01,3,oil_cum,6,70,829783.9002210645,0.15243495464298326,829935.3274068203,0.029709843428710154,757731.6732686255
train_OOF,2003-01-01,3,oil_cum,7,70,1052201.9921168678,0.1695656179811859,1052337.6537692172,0.03667344397781337,960234.6660787208
train_OOF,2003-01-01,3,oil_cum,8,70,1292038.0846570863,0.18644233945260894,1292165.192081297,0.04392460419956699,1179087.4100732023
train_OOF,2003-01-01,3,oil_cum,9,70,1546056.0021765453,0.2034183640719503,1546178.1671629916,0.05139125394392725,1412326.30856443
train_OOF,2003-01-01,3,oil_cum,10,70,1827923.950538179,0.22199873790783525,1828045.3434124389,0.059510658544852844,1673564.160002919
train_OOF,2003-01-01,3,oil_cum,11,70,2132911.529174395,0.24140077421248182,2133033.997910764,0.06811033365210674,1957789.1957729773
train_OOF,2003-01-01,3,oil_cum,12,70,2448981.9696040982,0.2602999149644923,2449104.6080099,0.0768040613642441,2252429.0316935615
train_OOF,2003-01-01,3,water_cum,1,70,9802.958234598203,0.02007506004834746,11286.716991204143,0.0032438558075170475,1059.7174777663379
train_OOF,2003-01-01,3,water_cum,2,70,46010.7017142554,0.04650987876165713,46156.70048488824,0.01160060633711176,26525.36292864586
train_OOF,2003-01-01,3,water_cum,3,70,115410.30043421777,0.07695437791814316,115312.61430886645,0.025696580166874625,80377.70628981228
train_OOF,2003-01-01,3,water_cum,4,70,207983.2582956983,0.10272143925656099,207822.23783166116,0.04147736628756972,151865.1412944323
train_OOF,2003-01-01,3,water_cum,5,70,320557.6841894883,0.1253038966266974,320364.6896563529,0.05780698403289973,239747.46454743817
train_OOF,2003-01-01,3,water_cum,6,70,453801.8313907084,0.14615933500088962,453586.8942922037,0.07452321707518757,345429.3084644439
train_OOF,2003-01-01,3,water_cum,7,70,608321.4425415139,0.16572260844042336,608097.3784587359,0.09143809426900922,470137.8986258178
train_OOF,2003-01-01,3,water_cum,8,70,781161.6107196903,0.1837750592090341,780936.1172019234,0.10803758285002514,611749.5206665838
train_OOF,2003-01-01,3,water_cum,9,70,967231.1573264003,0.20019670598446723,967006.9987658982,0.1238579874430258,766307.6640335182
train_OOF,2003-01-01,3,water_cum,10,70,1172832.6427428795,0.21595361391434745,1172610.8330613216,0.13950890462026946,939348.4601173822
train_OOF,2003-01-01,3,water_cum,11,70,1398509.9148085022,0.23120544073057647,1398290.4503515246,0.1549939798973232,1131856.116860336
train_OOF,2003-01-01,3,water_cum,12,70,1642277.1440332143,0.24593788163718786,1642060.1396652588,0.17017894703091352,1342208.7653920986
train_OOF,2003-01-01,5,gas_cum,1,70,16256.480111946172,0.043070827297099726,16746.301885569083,0.001958559569239672,14669.7469504747
train_OOF,2003-01-01,5,gas_cum,2,70,52191.883791032764,0.0713129317732564,52380.105204588195,0.005882884800398959,47697.503769293624
train_OOF,2003-01-01,5,gas_cum,3,70,102718.94728285335,0.09615546396213052,102830.42005243603,0.01112953943265813,94165.0442160848
train_OOF,2003-01-01,5,gas_cum,4,70,162161.33008855407,0.11681578752296981,162246.825964793,0.016973842371525754,148527.67632269507
train_OOF,2003-01-01,5,gas_cum,5,70,228383.14580819022,0.13514640242941428,228455.8266907954,0.023170592683118347,208847.6677702109
train_OOF,2003-01-01,5,gas_cum,6,70,301591.9367110519,0.1525116906354264,301656.4874889195,0.02972934257075969,275385.6126785371
train_OOF,2003-01-01,5,gas_cum,7,70,382519.1793751643,0.16969615883919079,382579.8683095773,0.036705993619049054,349041.14178314275
train_OOF,2003-01-01,5,gas_cum,8,70,469766.7564373299,0.18661301163517272,469825.7999582233,0.043968946341366714,428618.7121118776
train_OOF,2003-01-01,5,gas_cum,9,70,562171.9781234132,0.20362634789562833,562230.1343402885,0.05144752759995372,513425.8560214908
train_OOF,2003-01-01,5,gas_cum,10,70,664678.1402114888,0.22223363609165947,664736.3297318905,0.059577017065430726,608391.2530354394
train_OOF,2003-01-01,5,gas_cum,11,70,775509.6997597117,0.24163305070649507,775568.1961884855,0.06817975145720392,711651.4711397471
train_OOF,2003-01-01,5,gas_cum,12,70,890318.913710071,0.26051375051921677,890377.3823299401,0.07687208988262725,818664.4371672303
train_OOF,2003-01-01,5,gas_cum,13,70,1004065.7193834903,0.2778467029577357,1004123.5279159276,0.08525494671483981,924402.0855716759
train_OOF,2003-01-01,5,gas_cum,14,70,1118664.8117976335,0.2938596078248367,1118722.1329610217,0.09346023170474914,1030402.3079214571
train_OOF,2003-01-01,5,gas_cum,15,70,1233384.7411856025,0.3085397255456111,1233441.4395341687,0.1014361286997061,1135833.657912748
train_OOF,2003-01-01,5,gas_cum,16,70,1347219.3236574568,0.3220287307934873,1347275.3230982206,0.10913631305827526,1239795.7780322325
train_OOF,2003-01-01,5,gas_cum,17,70,1457826.1136087058,0.3342792898608328,1457881.3641789828,0.11642998096238609,1340154.0161809248
train_OOF,2003-01-01,5,gas_cum,18,70,1568886.576093985,0.3458502256272146,1568940.9426024552,0.12357938037994208,1440284.1593303238
train_OOF,2003-01-01,5,gas_cum,19,70,1680422.0608154887,0.3568411057160983,1680475.5429843303,0.13059614982284948,1540153.0121160438
train_OOF,2003-01-01,5,gas_cum,20,70,1791299.5001038779,0.36723984618067435,1791352.1283793296,0.13742224582012955,1638725.5923052079
train_OOF,2003-01-01,5,oil_cum,1,70,45002.72899512807,0.04332632935107754,46488.095387415844,0.0019748660550932997,40582.04405129126
train_OOF,2003-01-01,5,oil_cum,2,70,144098.65278029648,0.07154333996811132,144640.52322770286,0.005900624421975531,131631.18257224394
train_OOF,2003-01-01,5,oil_cum,3,70,283129.094358898,0.09629789587447807,283433.3558478036,0.011142750008427352,259474.22813452795
train_OOF,2003-01-01,5,oil_cum,4,70,446630.28184701904,0.11689349632950609,446852.6507318694,0.016980693924420906,409040.12871129665
train_OOF,2003-01-01,5,oil_cum,5,70,628654.2861065043,0.13514994955925927,628834.4872101793,0.02316634899422757,574891.8754039464
train_OOF,2003-01-01,5,oil_cum,6,70,829783.9002210645,0.15243495464298326,829935.3274068203,0.029709843428710154,757731.6732686255
train_OOF,2003-01-01,5,oil_cum,7,70,1052201.9921168678,0.1695656179811859,1052337.6537692172,0.03667344397781337,960234.6660787208
train_OOF,2003-01-01,5,oil_cum,8,70,1292038.0846570863,0.18644233945260894,1292165.192081297,0.04392460419956699,1179087.4100732023
train_OOF,2003-01-01,5,oil_cum,9,70,1546056.0021765453,0.2034183640719503,1546178.1671629916,0.05139125394392725,1412326.30856443
train_OOF,2003-01-01,5,oil_cum,10,70,1827923.950538179,0.22199873790783525,1828045.3434124389,0.059510658544852844,1673564.160002919
train_OOF,2003-01-01,5,oil_cum,11,70,2132911.529174395,0.24140077421248182,2133033.997910764,0.06811033365210674,1957789.1957729773
train_OOF,2003-01-01,5,oil_cum,12,70,2448981.9696040982,0.2602999149644923,2449104.6080099,0.0768040613642441,2252429.0316935615
train_OOF,2003-01-01,5,oil_cum,13,70,2762110.5317544043,0.27764633029928976,2762231.213303829,0.08518764975885298,2543526.111474087
train_OOF,2003-01-01,5,oil_cum,14,70,3077423.505676425,0.293651855208141,3077542.490642391,0.09338836270001198,2835208.5428578653
train_OOF,2003-01-01,5,oil_cum,15,70,3392924.4959441223,0.30830823368295135,3393041.1711371643,0.10135509959459575,3125203.9322809954
train_OOF,2003-01-01,5,oil_cum,16,70,3706109.5189836808,0.32178824826556,3706223.4399399213,0.10905016050656413,3411235.9882341577
train_OOF,2003-01-01,5,oil_cum,17,70,4010540.4139002594,0.33404425822848793,4010651.3231990756,0.11634298426343063,3687456.1268741223
train_OOF,2003-01-01,5,oil_cum,18,70,4316259.095161327,0.3456243804311582,4316366.5266527785,0.12349280934491991,3963082.653939764
train_OOF,2003-01-01,5,oil_cum,19,70,4623274.7169608325,0.35662280610563896,4623378.555203432,0.13050968693209478,4237985.273391826
train_OOF,2003-01-01,5,oil_cum,20,70,4928452.50650601,0.36702577136777587,4928552.821815681,0.13733505854566405,4509294.159286757
train_OOF,2003-01-01,5,water_cum,1,70,9802.958234598203,0.02007506004834746,11286.716991204143,0.0032438558075170475,1059.7174777663379
train_OOF,2003-01-01,5,water_cum,2,70,46010.7017142554,0.04650987876165713,46156.70048488824,0.01160060633711176,26525.36292864586
train_OOF,2003-01-01,5,water_cum,3,70,115410.30043421777,0.07695437791814316,115312.61430886645,0.025696580166874625,80377.70628981228
train_OOF,2003-01-01,5,water_cum,4,70,207983.2582956983,0.10272143925656099,207822.23783166116,0.04147736628756972,151865.1412944323
train_OOF,2003-01-01,5,water_cum,5,70,320557.6841894883,0.1253038966266974,320364.6896563529,0.05780698403289973,239747.46454743817
train_OOF,2003-01-01,5,water_cum,6,70,453801.8313907084,0.14615933500088962,453586.8942922037,0.07452321707518757,345429.3084644439
train_OOF,2003-01-01,5,water_cum,7,70,608321.4425415139,0.16572260844042336,608097.3784587359,0.09143809426900922,470137.8986258178
train_OOF,2003-01-01,5,water_cum,8,70,781161.6107196903,0.1837750592090341,780936.1172019234,0.10803758285002514,611749.5206665838
train_OOF,2003-01-01,5,water_cum,9,70,967231.1573264003,0.20019670598446723,967006.9987658982,0.1238579874430258,766307.6640335182
train_OOF,2003-01-01,5,water_cum,10,70,1172832.6427428795,0.21595361391434745,1172610.8330613216,0.13950890462026946,939348.4601173822
train_OOF,2003-01-01,5,water_cum,11,70,1398509.9148085022,0.23120544073057647,1398290.4503515246,0.1549939798973232,1131856.116860336
train_OOF,2003-01-01,5,water_cum,12,70,1642277.1440332143,0.24593788163718786,1642060.1396652588,0.17017894703091352,1342208.7653920986
train_OOF,2003-01-01,5,water_cum,13,70,1898099.2545964688,0.2599022892457416,1897884.0612626623,0.18473985068115875,1564975.619621735
train_OOF,2003-01-01,5,water_cum,14,70,2172902.89135715,0.27341915483793244,2172689.6264948444,0.19903519996639701,1805574.3427331725
train_OOF,2003-01-01,5,water_cum,15,70,2466832.25000158,0.28650918049692836,2466621.0621253364,0.21304793751438333,2064058.7407771226
train_OOF,2003-01-01,5,water_cum,16,70,2776989.1566659515,0.29912141699339084,2776779.9145882456,0.22666550524739662,2338072.236481397
train_OOF,2003-01-01,5,water_cum,17,70,3096546.802609922,0.31112480416376964,3096339.3242620807,0.23968258496738915,2621599.125172736
train_OOF,2003-01-01,5,water_cum,18,70,3434363.3937566,0.32277765033322847,3434157.604699447,0.2524220026405767,2922192.166468378
train_OOF,2003-01-01,5,water_cum,19,70,3790967.435703508,0.3341395421024669,3790763.3089281046,0.2649153218440592,3240361.837358176
train_OOF,2003-01-01,5,water_cum,20,70,4162805.457283912,0.3451469850768797,4162602.7903706566,0.27706438047493553,3572956.397966281
train_OOF,2004-01-01,3,gas_cum,1,70,5333.273678351734,0.017676059154399463,9261.20394080843,0.0009392957377191223,4916.431692291211
train_OOF,2004-01-01,3,gas_cum,2,70,12234.642483146057,0.020759979697706925,14814.532597773547,0.0014600259994112475,10774.637252751152
train_OOF,2004-01-01,3,gas_cum,3,70,21176.98583668511,0.024454091838704162,23085.829292501585,0.002214931764301112,18094.157687035604
train_OOF,2004-01-01,3,gas_cum,4,70,31741.25918542406,0.028109681784360453,33294.959810519766,0.003115929992513987,26676.54322866372
train_OOF,2004-01-01,3,gas_cum,5,70,44754.29081450577,0.032603484075029034,46064.09853510056,0.004215149341883562,37850.07089445759
train_OOF,2004-01-01,3,gas_cum,6,70,62775.61706332982,0.03916592152983212,63887.7629271063,0.005725943012194902,54468.510063242036
train_OOF,2004-01-01,3,gas_cum,7,70,84373.50392497782,0.046323149782133234,85345.44594576536,0.007502668780363926,74839.19810014212
train_OOF,2004-01-01,3,gas_cum,8,70,106442.00722623593,0.05244568308941314,107322.41266743182,0.00926584425516557,95548.44299995598
train_OOF,2004-01-01,3,gas_cum,9,70,126247.86255115077,0.05671968652138315,127068.34345162184,0.010788717273257656,113817.25043751106
train_OOF,2004-01-01,3,gas_cum,10,70,142842.64256119815,0.05905142854373252,143631.88535568808,0.011999288196795053,128567.30577051896
train_OOF,2004-01-01,3,gas_cum,11,70,155628.72956719587,0.05963425887789141,156403.7559197382,0.012862379198629554,139114.54153581389
train_OOF,2004-01-01,3,gas_cum,12,70,164873.09503573246,0.05897075832803681,165644.88813437632,0.013418098036831886,145777.34501460777
train_OOF,2004-01-01,3,oil_cum,1,70,14625.18320152212,0.017605292765183744,25580.284799805373,0.0009423812101545204,13395.600525237407
train_OOF,2004-01-01,3,oil_cum,2,70,33418.06895436008,0.020593495023209923,40687.524493787074,0.001456523107636892,29254.10955258395
train_OOF,2004-01-01,3,oil_cum,3,70,57828.62376819992,0.02425157620791032,63219.969552965624,0.002203184503923689,49204.99813716576
train_OOF,2004-01-01,3,oil_cum,4,70,86716.99401312487,0.027889982413880562,91122.33356984734,0.0030975237998398584,72678.99584481178
train_OOF,2004-01-01,3,oil_cum,5,70,122298.46885870186,0.03235643780802251,126041.95692359068,0.004189332350834418,103274.02014794238
train_OOF,2004-01-01,3,oil_cum,6,70,171683.82250833965,0.03890077563884533,174910.1859699715,0.005694071206048431,148892.90999499508
train_OOF,2004-01-01,3,oil_cum,7,70,231087.7887975768,0.0460781531953515,233960.8756002824,0.007470651341836194,204993.9784576318
train_OOF,2004-01-01,3,oil_cum,8,70,291885.58428696357,0.05223405845360662,294530.46926825127,0.00923649245578772,262110.45951077118
train_OOF,2004-01-01,3,oil_cum,9,70,346404.3700287839,0.05652620140148308,348901.94317784376,0.010760191396167573,312474.91584259295
train_OOF,2004-01-01,3,oil_cum,10,70,391932.1275401384,0.05884919172218334,394360.0745141385,0.01196689949370697,353015.30858743493
train_OOF,2004-01-01,3,oil_cum,11,70,426857.2363390703,0.059407078411961994,429260.3236914415,0.012822633344343718,381864.9366459396
train_OOF,2004-01-01,3,oil_cum,12,70,452177.1678407534,0.058741356993642406,454583.464883831,0.013375448246049464,400101.9127809762
train_OOF,2004-01-01,3,water_cum,1,70,4888.65853896695,0.00915477199177201,10285.304093745435,0.0018558924523124963,-665.6698889064204
train_OOF,2004-01-01,3,water_cum,2,70,15774.405279423221,0.014590423738519922,18596.578732256694,0.003055372390955791,69.74330307850614
train_OOF,2004-01-01,3,water_cum,3,70,33006.89584511507,0.020033627491006675,34818.04505444828,0.005235503060415332,1480.253891178174
train_OOF,2004-01-01,3,water_cum,4,70,56165.37109330974,0.025208784518728385,57649.780077197865,0.007975483210703594,2079.9666761187104
train_OOF,2004-01-01,3,water_cum,5,70,84673.75869540044,0.030141280031491715,86028.91562416132,0.011018915441887146,1236.5062922652878
train_OOF,2004-01-01,3,water_cum,6,70,119559.74182389285,0.035069830910976936,120854.68853220574,0.014378432076509866,-640.3658732159795
train_OOF,2004-01-01,3,water_cum,7,70,161176.94701146698,0.04002022110078684,162437.93642299247,0.018005488234707306,-3330.4751280428377
train_OOF,2004-01-01,3,water_cum,8,70,209116.82022229748,0.044908177200653134,210358.11391307323,0.021800981255432852,-6751.362257415868
train_OOF,2004-01-01,3,water_cum,9,70,261805.27121202557,0.04956238543419806,263029.5070296471,0.025603266735412453,-11149.731926960558
train_OOF,2004-01-01,3,water_cum,10,70,320815.52114339446,0.05413127289212392,322034.7065480634,0.02950087367854696,-18402.1145958428
train_OOF,2004-01-01,3,water_cum,11,70,386358.1504004321,0.058630836015465135,387579.0042603896,0.03347612195057086,-29043.067677322495
train_OOF,2004-01-01,3,water_cum,12,70,457887.1644904856,0.06303719437192863,459108.3639283243,0.03747651325422036,-42760.92732249536
train_OOF,2005-01-01,3,gas_cum,1,70,6192.066200441224,0.025427485478000254,9784.73747110347,0.0008953638738940576,6045.807573918253
train_OOF,2005-01-01,3,gas_cum,2,70,16427.009384399295,0.03467836404187068,18503.798669118958,0.001658403610240512,16067.197466959511
train_OOF,2005-01-01,3,gas_cum,3,70,29245.544999020214,0.042239835084591705,30734.77579836784,0.0027018763602270524,28463.309140532223
train_OOF,2005-01-01,3,gas_cum,4,70,41530.097915098086,0.04611308385525658,42752.19402765805,0.0036910759046615313,40016.4796466113
train_OOF,2005-01-01,3,gas_cum,5,70,50988.38751310604,0.04648129567174801,52047.862469545966,0.004419115395764312,48302.17522627195
train_OOF,2005-01-01,3,gas_cum,6,70,56677.25039094511,0.04392903696909421,57623.82060800489,0.004814006505335385,52035.52114153541
train_OOF,2005-01-01,3,gas_cum,7,70,58527.43259726824,0.03951700227846594,59363.43386053219,0.004881947958070549,50605.45371229686
train_OOF,2005-01-01,3,gas_cum,8,70,57900.60903565419,0.03472728040827231,58600.21482630327,0.004746922385439826,44544.21667116774
train_OOF,2005-01-01,3,gas_cum,9,70,56642.5941405801,0.030700074960054984,57158.19604652157,0.004564793707537795,34508.390988088715
train_OOF,2005-01-01,3,gas_cum,10,70,57255.8910127465,0.02833860790399816,57507.89294000888,0.00452967322319607,20519.690224331218
train_OOF,2005-01-01,3,gas_cum,11,70,62564.621743285104,0.02852358241010304,62517.53655452162,0.004858475688334314,2730.659532696727
train_OOF,2005-01-01,3,gas_cum,12,70,74135.67870873577,0.03138444478445969,73832.29800102806,0.005663989812288776,-18396.711544024467
train_OOF,2005-01-01,3,oil_cum,1,70,17015.359439603777,0.02537524244131671,27439.17551457057,0.0009120123843610297,16546.44160811986
train_OOF,2005-01-01,3,oil_cum,2,70,45175.29146382494,0.03463464220408901,50965.05904956535,0.0016591296478211353,44069.68536239527
train_OOF,2005-01-01,3,oil_cum,3,70,80555.72005087101,0.042257874236920845,84528.87010905753,0.002699108196119975,78280.79878934415
train_OOF,2005-01-01,3,oil_cum,4,70,114532.98204603545,0.046193101770793873,117684.31725224483,0.0036905869574902395,110252.05482519694
train_OOF,2005-01-01,3,oil_cum,5,70,140681.29213461262,0.046585045378378306,143340.80812860062,0.004420653311061927,133190.69757332647
train_OOF,2005-01-01,3,oil_cum,6,70,156337.48856393647,0.04401526535514049,158667.42125311348,0.004814780211716388,143458.09054240226
train_OOF,2005-01-01,3,oil_cum,7,70,161361.13537763857,0.039573288534457816,163386.0164238148,0.004880579141764433,139388.531640926
train_OOF,2005-01-01,3,oil_cum,8,70,159636.34760378883,0.034777083617625694,161298.8013524625,0.00474597942138307,122648.34668856805
train_OOF,2005-01-01,3,oil_cum,9,70,156226.43289490766,0.030756070719892403,157410.74852421638,0.004566249908715566,95070.70008588508
train_OOF,2005-01-01,3,oil_cum,10,70,157933.38052731278,0.02839360767304573,158448.74690130306,0.004533276025379144,56644.13041317484
train_OOF,2005-01-01,3,oil_cum,11,70,172491.6251877672,0.02856525396002804,172265.78967905534,0.004862754371437006,7749.664539032216
train_OOF,2005-01-01,3,oil_cum,12,70,204227.26578966202,0.03140504442871317,203383.05570853187,0.005667307396867313,-50362.59386042644
train_OOF,2005-01-01,3,water_cum,1,70,6685.578168126409,0.01150139322161158,14473.153820646918,0.0018537773836863815,-5448.67721224531
train_OOF,2005-01-01,3,water_cum,2,70,20518.824372531133,0.017369556632673262,25522.46123263581,0.0030364810808396416,-15503.025014835383
train_OOF,2005-01-01,3,water_cum,3,70,42421.389385048235,0.0235731582087174,46104.82379591992,0.00511050485312116,-29997.300676655705
train_OOF,2005-01-01,3,water_cum,4,70,72364.47257572539,0.029794738904303692,75420.67592724727,0.00781640751371943,-48674.19141246972
train_OOF,2005-01-01,3,water_cum,5,70,109512.08929666814,0.035851478233497325,112215.32066121882,0.010923028443212605,-71209.87273382286
train_OOF,2005-01-01,3,water_cum,6,70,155875.95564323815,0.04214086148044785,158353.78949277505,0.014506433764300945,-99887.57790190901
train_OOF,2005-01-01,3,water_cum,7,70,211757.25831165514,0.04854570142226459,214079.83081330318,0.018490585002506894,-135186.50083571047
train_OOF,2005-01-01,3,water_cum,8,70,276468.4657793206,0.0548968945030294,278666.2407727987,0.02274722023460234,-176411.16263569254
train_OOF,2005-01-01,3,water_cum,9,70,347598.14126962546,0.06092536021298396,349698.71232725156,0.027069607866811635,-221798.62338546827
train_OOF,2005-01-01,3,water_cum,10,70,428304.2315895347,0.06699764231951703,430330.10528507386,0.03163069360123187,-274164.52036031516
train_OOF,2005-01-01,3,water_cum,11,70,518503.9639759359,0.07304428359566441,520474.3241412885,0.03637304992551665,-333398.2950181368
train_OOF,2005-01-01,3,water_cum,12,70,616970.0925019946,0.07895484361717589,618895.7528526795,0.04119393009089577,-398592.6405996294
validation,2003-01-01,3,gas_cum,1,15,15418.470081348294,0.039638670527350865,15205.144053419392,0.0017611336495160096,13732.890939838626
validation,2003-01-01,3,gas_cum,2,15,51061.77215584444,0.06764952757015412,50722.642593127646,0.005636805284887147,46805.86032801283
validation,2003-01-01,3,gas_cum,3,15,102302.62377355,0.09281339227925181,101913.26929367968,0.010905631215673542,94362.773840272
validation,2003-01-01,3,gas_cum,4,15,163637.8979670037,0.11421754840622209,163219.75058220958,0.016870819656793865,150883.78855472064
validation,2003-01-01,3,gas_cum,5,15,233042.86198958437,0.1336145124938956,232597.60387746667,0.02329359917481404,214478.27349250435
validation,2003-01-01,3,gas_cum,6,15,310887.3693754621,0.1523474480271111,310419.2648791825,0.030192367613750097,285600.96037755714
validation,2003-01-01,3,gas_cum,7,15,397774.53128715337,0.17104040416369606,397289.465502314,0.037601548306574806,365007.25619199395
validation,2003-01-01,3,gas_cum,8,15,492158.9441553478,0.18954462964740348,491660.5028032513,0.045372414383722026,451363.10414973716
validation,2003-01-01,3,gas_cum,9,15,592235.9844909572,0.20799105309206548,591727.261538642,0.05337422803812216,543349.5638933019
validation,2003-01-01,3,gas_cum,10,15,703051.4706332721,0.22789699079574424,702534.611862549,0.06204346693244295,645994.6801217662
validation,2003-01-01,3,gas_cum,11,15,822762.525836188,0.24849103039266887,822238.8533883353,0.07119799753477261,757379.7261565155
validation,2003-01-01,3,gas_cum,12,15,946766.7464040681,0.2684540309905235,946237.3332684337,0.08043808300579113,872821.5654070029
validation,2003-01-01,3,oil_cum,1,15,43069.77707034833,0.040248788252295616,41991.62948729199,0.0017666457185192821,38334.48442410976
validation,2003-01-01,3,oil_cum,2,15,142192.40164903452,0.06848971682218058,140621.24304687366,0.0056765669464367416,130228.41484309385
validation,2003-01-01,3,oil_cum,3,15,283623.5996863663,0.09353849098101975,281844.84387223946,0.010955730456530888,261441.8642095613
validation,2003-01-01,3,oil_cum,4,15,452168.8006548201,0.11470581418106524,450261.6445644535,0.01690587446313608,416805.26894365
validation,2003-01-01,3,oil_cum,5,15,642597.631581775,0.13388055324716033,640583.45079678,0.023302940863773127,591421.9119157349
validation,2003-01-01,3,oil_cum,6,15,855903.1652762641,0.15238183102850286,853803.2243967531,0.03016463865151582,786333.5464712667
validation,2003-01-01,3,oil_cum,7,15,1093681.5446157428,0.1708192122229574,1091521.3490187821,0.03752364914544263,1003621.2702249006
validation,2003-01-01,3,oil_cum,8,15,1352620.3599242147,0.1892019185725927,1350417.5599903762,0.045264708653294655,1240573.6614559034
validation,2003-01-01,3,oil_cum,9,15,1627629.2348259988,0.20760499056263004,1625396.3858266363,0.0532514594789052,1493441.3820353667
validation,2003-01-01,3,oil_cum,10,15,1932380.9671631537,0.227497799695948,1930127.2141267792,0.06191223158655418,1775856.0037897308
validation,2003-01-01,3,oil_cum,11,15,2261919.471053986,0.24811805023683822,2259649.0775860935,0.07106833420452936,2082554.2115620046
validation,2003-01-01,3,oil_cum,12,15,2603325.257648781,0.2681087884153159,2601040.627797257,0.0803113815848265,2400411.2791105215
validation,2003-01-01,3,water_cum,1,15,7539.853892138852,0.016332482659328428,8281.397458748239,0.002527350828623806,436.6274928069363
validation,2003-01-01,3,water_cum,2,15,39011.609029368934,0.04166823951205065,39543.86839420916,0.010545210575537076,22892.41910504202
validation,2003-01-01,3,water_cum,3,15,101196.73685508968,0.07119069102876603,101631.67466446768,0.024006603434490622,70243.97622710039
validation,2003-01-01,3,water_cum,4,15,184244.19942502788,0.09580246338648682,184616.47091120822,0.03900479161697478,131256.91019920944
validation,2003-01-01,3,water_cum,5,15,285110.1469496207,0.11705685836623542,285424.80670996086,0.05443421362886749,204623.57284927208
validation,2003-01-01,3,water_cum,6,15,404114.6012737103,0.136365188524675,404385.8524155264,0.07009633997103659,291711.5073933632
validation,2003-01-01,3,water_cum,7,15,542214.320639292,0.1543998706032661,542455.1421234186,0.08590024546022168,394517.0372820826
validation,2003-01-01,3,water_cum,8,15,697250.891849676,0.17112109455386768,697471.4214280405,0.10144271930048752,512060.50616339373
validation,2003-01-01,3,water_cum,9,15,865004.2911770915,0.1864775551275792,865213.3777175656,0.11633217261525187,641600.8904803768
validation,2003-01-01,3,water_cum,10,15,1051216.3945262616,0.20133874402032667,1051418.7973663954,0.13113436523552408,788079.4947518581
validation,2003-01-01,3,water_cum,11,15,1256597.5017669606,0.2158606859631672,1256797.3722670851,0.14586558451961235,952694.0897882577
validation,2003-01-01,3,water_cum,12,15,1479394.9518802762,0.23000915385,1479595.264603307,0.16039161826026097,1134490.3141435524
validation,2003-01-01,5,gas_cum,1,15,15418.470081348294,0.039638670527350865,15205.144053419392,0.0017611336495160096,13732.890939838626
validation,2003-01-01,5,gas_cum,2,15,51061.77215584444,0.06764952757015412,50722.642593127646,0.005636805284887147,46805.86032801283
validation,2003-01-01,5,gas_cum,3,15,102302.62377355,0.09281339227925181,101913.26929367968,0.010905631215673542,94362.773840272
validation,2003-01-01,5,gas_cum,4,15,163637.8979670037,0.11421754840622209,163219.75058220958,0.016870819656793865,150883.78855472064
validation,2003-01-01,5,gas_cum,5,15,233042.86198958437,0.1336145124938956,232597.60387746667,0.02329359917481404,214478.27349250435
validation,2003-01-01,5,gas_cum,6,15,310887.3693754621,0.1523474480271111,310419.2648791825,0.030192367613750097,285600.96037755714
validation,2003-01-01,5,gas_cum,7,15,397774.53128715337,0.17104040416369606,397289.465502314,0.037601548306574806,365007.25619199395
validation,2003-01-01,5,gas_cum,8,15,492158.9441553478,0.18954462964740348,491660.5028032513,0.045372414383722026,451363.10414973716
validation,2003-01-01,5,gas_cum,9,15,592235.9844909572,0.20799105309206548,591727.261538642,0.05337422803812216,543349.5638933019
validation,2003-01-01,5,gas_cum,10,15,703051.4706332721,0.22789699079574424,702534.611862549,0.06204346693244295,645994.6801217662
validation,2003-01-01,5,gas_cum,11,15,822762.525836188,0.24849103039266887,822238.8533883353,0.07119799753477261,757379.7261565155
validation,2003-01-01,5,gas_cum,12,15,946766.7464040681,0.2684540309905235,946237.3332684337,0.08043808300579113,872821.5654070029
validation,2003-01-01,5,gas_cum,13,15,1069838.8173570074,0.28679068098945276,1069304.7037175857,0.08935898289921551,987144.099152265
validation,2003-01-01,5,gas_cum,14,15,1194105.423540866,0.30376532132858197,1193567.1896430738,0.0981053982462725,1102158.1797995155
validation,2003-01-01,5,gas_cum,15,15,1318951.2182453638,0.3194171815072412,1318409.2679824147,0.10663712442623983,1217181.4113758237
validation,2003-01-01,5,gas_cum,16,15,1443181.029134838,0.33385053297241163,1442635.5304771534,0.11489431765266518,1331063.4737942307
validation,2003-01-01,5,gas_cum,17,15,1564127.768945023,0.34697762821492295,1563579.0632314011,0.12272673111834027,1441343.5762997803
validation,2003-01-01,5,gas_cum,18,15,1685829.3196908624,0.3593984801944623,1685277.7122080873,0.13041664971864933,1551707.5102338274
validation,2003-01-01,5,gas_cum,19,15,1808367.3181847257,0.37123577735936736,1807813.050041457,0.13798140194485622,1662221.7375261337
validation,2003-01-01,5,gas_cum,20,15,1930596.103017257,0.38250115133704277,1930039.343002937,0.1453666762768067,1771858.2737749645
validation,2003-01-01,5,oil_cum,1,15,43069.77707034833,0.040248788252295616,41991.62948729199,0.0017666457185192821,38334.48442410976
validation,2003-01-01,5,oil_cum,2,15,142192.40164903452,0.06848971682218058,140621.24304687366,0.0056765669464367416,130228.41484309385
validation,2003-01-01,5,oil_cum,3,15,283623.5996863663,0.09353849098101975,281844.84387223946,0.010955730456530888,261441.8642095613
validation,2003-01-01,5,oil_cum,4,15,452168.8006548201,0.11470581418106524,450261.6445644535,0.01690587446313608,416805.26894365
validation,2003-01-01,5,oil_cum,5,15,642597.631581775,0.13388055324716033,640583.45079678,0.023302940863773127,591421.9119157349
validation,2003-01-01,5,oil_cum,6,15,855903.1652762641,0.15238183102850286,853803.2243967531,0.03016463865151582,786333.5464712667
validation,2003-01-01,5,oil_cum,7,15,1093681.5446157428,0.1708192122229574,1091521.3490187821,0.03752364914544263,1003621.2702249006
validation,2003-01-01,5,oil_cum,8,15,1352620.3599242147,0.1892019185725927,1350417.5599903762,0.045264708653294655,1240573.6614559034
validation,2003-01-01,5,oil_cum,9,15,1627629.2348259988,0.20760499056263004,1625396.3858266363,0.0532514594789052,1493441.3820353667
validation,2003-01-01,5,oil_cum,10,15,1932380.9671631537,0.227497799695948,1930127.2141267792,0.06191223158655418,1775856.0037897308
validation,2003-01-01,5,oil_cum,11,15,2261919.471053986,0.24811805023683822,2259649.0775860935,0.07106833420452936,2082554.2115620046
validation,2003-01-01,5,oil_cum,12,15,2603325.257648781,0.2681087884153159,2601040.627797257,0.0803113815848265,2400411.2791105215
validation,2003-01-01,5,oil_cum,13,15,2942136.52425694,0.2864657146123737,2939839.6496891356,0.08923412214727294,2715146.4989292067
validation,2003-01-01,5,oil_cum,14,15,3284113.269393868,0.30344428420815456,3281805.1639948967,0.09797836421001334,3031686.476061186
validation,2003-01-01,5,oil_cum,15,15,3627444.9920722865,0.31907298943710294,3625126.114356182,0.10650034783171036,3348080.042381814
validation,2003-01-01,5,oil_cum,16,15,3969216.8692169823,0.3334998427231029,3966887.243139265,0.1147523531383702,3661463.6783896815
validation,2003-01-01,5,oil_cum,17,15,4302193.063582727,0.3466454852434847,4299853.408819005,0.12258720725941306,3965104.0594431153
validation,2003-01-01,5,oil_cum,18,15,4637270.369688413,0.35908560079268503,4634921.298651329,0.13028019870018293,4268971.103328649
validation,2003-01-01,5,oil_cum,19,15,4974543.950504661,0.37092996165869,4972185.969672922,0.13784461960515412,4573145.288945254
validation,2003-01-01,5,oil_cum,20,15,5310928.343134028,0.3821978104840939,5308561.646359819,0.14522833256937165,4874859.485612049
validation,2003-01-01,5,water_cum,1,15,7539.853892138852,0.016332482659328428,8281.397458748239,0.002527350828623806,436.6274928069363
validation,2003-01-01,5,water_cum,2,15,39011.609029368934,0.04166823951205065,39543.86839420916,0.010545210575537076,22892.41910504202
validation,2003-01-01,5,water_cum,3,15,101196.73685508968,0.07119069102876603,101631.67466446768,0.024006603434490622,70243.97622710039
validation,2003-01-01,5,water_cum,4,15,184244.19942502788,0.09580246338648682,184616.47091120822,0.03900479161697478,131256.91019920944
validation,2003-01-01,5,water_cum,5,15,285110.1469496207,0.11705685836623542,285424.80670996086,0.05443421362886749,204623.57284927208
validation,2003-01-01,5,water_cum,6,15,404114.6012737103,0.136365188524675,404385.8524155264,0.07009633997103659,291711.5073933632
validation,2003-01-01,5,water_cum,7,15,542214.320639292,0.1543998706032661,542455.1421234186,0.08590024546022168,394517.0372820826
validation,2003-01-01,5,water_cum,8,15,697250.891849676,0.17112109455386768,697471.4214280405,0.10144271930048752,512060.50616339373
validation,2003-01-01,5,water_cum,9,15,865004.2911770915,0.1864775551275792,865213.3777175656,0.11633217261525187,641600.8904803768
validation,2003-01-01,5,water_cum,10,15,1051216.3945262616,0.20133874402032667,1051418.7973663954,0.13113436523552408,788079.4947518581
validation,2003-01-01,5,water_cum,11,15,1256597.5017669606,0.2158606859631672,1256797.3722670851,0.14586558451961235,952694.0897882577
validation,2003-01-01,5,water_cum,12,15,1479394.9518802762,0.23000915385,1479595.264603307,0.16039161826026097,1134490.3141435524
validation,2003-01-01,5,water_cum,13,15,1713798.5885725042,0.24346378691697626,1714001.6000690053,0.17435385022114255,1328446.6878800064
validation,2003-01-01,5,water_cum,14,15,1965492.5925315158,0.2564279348671093,1965699.0310626095,0.18802006625420703,1538852.2296418299
validation,2003-01-01,5,water_cum,15,15,2234250.7859176816,0.26887491455899853,2234461.38225599,0.20133814026096392,1765285.5635169374
validation,2003-01-01,5,water_cum,16,15,2517256.072194997,0.28075302885136594,2517471.531763725,0.21419410972669292,2005592.4887094102
validation,2003-01-01,5,water_cum,17,15,2808799.7049918426,0.29202722975700446,2809020.3963392824,0.22645617921955377,2254910.5223226678
validation,2003-01-01,5,water_cum,18,15,3117472.72365749,0.3030032213210003,3117698.698046466,0.23847561294599146,2520003.7736898223
validation,2003-01-01,5,water_cum,19,15,3443975.808424578,0.31375379440838935,3444206.8899134877,0.2502967933159205,2801473.0034153545
validation,2003-01-01,5,water_cum,20,15,3785085.4399766303,0.3242100148355333,3785321.3242633673,0.2618223918397249,3096481.6168924044
validation,2004-01-01,3,gas_cum,1,15,4899.462487101049,0.01573025071894461,3908.777448154165,0.00039144640195356797,4537.63475350067
validation,2004-01-01,3,gas_cum,2,15,12370.142600651461,0.02034629172249812,10062.886339819144,0.0009787484154549935,10916.709389917303
validation,2004-01-01,3,gas_cum,3,15,22572.78413878979,0.025278646653732445,20032.5055450599,0.0018959808662480384,19461.981551014756
validation,2004-01-01,3,gas_cum,4,15,34966.773357246304,0.030043176636252087,32326.976653765218,0.002983263801230127,29880.749686897172
validation,2004-01-01,3,gas_cum,5,15,49950.55218161919,0.03530639568439293,47269.726564508586,0.0042637636102709825,42998.42068964851
validation,2004-01-01,3,gas_cum,6,15,70008.38216743534,0.04236944066651771,67307.41752261952,0.00594417052606343,61603.76947953229
validation,2004-01-01,3,gas_cum,7,15,93644.45252309332,0.04985230673076465,90943.49322402113,0.007874834155166576,83939.87366123497
validation,2004-01-01,3,gas_cum,8,15,117571.1543426394,0.05614209329742812,114880.8022305994,0.009765828487952242,106517.33291378927
validation,2004-01-01,3,gas_cum,9,15,139044.11145420893,0.06051039629687155,136364.65846432405,0.011395636006656142,126570.14374403059
validation,2004-01-01,3,gas_cum,10,15,157164.06134831987,0.0629025578055096,154499.8937069604,0.01269913728582031,143078.58837695868
validation,2004-01-01,3,gas_cum,11,15,171452.10932621476,0.06357576050006754,168805.41351893527,0.0136535174034302,155501.65404387898
validation,2004-01-01,3,gas_cum,12,15,182093.29106293374,0.06299788434086552,179464.94469925383,0.014292939504251733,163992.50649341542
validation,2004-01-01,3,oil_cum,1,15,13176.779582030607,0.015360750333519354,12272.126528355777,0.00044643151240842765,12106.074517787
validation,2004-01-01,3,oil_cum,2,15,33174.65791756495,0.019806978939676218,28567.207754476203,0.0010092717789926308,28851.812259937327
validation,2004-01-01,3,oil_cum,3,15,60375.2850884703,0.024536244145189286,55055.32968524783,0.001892658239394971,51133.4865884006
validation,2004-01-01,3,oil_cum,4,15,93840.51056157865,0.029259336150615177,88275.4041272779,0.002958907353886567,79105.66835744778
validation,2004-01-01,3,oil_cum,5,15,134617.37918084508,0.034533424705434634,128989.75322940688,0.004225979999208866,114920.72900912588
validation,2004-01-01,3,oil_cum,6,15,189426.7180291731,0.04161161153087601,183794.3869664496,0.00589552883711019,166047.91750915846
validation,2004-01-01,3,oil_cum,7,15,254406.6885394609,0.04916488332838174,248793.7156523349,0.007824823379590949,227669.3237187291
validation,2004-01-01,3,oil_cum,8,15,320313.99923625303,0.05552999762860073,314735.7039781047,0.009717979392717433,289945.719816673
validation,2004-01-01,3,oil_cum,9,15,379449.9324376879,0.059954901855518855,373900.765585049,0.011349158649079101,345229.71934390935
validation,2004-01-01,3,oil_cum,10,15,429189.4910998803,0.06236972500282196,423676.68347523647,0.012648876556186626,390657.77373182453
validation,2004-01-01,3,oil_cum,11,15,468115.05982693227,0.06302510451019361,462644.692630906,0.013591753537224685,424667.9041842701
validation,2004-01-01,3,oil_cum,12,15,497190.5213441327,0.06245634296213715,491765.0719139279,0.014225561689705419,447984.23757081904
validation,2004-01-01,3,water_cum,1,15,5682.386370237691,0.01107408670441305,8926.414700102268,0.00170238309110598,-2102.798999753594
validation,2004-01-01,3,water_cum,2,15,17577.9088172547,0.016874742052301807,18971.50384352735,0.0032885249947153237,-5283.799580495525
validation,2004-01-01,3,water_cum,3,15,35429.10069212244,0.022272659978891312,36133.33715568655,0.005721878713916288,-9318.747075941072
validation,2004-01-01,3,water_cum,4,15,58859.168344166406,0.02732208578299889,59215.03223622986,0.008612444480105388,-14719.711622722292
validation,2004-01-01,3,water_cum,5,15,87048.96674141906,0.03201538511606715,87226.74320409226,0.011728062473852684,-21374.103867402206
validation,2004-01-01,3,water_cum,6,15,120492.0753910313,0.03648988051990115,120519.31472240182,0.015031330878170619,-28884.663200182375
validation,2004-01-01,3,water_cum,7,15,159377.2267294271,0.04083633943555018,159308.07574038615,0.018489508411884098,-36806.03275161991
validation,2004-01-01,3,water_cum,8,15,203132.8161556116,0.04500179661910438,202994.08405708594,0.02200503774111814,-44652.96683006724
validation,2004-01-01,3,water_cum,9,15,250410.7509225892,0.04889260571500374,250224.8217506802,0.0254536874944421,-52879.30771881413
validation,2004-01-01,3,water_cum,10,15,303800.4521437767,0.05285610880362027,303571.215444748,0.02903673407720864,-63726.91813550809
validation,2004-01-01,3,water_cum,11,15,364085.1176495713,0.05695264757665536,363825.77441752906,0.032782846632270955,-78210.12451533551
validation,2004-01-01,3,water_cum,12,15,430777.19275443273,0.061107225318754316,430499.3882315695,0.036628193024905796,-96150.36542470175
validation,2005-01-01,3,gas_cum,1,15,6409.713016863238,0.02554639885478459,5405.011035693166,0.00048753591446422574,6338.299185658743
validation,2005-01-01,3,gas_cum,2,15,16654.689424567954,0.034094058468396554,14935.061269176784,0.0013189712853172181,16465.419874851283
validation,2005-01-01,3,gas_cum,3,15,29164.083860113053,0.04080930260210209,27344.88705799529,0.0023678049186326663,28726.54690698969
validation,2005-01-01,3,gas_cum,4,15,40802.242158918365,0.04385283596245163,39021.08159246582,0.0033171181158840285,39864.52004739319
validation,2005-01-01,3,gas_cum,5,15,49354.24950299533,0.043515092109736996,47667.40141756454,0.003983439419384778,47538.55023222292
validation,2005-01-01,3,gas_cum,6,15,53945.38416517306,0.04041030003991352,52435.510646698094,0.004309943083957686,50459.61570207688
validation,2005-01-01,3,gas_cum,7,15,54784.16482611277,0.03572936078962329,53575.66951156828,0.0043333701261575285,48168.73201680097
validation,2005-01-01,3,gas_cum,8,15,53356.200100006456,0.03089445132403536,52624.42439887459,0.004191112173130214,41073.7733179645
validation,2005-01-01,3,gas_cum,9,15,51915.06525282351,0.027149088240775967,51878.51586275267,0.004071991507706914,29778.903173518553
validation,2005-01-01,3,gas_cum,10,15,53584.679560325574,0.025574936132708347,54424.14039512735,0.004211658412577122,14269.968229904274
validation,2005-01-01,3,gas_cum,11,15,61621.860054603996,0.027076229665571352,63260.88352456777,0.004828389416034998,-5196.584946874902
validation,2005-01-01,3,gas_cum,12,15,76847.13243416269,0.0313393100302615,78996.71288187156,0.005949873317382107,-28006.02029434604
validation,2005-01-01,3,oil_cum,1,15,17409.137223369882,0.025193385113212348,14259.059747687092,0.00046715727251668413,17178.694321357212
validation,2005-01-01,3,oil_cum,2,15,45569.01123955615,0.03387577172487285,39178.44976454541,0.001256717814904292,44992.271398581564
validation,2005-01-01,3,oil_cum,3,15,80158.33313226048,0.04073904139707719,73254.21085564887,0.0023039217861827326,78903.90448862886
validation,2005-01-01,3,oil_cum,4,15,112346.37121676852,0.04385947669625529,105514.46504701927,0.003257931604200426,109713.42617572272
validation,2005-01-01,3,oil_cum,5,15,135993.13285939748,0.04355534940471172,129467.83882959433,0.003929788805142858,130943.5227817466
validation,2005-01-01,3,oil_cum,6,15,148643.40844601506,0.04044752990158638,142730.057647287,0.004261208960637686,138990.09538027446
validation,2005-01-01,3,oil_cum,7,15,150882.00263011502,0.035743325468118876,146038.77896378163,0.004290383359345068,132516.97504295534
validation,2005-01-01,3,oil_cum,8,15,147100.65783223748,0.030938104677690086,143983.2774080382,0.004165084329967448,112949.2335131526
validation,2005-01-01,3,oil_cum,9,15,143404.94635186592,0.02724101094402487,142821.70837955945,0.004071793315176592,81989.22411070912
validation,2005-01-01,3,oil_cum,10,15,148186.72356758043,0.025691670791576447,150813.6978972613,0.004239130993331377,39424.08866599649
validation,2005-01-01,3,oil_cum,11,15,170357.04459368135,0.027190993113182675,175956.66544257797,0.00487807168976808,-14142.712866673866
validation,2005-01-01,3,oil_cum,12,15,212236.4804476146,0.031440735941969604,219783.53401467626,0.006012701424131061,-76956.97928166614
validation,2005-01-01,3,water_cum,1,15,6592.055416052623,0.011671492686822894,10435.523543855697,0.001403107207423036,-5054.024373849295
validation,2005-01-01,3,water_cum,2,15,19458.297988407438,0.01694978345732155,21523.393966705855,0.0026844266172602197,-12254.987558656558
validation,2005-01-01,3,water_cum,3,15,39881.83495610469,0.022804533697767436,41213.741373938516,0.004783321964546659,-21060.082760670844
validation,2005-01-01,3,water_cum,4,15,68263.64229573813,0.028925306530625913,69232.52441403872,0.00750496902271978,-30832.64465662036
validation,2005-01-01,3,water_cum,5,15,104279.34256884782,0.03513647572981425,105071.16168180811,0.01068818231307012,-41785.417629813586
validation,2005-01-01,3,water_cum,6,15,150109.6506170176,0.0417674274785893,150808.14257799476,0.01442487202319089,-56067.195586381415
validation,2005-01-01,3,water_cum,7,15,206073.68651979257,0.048612858980400526,206750.61615923245,0.018629449085971854,-74541.19570576945
validation,2005-01-01,3,water_cum,8,15,271666.82099567965,0.0554887967208298,272356.6135681986,0.023172926341115986,-96821.3060438058
validation,2005-01-01,3,water_cum,9,15,344479.31481329165,0.062086386559563236,345186.30789414566,0.027828054401628187,-121305.78058858651
validation,2005-01-01,3,water_cum,10,15,426877.17238137336,0.06864103579502041,427608.3242402999,0.032708150177536484,-149874.68366298426
validation,2005-01-01,3,water_cum,11,15,518597.4329421442,0.07507887837246255,519351.0681585577,0.03774218887546276,-182266.5333004527
validation,2005-01-01,3,water_cum,12,15,618385.4220729002,0.08130487613205784,619161.6253108858,0.04282605459017796,-217952.27828280156
