Case_Sheet,Designation,Forecast_Horizon_Qtrs,Fault_Transmissibility,Porosity_Multiplier,Permeability_Multiplier,Aquifer_Pore_Volume,GLS_Misfit,Oil_Cum_NRMSE,Water_Cum_NRMSE,Terminal_Oil_Rel_Err,Terminal_Water_Rel_Err,Selection_Type,Selection_Rationale
Case 1,Case 1 (P10 Optimistic),40,0.042254685666064794,1.4143621414215155,3.398040822368535,61.085923883433665,43.1281782457939,0.015167147646398793,0.07695655881637856,0.02451481154163393,0.08763784941298994,Coherent Posterior Quantile,Matches 90th percentile of EUR posterior while preserving GLS match
Case 2,Case 2 (P50 Base Case),80,0.12024946610892696,1.2523555573898422,4.041404783359437,58.27553859769087,42.41014523688443,0.01896426395196891,0.06366564228129472,0.01828724057034297,0.025723979516734156,Coherent Posterior Quantile,Matches 50th percentile of EUR posterior while preserving GLS match
Case 3,Case 3 (P90 Pessimistic),80,0.14228297878647314,1.1068022846981969,3.2519172083011725,193.62667416194026,42.97024287977563,0.06276608864705019,0.2522633629123937,0.07464474728776083,0.18291714109307977,Coherent Posterior Quantile,Matches 10th percentile of EUR posterior while preserving GLS match
Case 4,Case 4 (Representative P15),80,0.06409238297522789,1.1070530778127348,5.342548661315224,99.88666546507561,42.77681387211778,0.05566328051676302,0.22829796062792374,0.06523629418286371,0.1635218482617088,Coherent Posterior Quantile,Matches 15th percentile of EUR posterior while preserving GLS match
Case 5,Case 5 (Representative P25),80,0.04632000925910933,1.130890141759303,7.953174153665113,170.81307504513097,42.57500694412562,0.046984914511519205,0.2107546694870616,0.05197324645880463,0.15340538620755206,Coherent Posterior Quantile,Matches 25th percentile of EUR posterior while preserving GLS match
Case 6,Case 6 (Representative P35),80,0.08185859100845543,1.1764055467107155,6.1716571593113665,137.79271386935005,42.42745681319704,0.036282462124974754,0.16371006452243383,0.03878617237537418,0.11461826568777647,Coherent Posterior Quantile,Matches 35th percentile of EUR posterior while preserving GLS match
Case 7,Case 7 (Representative P60),80,0.11399763055713344,1.2909977799302212,3.8435814327006517,80.15484555879333,42.44338838701139,0.0108638168747383,0.04258382339654142,0.007538797979692175,0.009305572147236693,Coherent Posterior Quantile,Matches 60th percentile of EUR posterior while preserving GLS match
Case 8,Case 8 (Representative P70),80,0.11409188593221298,1.319455066731178,8.104405787287043,172.19120905892456,42.40417909904165,0.005602563915130482,0.026510748989662825,0.0011018142688812712,0.0029148384062930204,Coherent Posterior Quantile,Matches 70th percentile of EUR posterior while preserving GLS match
Case 9,Case 9 (Representative P80),80,0.1299226174157938,1.3342098337429906,8.227257938812297,59.10636442451969,42.76089473025648,0.0057039358457133486,0.031345348181397045,0.012457360823626026,0.04743311090835201,Coherent Posterior Quantile,Matches 80th percentile of EUR posterior while preserving GLS match
Case 10,Case 10 (Representative P85),80,0.048329953702239935,1.402479997315985,3.8461558248440753,124.90617000975212,42.80463402542842,0.009785438893856803,0.04615157044458174,0.018396637235195135,0.05880500960384106,Coherent Posterior Quantile,Matches 85th percentile of EUR posterior while preserving GLS match
