seed,candidate,macro_cum_nrmse,oil_cum_nrmse,gas_cum_nrmse,water_cum_nrmse,worst_case_oil
42,Standalone_HypDCA,0.1862662901003387,0.0882206845166568,0.08790600804168487,0.38267217774267454,0.11225981930687888
42,Standalone_ExpDCA,0.20802379555748093,0.12085045962769829,0.12054874930207006,0.38267217774267454,0.13824438584596174
42,Standalone_ExtraTrees,0.3878882089071149,0.3769409262336567,0.3773700770566155,0.4093536234310726,0.6351118353514932
42,Blend_Equal_Weight,0.10412015275344973,0.05525704490028218,0.05524343246998592,0.2018599808900811,0.22545812429285458
42,Blend_Global_Simplex,0.06471128283009582,0.04987552896984045,0.04990563746546636,0.09435268205498065,0.15280922333306915
42,Blend_Phase_Simplex,0.04995985607488971,0.043187301459562434,0.04307116566039349,0.06362110110471321,0.11053702570895346
42,Blend_Phase_Simplex_Reg001,0.04994078631529581,0.04315559236342192,0.043039688131883115,0.06362707845058238,0.11069468823862577
42,Blend_Phase_Simplex_Reg005,0.05023124112856797,0.04357865098409878,0.04346433715270419,0.06365073524890096,0.11161500665143645
42,Blend_Phase_Simplex_Reg010,0.05044883909876863,0.04389051870729842,0.04377725160310412,0.06367874698590333,0.11218310754964998
42,Horizon_Phase_Adaptive,0.08013085089279473,0.07221744513955311,0.07254169518672011,0.09563341235211097,0.20039391684477056
42,Smooth_Phase_Gating,0.09137165125449623,0.08504968959038274,0.08537625365338913,0.10368901051971677,0.24008448312283717
42,Geological_Regime_Conditioned,0.0502831356249802,0.04338967725675813,0.043278996556670314,0.06418073306151215,0.10845253959127249
123,Standalone_HypDCA,0.18618229562446123,0.08810803144276429,0.0877933713403305,0.3826454840902888,0.11219180341387677
123,Standalone_ExpDCA,0.20792399411203027,0.12071412418475318,0.1204123740610487,0.3826454840902888,0.13862593947344723
123,Standalone_ExtraTrees,0.3867074481410604,0.3765248713449211,0.3769536919727014,0.4066437811055587,0.6412849313736652
123,Blend_Equal_Weight,0.15767226277238194,0.042712184624585,0.04273017855855906,0.38757442513400187,0.208181507149399
123,Blend_Global_Simplex,0.06854791190392517,0.044282145673546415,0.044316028997824636,0.11704556104040445,0.1335224784957083
123,Blend_Phase_Simplex,0.04959876193329582,0.043094706649278766,0.04300661888189526,0.06269496026871343,0.1167210780127583
123,Blend_Phase_Simplex_Reg001,0.049566178473157224,0.043053618388571906,0.042965921028770476,0.06267899600212928,0.11698103151168429
123,Blend_Phase_Simplex_Reg005,0.04978765718245131,0.04341625295414351,0.04333049218637244,0.06261622640683795,0.1180921616837435
123,Blend_Phase_Simplex_Reg010,0.049958227217904265,0.04369036388236816,0.04360553492694443,0.06257878284440019,0.11865406890885385
123,Horizon_Phase_Adaptive,0.07902715363808875,0.07243288697421824,0.07275723553591314,0.09189133840413488,0.22516770548478873
123,Smooth_Phase_Gating,0.09128125673228804,0.0853482611069605,0.08566958705701706,0.10282592203288657,0.2312570720406571
123,Geological_Regime_Conditioned,0.04921598485872868,0.042648976873892935,0.0425646821526953,0.0624342955495978,0.11132514849283247
