case_num,metric,split,raw_rows,invalid_value_rows,unique_timestamps,duplicate_extra_rows,conflicting_timestamps,usable_timestamps,start,end,median_step_days,min_step_days,max_step_days,negative_values,cumulative_decreases
0,gas_cum,history,11096,11055,11096,0,0,41,1998-01-01,2008-01-01,0.1318359375,0.00012207175925925927,50.0,0,0
0,gas_rate,history,11096,11055,11096,0,0,41,1998-01-01,2008-01-01,0.1318359375,0.00012207175925925927,50.0,0,0
0,oil_cum,history,11096,11055,11096,0,0,41,1998-01-01,2008-01-01,0.1318359375,0.00012207175925925927,50.0,0,0
0,oil_rate,history,11096,11055,11096,0,0,41,1998-01-01,2008-01-01,0.1318359375,0.00012207175925925927,50.0,0,0
0,water_cum,history,11096,11055,11096,0,0,41,1998-01-01,2008-01-01,0.1318359375,0.00012207175925925927,50.0,0,0
0,water_rate,history,11096,11055,11096,0,0,41,1998-01-01,2008-01-01,0.1318359375,0.00012207175925925927,50.0,0,0
1,gas_cum,train,11096,10922,11096,0,0,174,1998-01-01,2008-01-01,0.1318359375,0.00012207175925925927,50.0,0,0
1,gas_rate,train,11096,10922,11096,0,0,174,1998-01-01,2008-01-01,0.1318359375,0.00012207175925925927,50.0,0,0
1,oil_cum,train,11096,10922,11096,0,0,174,1998-01-01,2008-01-01,0.1318359375,0.00012207175925925927,50.0,0,0
1,oil_rate,train,11096,10922,11096,0,0,174,1998-01-01,2008-01-01,0.1318359375,0.00012207175925925927,50.0,0,0
1,water_cum,train,11096,10922,11096,0,0,174,1998-01-01,2008-01-01,0.1318359375,0.00012207175925925927,50.0,0,0
1,water_rate,train,11096,10922,11096,0,0,174,1998-01-01,2008-01-01,0.1318359375,0.00012207175925925927,50.0,0,0
2,gas_cum,train,11096,10927,11096,0,0,169,1998-01-01,2008-01-01,0.1318359375,0.00012207175925925927,50.0,0,0
2,gas_rate,train,11096,10927,11096,0,0,169,1998-01-01,2008-01-01,0.1318359375,0.00012207175925925927,50.0,0,0
2,oil_cum,train,11096,10927,11096,0,0,169,1998-01-01,2008-01-01,0.1318359375,0.00012207175925925927,50.0,0,0
2,oil_rate,train,11096,10927,11096,0,0,169,1998-01-01,2008-01-01,0.1318359375,0.00012207175925925927,50.0,0,0
2,water_cum,train,11096,10927,11096,0,0,169,1998-01-01,2008-01-01,0.1318359375,0.00012207175925925927,50.0,0,0
2,water_rate,train,11096,10927,11096,0,0,169,1998-01-01,2008-01-01,0.1318359375,0.00012207175925925927,50.0,0,0
3,gas_cum,train,11096,10910,11096,0,0,186,1998-01-01,2008-01-01,0.1318359375,0.00012207175925925927,50.0,0,0
3,gas_rate,train,11096,10910,11096,0,0,186,1998-01-01,2008-01-01,0.1318359375,0.00012207175925925927,50.0,0,0
3,oil_cum,train,11096,10910,11096,0,0,186,1998-01-01,2008-01-01,0.1318359375,0.00012207175925925927,50.0,0,0
3,oil_rate,train,11096,10910,11096,0,0,186,1998-01-01,2008-01-01,0.1318359375,0.00012207175925925927,50.0,0,0
3,water_cum,train,11096,10910,11096,0,0,186,1998-01-01,2008-01-01,0.1318359375,0.00012207175925925927,50.0,0,0
3,water_rate,train,11096,10910,11096,0,0,186,1998-01-01,2008-01-01,0.1318359375,0.00012207175925925927,50.0,0,0
4,gas_cum,train,11096,10936,11096,0,0,160,1998-01-01,2008-01-01,0.1318359375,0.00012207175925925927,50.0,0,0
4,gas_rate,train,11096,10936,11096,0,0,160,1998-01-01,2008-01-01,0.1318359375,0.00012207175925925927,50.0,0,0
4,oil_cum,train,11096,10936,11096,0,0,160,1998-01-01,2008-01-01,0.1318359375,0.00012207175925925927,50.0,0,0
4,oil_rate,train,11096,10936,11096,0,0,160,1998-01-01,2008-01-01,0.1318359375,0.00012207175925925927,50.0,0,0
4,water_cum,train,11096,10936,11096,0,0,160,1998-01-01,2008-01-01,0.1318359375,0.00012207175925925927,50.0,0,0
4,water_rate,train,11096,10936,11096,0,0,160,1998-01-01,2008-01-01,0.1318359375,0.00012207175925925927,50.0,0,0
5,gas_cum,train,11096,10914,11096,0,0,182,1998-01-01,2008-01-01,0.1318359375,0.00012207175925925927,50.0,0,0
5,gas_rate,train,11096,10914,11096,0,0,182,1998-01-01,2008-01-01,0.1318359375,0.00012207175925925927,50.0,0,0
5,oil_cum,train,11096,10914,11096,0,0,182,1998-01-01,2008-01-01,0.1318359375,0.00012207175925925927,50.0,0,0
5,oil_rate,train,11096,10914,11096,0,0,182,1998-01-01,2008-01-01,0.1318359375,0.00012207175925925927,50.0,0,0
5,water_cum,train,11096,10914,11096,0,0,182,1998-01-01,2008-01-01,0.1318359375,0.00012207175925925927,50.0,0,0
5,water_rate,train,11096,10914,11096,0,0,182,1998-01-01,2008-01-01,0.1318359375,0.00012207175925925927,50.0,0,0
6,gas_cum,train,11096,10936,11096,0,0,160,1998-01-01,2008-01-01,0.1318359375,0.00012207175925925927,50.0,0,0
6,gas_rate,train,11096,10936,11096,0,0,160,1998-01-01,2008-01-01,0.1318359375,0.00012207175925925927,50.0,0,0
6,oil_cum,train,11096,10936,11096,0,0,160,1998-01-01,2008-01-01,0.1318359375,0.00012207175925925927,50.0,0,0
6,oil_rate,train,11096,10936,11096,0,0,160,1998-01-01,2008-01-01,0.1318359375,0.00012207175925925927,50.0,0,0
6,water_cum,train,11096,10936,11096,0,0,160,1998-01-01,2008-01-01,0.1318359375,0.00012207175925925927,50.0,0,0
6,water_rate,train,11096,10936,11096,0,0,160,1998-01-01,2008-01-01,0.1318359375,0.00012207175925925927,50.0,0,0
7,gas_cum,train,11096,10932,11096,0,0,164,1998-01-01,2008-01-01,0.1318359375,0.00012207175925925927,50.0,0,0
7,gas_rate,train,11096,10932,11096,0,0,164,1998-01-01,2008-01-01,0.1318359375,0.00012207175925925927,50.0,0,0
7,oil_cum,train,11096,10932,11096,0,0,164,1998-01-01,2008-01-01,0.1318359375,0.00012207175925925927,50.0,0,0
7,oil_rate,train,11096,10932,11096,0,0,164,1998-01-01,2008-01-01,0.1318359375,0.00012207175925925927,50.0,0,0
7,water_cum,train,11096,10932,11096,0,0,164,1998-01-01,2008-01-01,0.1318359375,0.00012207175925925927,50.0,0,0
7,water_rate,train,11096,10932,11096,0,0,164,1998-01-01,2008-01-01,0.1318359375,0.00012207175925925927,50.0,0,0
8,gas_cum,train,11096,10927,11096,0,0,169,1998-01-01,2008-01-01,0.1318359375,0.00012207175925925927,50.0,0,0
8,gas_rate,train,11096,10927,11096,0,0,169,1998-01-01,2008-01-01,0.1318359375,0.00012207175925925927,50.0,0,0
8,oil_cum,train,11096,10927,11096,0,0,169,1998-01-01,2008-01-01,0.1318359375,0.00012207175925925927,50.0,0,0
8,oil_rate,train,11096,10927,11096,0,0,169,1998-01-01,2008-01-01,0.1318359375,0.00012207175925925927,50.0,0,0
8,water_cum,train,11096,10927,11096,0,0,169,1998-01-01,2008-01-01,0.1318359375,0.00012207175925925927,50.0,0,0
8,water_rate,train,11096,10927,11096,0,0,169,1998-01-01,2008-01-01,0.1318359375,0.00012207175925925927,50.0,0,0
9,gas_cum,train,11096,10911,11096,0,0,185,1998-01-01,2008-01-01,0.1318359375,0.00012207175925925927,50.0,0,0
9,gas_rate,train,11096,10911,11096,0,0,185,1998-01-01,2008-01-01,0.1318359375,0.00012207175925925927,50.0,0,0
9,oil_cum,train,11096,10911,11096,0,0,185,1998-01-01,2008-01-01,0.1318359375,0.00012207175925925927,50.0,0,0
9,oil_rate,train,11096,10911,11096,0,0,185,1998-01-01,2008-01-01,0.1318359375,0.00012207175925925927,50.0,0,0
9,water_cum,train,11096,10911,11096,0,0,185,1998-01-01,2008-01-01,0.1318359375,0.00012207175925925927,50.0,0,0
9,water_rate,train,11096,10911,11096,0,0,185,1998-01-01,2008-01-01,0.1318359375,0.00012207175925925927,50.0,0,0
10,gas_cum,train,11096,10931,11096,0,0,165,1998-01-01,2008-01-01,0.1318359375,0.00012207175925925927,50.0,0,0
10,gas_rate,train,11096,10931,11096,0,0,165,1998-01-01,2008-01-01,0.1318359375,0.00012207175925925927,50.0,0,0
10,oil_cum,train,11096,10931,11096,0,0,165,1998-01-01,2008-01-01,0.1318359375,0.00012207175925925927,50.0,0,0
10,oil_rate,train,11096,10931,11096,0,0,165,1998-01-01,2008-01-01,0.1318359375,0.00012207175925925927,50.0,0,0
10,water_cum,train,11096,10931,11096,0,0,165,1998-01-01,2008-01-01,0.1318359375,0.00012207175925925927,50.0,0,0
10,water_rate,train,11096,10931,11096,0,0,165,1998-01-01,2008-01-01,0.1318359375,0.00012207175925925927,50.0,0,0
11,gas_cum,train,11096,10933,11096,0,0,163,1998-01-01,2008-01-01,0.1318359375,0.00012207175925925927,50.0,0,0
11,gas_rate,train,11096,10933,11096,0,0,163,1998-01-01,2008-01-01,0.1318359375,0.00012207175925925927,50.0,0,0
11,oil_cum,train,11096,10933,11096,0,0,163,1998-01-01,2008-01-01,0.1318359375,0.00012207175925925927,50.0,0,0
11,oil_rate,train,11096,10933,11096,0,0,163,1998-01-01,2008-01-01,0.1318359375,0.00012207175925925927,50.0,0,0
11,water_cum,train,11096,10933,11096,0,0,163,1998-01-01,2008-01-01,0.1318359375,0.00012207175925925927,50.0,0,0
11,water_rate,train,11096,10933,11096,0,0,163,1998-01-01,2008-01-01,0.1318359375,0.00012207175925925927,50.0,0,0
12,gas_cum,train,11096,10940,11096,0,0,156,1998-01-01,2008-01-01,0.1318359375,0.00012207175925925927,50.0,0,0
12,gas_rate,train,11096,10940,11096,0,0,156,1998-01-01,2008-01-01,0.1318359375,0.00012207175925925927,50.0,0,0
12,oil_cum,train,11096,10940,11096,0,0,156,1998-01-01,2008-01-01,0.1318359375,0.00012207175925925927,50.0,0,0
12,oil_rate,train,11096,10940,11096,0,0,156,1998-01-01,2008-01-01,0.1318359375,0.00012207175925925927,50.0,0,0
12,water_cum,train,11096,10940,11096,0,0,156,1998-01-01,2008-01-01,0.1318359375,0.00012207175925925927,50.0,0,0
12,water_rate,train,11096,10940,11096,0,0,156,1998-01-01,2008-01-01,0.1318359375,0.00012207175925925927,50.0,0,0
13,gas_cum,train,11096,10911,11096,0,0,185,1998-01-01,2008-01-01,0.1318359375,0.00012207175925925927,50.0,0,0
13,gas_rate,train,11096,10911,11096,0,0,185,1998-01-01,2008-01-01,0.1318359375,0.00012207175925925927,50.0,0,0
13,oil_cum,train,11096,10911,11096,0,0,185,1998-01-01,2008-01-01,0.1318359375,0.00012207175925925927,50.0,0,0
13,oil_rate,train,11096,10911,11096,0,0,185,1998-01-01,2008-01-01,0.1318359375,0.00012207175925925927,50.0,0,0
13,water_cum,train,11096,10911,11096,0,0,185,1998-01-01,2008-01-01,0.1318359375,0.00012207175925925927,50.0,0,0
13,water_rate,train,11096,10911,11096,0,0,185,1998-01-01,2008-01-01,0.1318359375,0.00012207175925925927,50.0,0,0
14,gas_cum,train,11096,10930,11096,0,0,166,1998-01-01,2008-01-01,0.1318359375,0.00012207175925925927,50.0,0,0
14,gas_rate,train,11096,10930,11096,0,0,166,1998-01-01,2008-01-01,0.1318359375,0.00012207175925925927,50.0,0,0
14,oil_cum,train,11096,10930,11096,0,0,166,1998-01-01,2008-01-01,0.1318359375,0.00012207175925925927,50.0,0,0
14,oil_rate,train,11096,10930,11096,0,0,166,1998-01-01,2008-01-01,0.1318359375,0.00012207175925925927,50.0,0,0
14,water_cum,train,11096,10930,11096,0,0,166,1998-01-01,2008-01-01,0.1318359375,0.00012207175925925927,50.0,0,0
14,water_rate,train,11096,10930,11096,0,0,166,1998-01-01,2008-01-01,0.1318359375,0.00012207175925925927,50.0,0,0
15,gas_cum,train,11096,10913,11096,0,0,183,1998-01-01,2008-01-01,0.1318359375,0.00012207175925925927,50.0,0,0
15,gas_rate,train,11096,10913,11096,0,0,183,1998-01-01,2008-01-01,0.1318359375,0.00012207175925925927,50.0,0,0
15,oil_cum,train,11096,10913,11096,0,0,183,1998-01-01,2008-01-01,0.1318359375,0.00012207175925925927,50.0,0,0
15,oil_rate,train,11096,10913,11096,0,0,183,1998-01-01,2008-01-01,0.1318359375,0.00012207175925925927,50.0,0,0
15,water_cum,train,11096,10913,11096,0,0,183,1998-01-01,2008-01-01,0.1318359375,0.00012207175925925927,50.0,0,0
15,water_rate,train,11096,10913,11096,0,0,183,1998-01-01,2008-01-01,0.1318359375,0.00012207175925925927,50.0,0,0
16,gas_cum,train,11096,10920,11096,0,0,176,1998-01-01,2008-01-01,0.1318359375,0.00012207175925925927,50.0,0,0
16,gas_rate,train,11096,10920,11096,0,0,176,1998-01-01,2008-01-01,0.1318359375,0.00012207175925925927,50.0,0,0
16,oil_cum,train,11096,10920,11096,0,0,176,1998-01-01,2008-01-01,0.1318359375,0.00012207175925925927,50.0,0,0
16,oil_rate,train,11096,10920,11096,0,0,176,1998-01-01,2008-01-01,0.1318359375,0.00012207175925925927,50.0,0,0
16,water_cum,train,11096,10920,11096,0,0,176,1998-01-01,2008-01-01,0.1318359375,0.00012207175925925927,50.0,0,0
16,water_rate,train,11096,10920,11096,0,0,176,1998-01-01,2008-01-01,0.1318359375,0.00012207175925925927,50.0,0,0
17,gas_cum,train,11096,10935,11096,0,0,161,1998-01-01,2008-01-01,0.1318359375,0.00012207175925925927,50.0,0,0
17,gas_rate,train,11096,10935,11096,0,0,161,1998-01-01,2008-01-01,0.1318359375,0.00012207175925925927,50.0,0,0
17,oil_cum,train,11096,10935,11096,0,0,161,1998-01-01,2008-01-01,0.1318359375,0.00012207175925925927,50.0,0,0
17,oil_rate,train,11096,10935,11096,0,0,161,1998-01-01,2008-01-01,0.1318359375,0.00012207175925925927,50.0,0,0
17,water_cum,train,11096,10935,11096,0,0,161,1998-01-01,2008-01-01,0.1318359375,0.00012207175925925927,50.0,0,0
17,water_rate,train,11096,10935,11096,0,0,161,1998-01-01,2008-01-01,0.1318359375,0.00012207175925925927,50.0,0,0
18,gas_cum,train,11096,10921,11096,0,0,175,1998-01-01,2008-01-01,0.1318359375,0.00012207175925925927,50.0,0,0
18,gas_rate,train,11096,10921,11096,0,0,175,1998-01-01,2008-01-01,0.1318359375,0.00012207175925925927,50.0,0,0
18,oil_cum,train,11096,10921,11096,0,0,175,1998-01-01,2008-01-01,0.1318359375,0.00012207175925925927,50.0,0,0
18,oil_rate,train,11096,10921,11096,0,0,175,1998-01-01,2008-01-01,0.1318359375,0.00012207175925925927,50.0,0,0
18,water_cum,train,11096,10921,11096,0,0,175,1998-01-01,2008-01-01,0.1318359375,0.00012207175925925927,50.0,0,0
18,water_rate,train,11096,10921,11096,0,0,175,1998-01-01,2008-01-01,0.1318359375,0.00012207175925925927,50.0,0,0
19,gas_cum,train,11096,10932,11096,0,0,164,1998-01-01,2008-01-01,0.1318359375,0.00012207175925925927,50.0,0,0
19,gas_rate,train,11096,10932,11096,0,0,164,1998-01-01,2008-01-01,0.1318359375,0.00012207175925925927,50.0,0,0
19,oil_cum,train,11096,10932,11096,0,0,164,1998-01-01,2008-01-01,0.1318359375,0.00012207175925925927,50.0,0,0
19,oil_rate,train,11096,10932,11096,0,0,164,1998-01-01,2008-01-01,0.1318359375,0.00012207175925925927,50.0,0,0
19,water_cum,train,11096,10932,11096,0,0,164,1998-01-01,2008-01-01,0.1318359375,0.00012207175925925927,50.0,0,0
19,water_rate,train,11096,10932,11096,0,0,164,1998-01-01,2008-01-01,0.1318359375,0.00012207175925925927,50.0,0,0
20,gas_cum,train,11096,10931,11096,0,0,165,1998-01-01,2008-01-01,0.1318359375,0.00012207175925925927,50.0,0,0
20,gas_rate,train,11096,10931,11096,0,0,165,1998-01-01,2008-01-01,0.1318359375,0.00012207175925925927,50.0,0,0
20,oil_cum,train,11096,10931,11096,0,0,165,1998-01-01,2008-01-01,0.1318359375,0.00012207175925925927,50.0,0,0
20,oil_rate,train,11096,10931,11096,0,0,165,1998-01-01,2008-01-01,0.1318359375,0.00012207175925925927,50.0,0,0
20,water_cum,train,11096,10931,11096,0,0,165,1998-01-01,2008-01-01,0.1318359375,0.00012207175925925927,50.0,0,0
20,water_rate,train,11096,10931,11096,0,0,165,1998-01-01,2008-01-01,0.1318359375,0.00012207175925925927,50.0,0,0
21,gas_cum,train,11096,10925,11096,0,0,171,1998-01-01,2008-01-01,0.1318359375,0.00012207175925925927,50.0,0,0
21,gas_rate,train,11096,10925,11096,0,0,171,1998-01-01,2008-01-01,0.1318359375,0.00012207175925925927,50.0,0,0
21,oil_cum,train,11096,10925,11096,0,0,171,1998-01-01,2008-01-01,0.1318359375,0.00012207175925925927,50.0,0,0
21,oil_rate,train,11096,10925,11096,0,0,171,1998-01-01,2008-01-01,0.1318359375,0.00012207175925925927,50.0,0,0
21,water_cum,train,11096,10925,11096,0,0,171,1998-01-01,2008-01-01,0.1318359375,0.00012207175925925927,50.0,0,0
21,water_rate,train,11096,10925,11096,0,0,171,1998-01-01,2008-01-01,0.1318359375,0.00012207175925925927,50.0,0,0
22,gas_cum,train,11096,10919,11096,0,0,177,1998-01-01,2008-01-01,0.1318359375,0.00012207175925925927,50.0,0,0
22,gas_rate,train,11096,10919,11096,0,0,177,1998-01-01,2008-01-01,0.1318359375,0.00012207175925925927,50.0,0,0
22,oil_cum,train,11096,10919,11096,0,0,177,1998-01-01,2008-01-01,0.1318359375,0.00012207175925925927,50.0,0,0
22,oil_rate,train,11096,10919,11096,0,0,177,1998-01-01,2008-01-01,0.1318359375,0.00012207175925925927,50.0,0,0
22,water_cum,train,11096,10919,11096,0,0,177,1998-01-01,2008-01-01,0.1318359375,0.00012207175925925927,50.0,0,0
22,water_rate,train,11096,10919,11096,0,0,177,1998-01-01,2008-01-01,0.1318359375,0.00012207175925925927,50.0,0,0
23,gas_cum,train,11096,10899,11096,0,0,197,1998-01-01,2008-01-01,0.1318359375,0.00012207175925925927,50.0,0,0
23,gas_rate,train,11096,10899,11096,0,0,197,1998-01-01,2008-01-01,0.1318359375,0.00012207175925925927,50.0,0,0
23,oil_cum,train,11096,10899,11096,0,0,197,1998-01-01,2008-01-01,0.1318359375,0.00012207175925925927,50.0,0,0
23,oil_rate,train,11096,10899,11096,0,0,197,1998-01-01,2008-01-01,0.1318359375,0.00012207175925925927,50.0,0,0
23,water_cum,train,11096,10899,11096,0,0,197,1998-01-01,2008-01-01,0.1318359375,0.00012207175925925927,50.0,0,0
23,water_rate,train,11096,10899,11096,0,0,197,1998-01-01,2008-01-01,0.1318359375,0.00012207175925925927,50.0,0,0
24,gas_cum,train,11096,10927,11096,0,0,169,1998-01-01,2008-01-01,0.1318359375,0.00012207175925925927,50.0,0,0
24,gas_rate,train,11096,10927,11096,0,0,169,1998-01-01,2008-01-01,0.1318359375,0.00012207175925925927,50.0,0,0
24,oil_cum,train,11096,10927,11096,0,0,169,1998-01-01,2008-01-01,0.1318359375,0.00012207175925925927,50.0,0,0
24,oil_rate,train,11096,10927,11096,0,0,169,1998-01-01,2008-01-01,0.1318359375,0.00012207175925925927,50.0,0,0
24,water_cum,train,11096,10927,11096,0,0,169,1998-01-01,2008-01-01,0.1318359375,0.00012207175925925927,50.0,0,0
24,water_rate,train,11096,10927,11096,0,0,169,1998-01-01,2008-01-01,0.1318359375,0.00012207175925925927,50.0,0,0
25,gas_cum,train,11096,10914,11096,0,0,182,1998-01-01,2008-01-01,0.1318359375,0.00012207175925925927,50.0,0,0
25,gas_rate,train,11096,10914,11096,0,0,182,1998-01-01,2008-01-01,0.1318359375,0.00012207175925925927,50.0,0,0
25,oil_cum,train,11096,10914,11096,0,0,182,1998-01-01,2008-01-01,0.1318359375,0.00012207175925925927,50.0,0,0
25,oil_rate,train,11096,10914,11096,0,0,182,1998-01-01,2008-01-01,0.1318359375,0.00012207175925925927,50.0,0,0
25,water_cum,train,11096,10914,11096,0,0,182,1998-01-01,2008-01-01,0.1318359375,0.00012207175925925927,50.0,0,0
25,water_rate,train,11096,10914,11096,0,0,182,1998-01-01,2008-01-01,0.1318359375,0.00012207175925925927,50.0,0,0
26,gas_cum,train,11096,10933,11096,0,0,163,1998-01-01,2008-01-01,0.1318359375,0.00012207175925925927,50.0,0,0
26,gas_rate,train,11096,10933,11096,0,0,163,1998-01-01,2008-01-01,0.1318359375,0.00012207175925925927,50.0,0,0
26,oil_cum,train,11096,10933,11096,0,0,163,1998-01-01,2008-01-01,0.1318359375,0.00012207175925925927,50.0,0,0
26,oil_rate,train,11096,10933,11096,0,0,163,1998-01-01,2008-01-01,0.1318359375,0.00012207175925925927,50.0,0,0
26,water_cum,train,11096,10933,11096,0,0,163,1998-01-01,2008-01-01,0.1318359375,0.00012207175925925927,50.0,0,0
26,water_rate,train,11096,10933,11096,0,0,163,1998-01-01,2008-01-01,0.1318359375,0.00012207175925925927,50.0,0,0
27,gas_cum,train,11096,10925,11096,0,0,171,1998-01-01,2008-01-01,0.1318359375,0.00012207175925925927,50.0,0,0
27,gas_rate,train,11096,10925,11096,0,0,171,1998-01-01,2008-01-01,0.1318359375,0.00012207175925925927,50.0,0,0
27,oil_cum,train,11096,10925,11096,0,0,171,1998-01-01,2008-01-01,0.1318359375,0.00012207175925925927,50.0,0,0
27,oil_rate,train,11096,10925,11096,0,0,171,1998-01-01,2008-01-01,0.1318359375,0.00012207175925925927,50.0,0,0
27,water_cum,train,11096,10925,11096,0,0,171,1998-01-01,2008-01-01,0.1318359375,0.00012207175925925927,50.0,0,0
27,water_rate,train,11096,10925,11096,0,0,171,1998-01-01,2008-01-01,0.1318359375,0.00012207175925925927,50.0,0,0
28,gas_cum,train,11096,10911,11096,0,0,185,1998-01-01,2008-01-01,0.1318359375,0.00012207175925925927,50.0,0,0
28,gas_rate,train,11096,10911,11096,0,0,185,1998-01-01,2008-01-01,0.1318359375,0.00012207175925925927,50.0,0,0
28,oil_cum,train,11096,10911,11096,0,0,185,1998-01-01,2008-01-01,0.1318359375,0.00012207175925925927,50.0,0,0
28,oil_rate,train,11096,10911,11096,0,0,185,1998-01-01,2008-01-01,0.1318359375,0.00012207175925925927,50.0,0,0
28,water_cum,train,11096,10911,11096,0,0,185,1998-01-01,2008-01-01,0.1318359375,0.00012207175925925927,50.0,0,0
28,water_rate,train,11096,10911,11096,0,0,185,1998-01-01,2008-01-01,0.1318359375,0.00012207175925925927,50.0,0,0
29,gas_cum,train,11096,10921,11096,0,0,175,1998-01-01,2008-01-01,0.1318359375,0.00012207175925925927,50.0,0,0
29,gas_rate,train,11096,10921,11096,0,0,175,1998-01-01,2008-01-01,0.1318359375,0.00012207175925925927,50.0,0,0
29,oil_cum,train,11096,10921,11096,0,0,175,1998-01-01,2008-01-01,0.1318359375,0.00012207175925925927,50.0,0,0
29,oil_rate,train,11096,10921,11096,0,0,175,1998-01-01,2008-01-01,0.1318359375,0.00012207175925925927,50.0,0,0
29,water_cum,train,11096,10921,11096,0,0,175,1998-01-01,2008-01-01,0.1318359375,0.00012207175925925927,50.0,0,0
29,water_rate,train,11096,10921,11096,0,0,175,1998-01-01,2008-01-01,0.1318359375,0.00012207175925925927,50.0,0,0
30,gas_cum,train,11096,10925,11096,0,0,171,1998-01-01,2008-01-01,0.1318359375,0.00012207175925925927,50.0,0,0
30,gas_rate,train,11096,10925,11096,0,0,171,1998-01-01,2008-01-01,0.1318359375,0.00012207175925925927,50.0,0,0
30,oil_cum,train,11096,10925,11096,0,0,171,1998-01-01,2008-01-01,0.1318359375,0.00012207175925925927,50.0,0,0
30,oil_rate,train,11096,10925,11096,0,0,171,1998-01-01,2008-01-01,0.1318359375,0.00012207175925925927,50.0,0,0
30,water_cum,train,11096,10925,11096,0,0,171,1998-01-01,2008-01-01,0.1318359375,0.00012207175925925927,50.0,0,0
30,water_rate,train,11096,10925,11096,0,0,171,1998-01-01,2008-01-01,0.1318359375,0.00012207175925925927,50.0,0,0
31,gas_cum,train,11096,10939,11096,0,0,157,1998-01-01,2008-01-01,0.1318359375,0.00012207175925925927,50.0,0,0
31,gas_rate,train,11096,10939,11096,0,0,157,1998-01-01,2008-01-01,0.1318359375,0.00012207175925925927,50.0,0,0
31,oil_cum,train,11096,10939,11096,0,0,157,1998-01-01,2008-01-01,0.1318359375,0.00012207175925925927,50.0,0,0
31,oil_rate,train,11096,10939,11096,0,0,157,1998-01-01,2008-01-01,0.1318359375,0.00012207175925925927,50.0,0,0
31,water_cum,train,11096,10939,11096,0,0,157,1998-01-01,2008-01-01,0.1318359375,0.00012207175925925927,50.0,0,0
31,water_rate,train,11096,10939,11096,0,0,157,1998-01-01,2008-01-01,0.1318359375,0.00012207175925925927,50.0,0,0
32,gas_cum,train,11096,10927,11096,0,0,169,1998-01-01,2008-01-01,0.1318359375,0.00012207175925925927,50.0,0,0
32,gas_rate,train,11096,10927,11096,0,0,169,1998-01-01,2008-01-01,0.1318359375,0.00012207175925925927,50.0,0,0
32,oil_cum,train,11096,10927,11096,0,0,169,1998-01-01,2008-01-01,0.1318359375,0.00012207175925925927,50.0,0,0
32,oil_rate,train,11096,10927,11096,0,0,169,1998-01-01,2008-01-01,0.1318359375,0.00012207175925925927,50.0,0,0
32,water_cum,train,11096,10927,11096,0,0,169,1998-01-01,2008-01-01,0.1318359375,0.00012207175925925927,50.0,0,0
32,water_rate,train,11096,10927,11096,0,0,169,1998-01-01,2008-01-01,0.1318359375,0.00012207175925925927,50.0,0,0
33,gas_cum,train,11096,10906,11096,0,0,190,1998-01-01,2008-01-01,0.1318359375,0.00012207175925925927,50.0,0,0
33,gas_rate,train,11096,10906,11096,0,0,190,1998-01-01,2008-01-01,0.1318359375,0.00012207175925925927,50.0,0,0
33,oil_cum,train,11096,10906,11096,0,0,190,1998-01-01,2008-01-01,0.1318359375,0.00012207175925925927,50.0,0,0
33,oil_rate,train,11096,10906,11096,0,0,190,1998-01-01,2008-01-01,0.1318359375,0.00012207175925925927,50.0,0,0
33,water_cum,train,11096,10906,11096,0,0,190,1998-01-01,2008-01-01,0.1318359375,0.00012207175925925927,50.0,0,0
33,water_rate,train,11096,10906,11096,0,0,190,1998-01-01,2008-01-01,0.1318359375,0.00012207175925925927,50.0,0,0
34,gas_cum,train,11096,10924,11096,0,0,172,1998-01-01,2008-01-01,0.1318359375,0.00012207175925925927,50.0,0,0
34,gas_rate,train,11096,10924,11096,0,0,172,1998-01-01,2008-01-01,0.1318359375,0.00012207175925925927,50.0,0,0
34,oil_cum,train,11096,10924,11096,0,0,172,1998-01-01,2008-01-01,0.1318359375,0.00012207175925925927,50.0,0,0
34,oil_rate,train,11096,10924,11096,0,0,172,1998-01-01,2008-01-01,0.1318359375,0.00012207175925925927,50.0,0,0
34,water_cum,train,11096,10924,11096,0,0,172,1998-01-01,2008-01-01,0.1318359375,0.00012207175925925927,50.0,0,0
34,water_rate,train,11096,10924,11096,0,0,172,1998-01-01,2008-01-01,0.1318359375,0.00012207175925925927,50.0,0,0
35,gas_cum,train,11096,10927,11096,0,0,169,1998-01-01,2008-01-01,0.1318359375,0.00012207175925925927,50.0,0,0
35,gas_rate,train,11096,10927,11096,0,0,169,1998-01-01,2008-01-01,0.1318359375,0.00012207175925925927,50.0,0,0
35,oil_cum,train,11096,10927,11096,0,0,169,1998-01-01,2008-01-01,0.1318359375,0.00012207175925925927,50.0,0,0
35,oil_rate,train,11096,10927,11096,0,0,169,1998-01-01,2008-01-01,0.1318359375,0.00012207175925925927,50.0,0,0
35,water_cum,train,11096,10927,11096,0,0,169,1998-01-01,2008-01-01,0.1318359375,0.00012207175925925927,50.0,0,0
35,water_rate,train,11096,10927,11096,0,0,169,1998-01-01,2008-01-01,0.1318359375,0.00012207175925925927,50.0,0,0
36,gas_cum,train,11096,10910,11096,0,0,186,1998-01-01,2008-01-01,0.1318359375,0.00012207175925925927,50.0,0,0
36,gas_rate,train,11096,10910,11096,0,0,186,1998-01-01,2008-01-01,0.1318359375,0.00012207175925925927,50.0,0,0
36,oil_cum,train,11096,10910,11096,0,0,186,1998-01-01,2008-01-01,0.1318359375,0.00012207175925925927,50.0,0,0
36,oil_rate,train,11096,10910,11096,0,0,186,1998-01-01,2008-01-01,0.1318359375,0.00012207175925925927,50.0,0,0
36,water_cum,train,11096,10910,11096,0,0,186,1998-01-01,2008-01-01,0.1318359375,0.00012207175925925927,50.0,0,0
36,water_rate,train,11096,10910,11096,0,0,186,1998-01-01,2008-01-01,0.1318359375,0.00012207175925925927,50.0,0,0
37,gas_cum,train,11096,10933,11096,0,0,163,1998-01-01,2008-01-01,0.1318359375,0.00012207175925925927,50.0,0,0
37,gas_rate,train,11096,10933,11096,0,0,163,1998-01-01,2008-01-01,0.1318359375,0.00012207175925925927,50.0,0,0
37,oil_cum,train,11096,10933,11096,0,0,163,1998-01-01,2008-01-01,0.1318359375,0.00012207175925925927,50.0,0,0
37,oil_rate,train,11096,10933,11096,0,0,163,1998-01-01,2008-01-01,0.1318359375,0.00012207175925925927,50.0,0,0
37,water_cum,train,11096,10933,11096,0,0,163,1998-01-01,2008-01-01,0.1318359375,0.00012207175925925927,50.0,0,0
37,water_rate,train,11096,10933,11096,0,0,163,1998-01-01,2008-01-01,0.1318359375,0.00012207175925925927,50.0,0,0
38,gas_cum,train,11096,10924,11096,0,0,172,1998-01-01,2008-01-01,0.1318359375,0.00012207175925925927,50.0,0,0
38,gas_rate,train,11096,10924,11096,0,0,172,1998-01-01,2008-01-01,0.1318359375,0.00012207175925925927,50.0,0,0
38,oil_cum,train,11096,10924,11096,0,0,172,1998-01-01,2008-01-01,0.1318359375,0.00012207175925925927,50.0,0,0
38,oil_rate,train,11096,10924,11096,0,0,172,1998-01-01,2008-01-01,0.1318359375,0.00012207175925925927,50.0,0,0
38,water_cum,train,11096,10924,11096,0,0,172,1998-01-01,2008-01-01,0.1318359375,0.00012207175925925927,50.0,0,0
38,water_rate,train,11096,10924,11096,0,0,172,1998-01-01,2008-01-01,0.1318359375,0.00012207175925925927,50.0,0,0
39,gas_cum,train,11096,10927,11096,0,0,169,1998-01-01,2008-01-01,0.1318359375,0.00012207175925925927,50.0,0,0
39,gas_rate,train,11096,10927,11096,0,0,169,1998-01-01,2008-01-01,0.1318359375,0.00012207175925925927,50.0,0,0
39,oil_cum,train,11096,10927,11096,0,0,169,1998-01-01,2008-01-01,0.1318359375,0.00012207175925925927,50.0,0,0
39,oil_rate,train,11096,10927,11096,0,0,169,1998-01-01,2008-01-01,0.1318359375,0.00012207175925925927,50.0,0,0
39,water_cum,train,11096,10927,11096,0,0,169,1998-01-01,2008-01-01,0.1318359375,0.00012207175925925927,50.0,0,0
39,water_rate,train,11096,10927,11096,0,0,169,1998-01-01,2008-01-01,0.1318359375,0.00012207175925925927,50.0,0,0
40,gas_cum,train,11096,10935,11096,0,0,161,1998-01-01,2008-01-01,0.1318359375,0.00012207175925925927,50.0,0,0
40,gas_rate,train,11096,10935,11096,0,0,161,1998-01-01,2008-01-01,0.1318359375,0.00012207175925925927,50.0,0,0
40,oil_cum,train,11096,10935,11096,0,0,161,1998-01-01,2008-01-01,0.1318359375,0.00012207175925925927,50.0,0,0
40,oil_rate,train,11096,10935,11096,0,0,161,1998-01-01,2008-01-01,0.1318359375,0.00012207175925925927,50.0,0,0
40,water_cum,train,11096,10935,11096,0,0,161,1998-01-01,2008-01-01,0.1318359375,0.00012207175925925927,50.0,0,0
40,water_rate,train,11096,10935,11096,0,0,161,1998-01-01,2008-01-01,0.1318359375,0.00012207175925925927,50.0,0,0
41,gas_cum,train,11096,10904,11096,0,0,192,1998-01-01,2008-01-01,0.1318359375,0.00012207175925925927,50.0,0,0
41,gas_rate,train,11096,10904,11096,0,0,192,1998-01-01,2008-01-01,0.1318359375,0.00012207175925925927,50.0,0,0
41,oil_cum,train,11096,10904,11096,0,0,192,1998-01-01,2008-01-01,0.1318359375,0.00012207175925925927,50.0,0,0
41,oil_rate,train,11096,10904,11096,0,0,192,1998-01-01,2008-01-01,0.1318359375,0.00012207175925925927,50.0,0,0
41,water_cum,train,11096,10904,11096,0,0,192,1998-01-01,2008-01-01,0.1318359375,0.00012207175925925927,50.0,0,0
41,water_rate,train,11096,10904,11096,0,0,192,1998-01-01,2008-01-01,0.1318359375,0.00012207175925925927,50.0,0,0
42,gas_cum,train,11096,10931,11096,0,0,165,1998-01-01,2008-01-01,0.1318359375,0.00012207175925925927,50.0,0,0
42,gas_rate,train,11096,10931,11096,0,0,165,1998-01-01,2008-01-01,0.1318359375,0.00012207175925925927,50.0,0,0
42,oil_cum,train,11096,10931,11096,0,0,165,1998-01-01,2008-01-01,0.1318359375,0.00012207175925925927,50.0,0,0
42,oil_rate,train,11096,10931,11096,0,0,165,1998-01-01,2008-01-01,0.1318359375,0.00012207175925925927,50.0,0,0
42,water_cum,train,11096,10931,11096,0,0,165,1998-01-01,2008-01-01,0.1318359375,0.00012207175925925927,50.0,0,0
42,water_rate,train,11096,10931,11096,0,0,165,1998-01-01,2008-01-01,0.1318359375,0.00012207175925925927,50.0,0,0
43,gas_cum,train,11096,10918,11096,0,0,178,1998-01-01,2008-01-01,0.1318359375,0.00012207175925925927,50.0,0,0
43,gas_rate,train,11096,10918,11096,0,0,178,1998-01-01,2008-01-01,0.1318359375,0.00012207175925925927,50.0,0,0
43,oil_cum,train,11096,10918,11096,0,0,178,1998-01-01,2008-01-01,0.1318359375,0.00012207175925925927,50.0,0,0
43,oil_rate,train,11096,10918,11096,0,0,178,1998-01-01,2008-01-01,0.1318359375,0.00012207175925925927,50.0,0,0
43,water_cum,train,11096,10918,11096,0,0,178,1998-01-01,2008-01-01,0.1318359375,0.00012207175925925927,50.0,0,0
43,water_rate,train,11096,10918,11096,0,0,178,1998-01-01,2008-01-01,0.1318359375,0.00012207175925925927,50.0,0,0
44,gas_cum,train,11096,10926,11096,0,0,170,1998-01-01,2008-01-01,0.1318359375,0.00012207175925925927,50.0,0,0
44,gas_rate,train,11096,10926,11096,0,0,170,1998-01-01,2008-01-01,0.1318359375,0.00012207175925925927,50.0,0,0
44,oil_cum,train,11096,10926,11096,0,0,170,1998-01-01,2008-01-01,0.1318359375,0.00012207175925925927,50.0,0,0
44,oil_rate,train,11096,10926,11096,0,0,170,1998-01-01,2008-01-01,0.1318359375,0.00012207175925925927,50.0,0,0
44,water_cum,train,11096,10926,11096,0,0,170,1998-01-01,2008-01-01,0.1318359375,0.00012207175925925927,50.0,0,0
44,water_rate,train,11096,10926,11096,0,0,170,1998-01-01,2008-01-01,0.1318359375,0.00012207175925925927,50.0,0,0
45,gas_cum,train,11096,10929,11096,0,0,167,1998-01-01,2008-01-01,0.1318359375,0.00012207175925925927,50.0,0,0
45,gas_rate,train,11096,10929,11096,0,0,167,1998-01-01,2008-01-01,0.1318359375,0.00012207175925925927,50.0,0,0
45,oil_cum,train,11096,10929,11096,0,0,167,1998-01-01,2008-01-01,0.1318359375,0.00012207175925925927,50.0,0,0
45,oil_rate,train,11096,10929,11096,0,0,167,1998-01-01,2008-01-01,0.1318359375,0.00012207175925925927,50.0,0,0
45,water_cum,train,11096,10929,11096,0,0,167,1998-01-01,2008-01-01,0.1318359375,0.00012207175925925927,50.0,0,0
45,water_rate,train,11096,10929,11096,0,0,167,1998-01-01,2008-01-01,0.1318359375,0.00012207175925925927,50.0,0,0
46,gas_cum,train,11096,10916,11096,0,0,180,1998-01-01,2008-01-01,0.1318359375,0.00012207175925925927,50.0,0,0
46,gas_rate,train,11096,10916,11096,0,0,180,1998-01-01,2008-01-01,0.1318359375,0.00012207175925925927,50.0,0,0
46,oil_cum,train,11096,10916,11096,0,0,180,1998-01-01,2008-01-01,0.1318359375,0.00012207175925925927,50.0,0,0
46,oil_rate,train,11096,10916,11096,0,0,180,1998-01-01,2008-01-01,0.1318359375,0.00012207175925925927,50.0,0,0
46,water_cum,train,11096,10916,11096,0,0,180,1998-01-01,2008-01-01,0.1318359375,0.00012207175925925927,50.0,0,0
46,water_rate,train,11096,10916,11096,0,0,180,1998-01-01,2008-01-01,0.1318359375,0.00012207175925925927,50.0,0,0
47,gas_cum,train,11096,10933,11096,0,0,163,1998-01-01,2008-01-01,0.1318359375,0.00012207175925925927,50.0,0,0
47,gas_rate,train,11096,10933,11096,0,0,163,1998-01-01,2008-01-01,0.1318359375,0.00012207175925925927,50.0,0,0
47,oil_cum,train,11096,10933,11096,0,0,163,1998-01-01,2008-01-01,0.1318359375,0.00012207175925925927,50.0,0,0
47,oil_rate,train,11096,10933,11096,0,0,163,1998-01-01,2008-01-01,0.1318359375,0.00012207175925925927,50.0,0,0
47,water_cum,train,11096,10933,11096,0,0,163,1998-01-01,2008-01-01,0.1318359375,0.00012207175925925927,50.0,0,0
47,water_rate,train,11096,10933,11096,0,0,163,1998-01-01,2008-01-01,0.1318359375,0.00012207175925925927,50.0,0,0
48,gas_cum,train,11096,10931,11096,0,0,165,1998-01-01,2008-01-01,0.1318359375,0.00012207175925925927,50.0,0,0
48,gas_rate,train,11096,10931,11096,0,0,165,1998-01-01,2008-01-01,0.1318359375,0.00012207175925925927,50.0,0,0
48,oil_cum,train,11096,10931,11096,0,0,165,1998-01-01,2008-01-01,0.1318359375,0.00012207175925925927,50.0,0,0
48,oil_rate,train,11096,10931,11096,0,0,165,1998-01-01,2008-01-01,0.1318359375,0.00012207175925925927,50.0,0,0
48,water_cum,train,11096,10931,11096,0,0,165,1998-01-01,2008-01-01,0.1318359375,0.00012207175925925927,50.0,0,0
48,water_rate,train,11096,10931,11096,0,0,165,1998-01-01,2008-01-01,0.1318359375,0.00012207175925925927,50.0,0,0
49,gas_cum,train,11096,10913,11096,0,0,183,1998-01-01,2008-01-01,0.1318359375,0.00012207175925925927,50.0,0,0
49,gas_rate,train,11096,10913,11096,0,0,183,1998-01-01,2008-01-01,0.1318359375,0.00012207175925925927,50.0,0,0
49,oil_cum,train,11096,10913,11096,0,0,183,1998-01-01,2008-01-01,0.1318359375,0.00012207175925925927,50.0,0,0
49,oil_rate,train,11096,10913,11096,0,0,183,1998-01-01,2008-01-01,0.1318359375,0.00012207175925925927,50.0,0,0
49,water_cum,train,11096,10913,11096,0,0,183,1998-01-01,2008-01-01,0.1318359375,0.00012207175925925927,50.0,0,0
49,water_rate,train,11096,10913,11096,0,0,183,1998-01-01,2008-01-01,0.1318359375,0.00012207175925925927,50.0,0,0
50,gas_cum,train,11096,10931,11096,0,0,165,1998-01-01,2008-01-01,0.1318359375,0.00012207175925925927,50.0,0,0
50,gas_rate,train,11096,10931,11096,0,0,165,1998-01-01,2008-01-01,0.1318359375,0.00012207175925925927,50.0,0,0
50,oil_cum,train,11096,10931,11096,0,0,165,1998-01-01,2008-01-01,0.1318359375,0.00012207175925925927,50.0,0,0
50,oil_rate,train,11096,10931,11096,0,0,165,1998-01-01,2008-01-01,0.1318359375,0.00012207175925925927,50.0,0,0
50,water_cum,train,11096,10931,11096,0,0,165,1998-01-01,2008-01-01,0.1318359375,0.00012207175925925927,50.0,0,0
50,water_rate,train,11096,10931,11096,0,0,165,1998-01-01,2008-01-01,0.1318359375,0.00012207175925925927,50.0,0,0
51,gas_cum,train,11096,10929,11096,0,0,167,1998-01-01,2008-01-01,0.1318359375,0.00012207175925925927,50.0,0,0
51,gas_rate,train,11096,10929,11096,0,0,167,1998-01-01,2008-01-01,0.1318359375,0.00012207175925925927,50.0,0,0
51,oil_cum,train,11096,10929,11096,0,0,167,1998-01-01,2008-01-01,0.1318359375,0.00012207175925925927,50.0,0,0
51,oil_rate,train,11096,10929,11096,0,0,167,1998-01-01,2008-01-01,0.1318359375,0.00012207175925925927,50.0,0,0
51,water_cum,train,11096,10929,11096,0,0,167,1998-01-01,2008-01-01,0.1318359375,0.00012207175925925927,50.0,0,0
51,water_rate,train,11096,10929,11096,0,0,167,1998-01-01,2008-01-01,0.1318359375,0.00012207175925925927,50.0,0,0
52,gas_cum,train,11096,10930,11096,0,0,166,1998-01-01,2008-01-01,0.1318359375,0.00012207175925925927,50.0,0,0
52,gas_rate,train,11096,10930,11096,0,0,166,1998-01-01,2008-01-01,0.1318359375,0.00012207175925925927,50.0,0,0
52,oil_cum,train,11096,10930,11096,0,0,166,1998-01-01,2008-01-01,0.1318359375,0.00012207175925925927,50.0,0,0
52,oil_rate,train,11096,10930,11096,0,0,166,1998-01-01,2008-01-01,0.1318359375,0.00012207175925925927,50.0,0,0
52,water_cum,train,11096,10930,11096,0,0,166,1998-01-01,2008-01-01,0.1318359375,0.00012207175925925927,50.0,0,0
52,water_rate,train,11096,10930,11096,0,0,166,1998-01-01,2008-01-01,0.1318359375,0.00012207175925925927,50.0,0,0
53,gas_cum,train,11096,10905,11096,0,0,191,1998-01-01,2008-01-01,0.1318359375,0.00012207175925925927,50.0,0,0
53,gas_rate,train,11096,10905,11096,0,0,191,1998-01-01,2008-01-01,0.1318359375,0.00012207175925925927,50.0,0,0
53,oil_cum,train,11096,10905,11096,0,0,191,1998-01-01,2008-01-01,0.1318359375,0.00012207175925925927,50.0,0,0
53,oil_rate,train,11096,10905,11096,0,0,191,1998-01-01,2008-01-01,0.1318359375,0.00012207175925925927,50.0,0,0
53,water_cum,train,11096,10905,11096,0,0,191,1998-01-01,2008-01-01,0.1318359375,0.00012207175925925927,50.0,0,0
53,water_rate,train,11096,10905,11096,0,0,191,1998-01-01,2008-01-01,0.1318359375,0.00012207175925925927,50.0,0,0
54,gas_cum,train,11096,10916,11096,0,0,180,1998-01-01,2008-01-01,0.1318359375,0.00012207175925925927,50.0,0,0
54,gas_rate,train,11096,10916,11096,0,0,180,1998-01-01,2008-01-01,0.1318359375,0.00012207175925925927,50.0,0,0
54,oil_cum,train,11096,10916,11096,0,0,180,1998-01-01,2008-01-01,0.1318359375,0.00012207175925925927,50.0,0,0
54,oil_rate,train,11096,10916,11096,0,0,180,1998-01-01,2008-01-01,0.1318359375,0.00012207175925925927,50.0,0,0
54,water_cum,train,11096,10916,11096,0,0,180,1998-01-01,2008-01-01,0.1318359375,0.00012207175925925927,50.0,0,0
54,water_rate,train,11096,10916,11096,0,0,180,1998-01-01,2008-01-01,0.1318359375,0.00012207175925925927,50.0,0,0
55,gas_cum,train,11096,10926,11096,0,0,170,1998-01-01,2008-01-01,0.1318359375,0.00012207175925925927,50.0,0,0
55,gas_rate,train,11096,10926,11096,0,0,170,1998-01-01,2008-01-01,0.1318359375,0.00012207175925925927,50.0,0,0
55,oil_cum,train,11096,10926,11096,0,0,170,1998-01-01,2008-01-01,0.1318359375,0.00012207175925925927,50.0,0,0
55,oil_rate,train,11096,10926,11096,0,0,170,1998-01-01,2008-01-01,0.1318359375,0.00012207175925925927,50.0,0,0
55,water_cum,train,11096,10926,11096,0,0,170,1998-01-01,2008-01-01,0.1318359375,0.00012207175925925927,50.0,0,0
55,water_rate,train,11096,10926,11096,0,0,170,1998-01-01,2008-01-01,0.1318359375,0.00012207175925925927,50.0,0,0
56,gas_cum,train,11096,10921,11096,0,0,175,1998-01-01,2008-01-01,0.1318359375,0.00012207175925925927,50.0,0,0
56,gas_rate,train,11096,10921,11096,0,0,175,1998-01-01,2008-01-01,0.1318359375,0.00012207175925925927,50.0,0,0
56,oil_cum,train,11096,10921,11096,0,0,175,1998-01-01,2008-01-01,0.1318359375,0.00012207175925925927,50.0,0,0
56,oil_rate,train,11096,10921,11096,0,0,175,1998-01-01,2008-01-01,0.1318359375,0.00012207175925925927,50.0,0,0
56,water_cum,train,11096,10921,11096,0,0,175,1998-01-01,2008-01-01,0.1318359375,0.00012207175925925927,50.0,0,0
56,water_rate,train,11096,10921,11096,0,0,175,1998-01-01,2008-01-01,0.1318359375,0.00012207175925925927,50.0,0,0
57,gas_cum,train,11096,10938,11096,0,0,158,1998-01-01,2008-01-01,0.1318359375,0.00012207175925925927,50.0,0,0
57,gas_rate,train,11096,10938,11096,0,0,158,1998-01-01,2008-01-01,0.1318359375,0.00012207175925925927,50.0,0,0
57,oil_cum,train,11096,10938,11096,0,0,158,1998-01-01,2008-01-01,0.1318359375,0.00012207175925925927,50.0,0,0
57,oil_rate,train,11096,10938,11096,0,0,158,1998-01-01,2008-01-01,0.1318359375,0.00012207175925925927,50.0,0,0
57,water_cum,train,11096,10938,11096,0,0,158,1998-01-01,2008-01-01,0.1318359375,0.00012207175925925927,50.0,0,0
57,water_rate,train,11096,10938,11096,0,0,158,1998-01-01,2008-01-01,0.1318359375,0.00012207175925925927,50.0,0,0
58,gas_cum,train,11096,10920,11096,0,0,176,1998-01-01,2008-01-01,0.1318359375,0.00012207175925925927,50.0,0,0
58,gas_rate,train,11096,10920,11096,0,0,176,1998-01-01,2008-01-01,0.1318359375,0.00012207175925925927,50.0,0,0
58,oil_cum,train,11096,10920,11096,0,0,176,1998-01-01,2008-01-01,0.1318359375,0.00012207175925925927,50.0,0,0
58,oil_rate,train,11096,10920,11096,0,0,176,1998-01-01,2008-01-01,0.1318359375,0.00012207175925925927,50.0,0,0
58,water_cum,train,11096,10920,11096,0,0,176,1998-01-01,2008-01-01,0.1318359375,0.00012207175925925927,50.0,0,0
58,water_rate,train,11096,10920,11096,0,0,176,1998-01-01,2008-01-01,0.1318359375,0.00012207175925925927,50.0,0,0
59,gas_cum,train,11096,10934,11096,0,0,162,1998-01-01,2008-01-01,0.1318359375,0.00012207175925925927,50.0,0,0
59,gas_rate,train,11096,10934,11096,0,0,162,1998-01-01,2008-01-01,0.1318359375,0.00012207175925925927,50.0,0,0
59,oil_cum,train,11096,10934,11096,0,0,162,1998-01-01,2008-01-01,0.1318359375,0.00012207175925925927,50.0,0,0
59,oil_rate,train,11096,10934,11096,0,0,162,1998-01-01,2008-01-01,0.1318359375,0.00012207175925925927,50.0,0,0
59,water_cum,train,11096,10934,11096,0,0,162,1998-01-01,2008-01-01,0.1318359375,0.00012207175925925927,50.0,0,0
59,water_rate,train,11096,10934,11096,0,0,162,1998-01-01,2008-01-01,0.1318359375,0.00012207175925925927,50.0,0,0
60,gas_cum,train,11096,10928,11096,0,0,168,1998-01-01,2008-01-01,0.1318359375,0.00012207175925925927,50.0,0,0
60,gas_rate,train,11096,10928,11096,0,0,168,1998-01-01,2008-01-01,0.1318359375,0.00012207175925925927,50.0,0,0
60,oil_cum,train,11096,10928,11096,0,0,168,1998-01-01,2008-01-01,0.1318359375,0.00012207175925925927,50.0,0,0
60,oil_rate,train,11096,10928,11096,0,0,168,1998-01-01,2008-01-01,0.1318359375,0.00012207175925925927,50.0,0,0
60,water_cum,train,11096,10928,11096,0,0,168,1998-01-01,2008-01-01,0.1318359375,0.00012207175925925927,50.0,0,0
60,water_rate,train,11096,10928,11096,0,0,168,1998-01-01,2008-01-01,0.1318359375,0.00012207175925925927,50.0,0,0
61,gas_cum,train,11096,10917,11096,0,0,179,1998-01-01,2008-01-01,0.1318359375,0.00012207175925925927,50.0,0,0
61,gas_rate,train,11096,10917,11096,0,0,179,1998-01-01,2008-01-01,0.1318359375,0.00012207175925925927,50.0,0,0
61,oil_cum,train,11096,10917,11096,0,0,179,1998-01-01,2008-01-01,0.1318359375,0.00012207175925925927,50.0,0,0
61,oil_rate,train,11096,10917,11096,0,0,179,1998-01-01,2008-01-01,0.1318359375,0.00012207175925925927,50.0,0,0
61,water_cum,train,11096,10917,11096,0,0,179,1998-01-01,2008-01-01,0.1318359375,0.00012207175925925927,50.0,0,0
61,water_rate,train,11096,10917,11096,0,0,179,1998-01-01,2008-01-01,0.1318359375,0.00012207175925925927,50.0,0,0
62,gas_cum,train,11096,10923,11096,0,0,173,1998-01-01,2008-01-01,0.1318359375,0.00012207175925925927,50.0,0,0
62,gas_rate,train,11096,10923,11096,0,0,173,1998-01-01,2008-01-01,0.1318359375,0.00012207175925925927,50.0,0,0
62,oil_cum,train,11096,10923,11096,0,0,173,1998-01-01,2008-01-01,0.1318359375,0.00012207175925925927,50.0,0,0
62,oil_rate,train,11096,10923,11096,0,0,173,1998-01-01,2008-01-01,0.1318359375,0.00012207175925925927,50.0,0,0
62,water_cum,train,11096,10923,11096,0,0,173,1998-01-01,2008-01-01,0.1318359375,0.00012207175925925927,50.0,0,0
62,water_rate,train,11096,10923,11096,0,0,173,1998-01-01,2008-01-01,0.1318359375,0.00012207175925925927,50.0,0,0
63,gas_cum,train,11096,10924,11096,0,0,172,1998-01-01,2008-01-01,0.1318359375,0.00012207175925925927,50.0,0,0
63,gas_rate,train,11096,10924,11096,0,0,172,1998-01-01,2008-01-01,0.1318359375,0.00012207175925925927,50.0,0,0
63,oil_cum,train,11096,10924,11096,0,0,172,1998-01-01,2008-01-01,0.1318359375,0.00012207175925925927,50.0,0,0
63,oil_rate,train,11096,10924,11096,0,0,172,1998-01-01,2008-01-01,0.1318359375,0.00012207175925925927,50.0,0,0
63,water_cum,train,11096,10924,11096,0,0,172,1998-01-01,2008-01-01,0.1318359375,0.00012207175925925927,50.0,0,0
63,water_rate,train,11096,10924,11096,0,0,172,1998-01-01,2008-01-01,0.1318359375,0.00012207175925925927,50.0,0,0
64,gas_cum,train,11096,10930,11096,0,0,166,1998-01-01,2008-01-01,0.1318359375,0.00012207175925925927,50.0,0,0
64,gas_rate,train,11096,10930,11096,0,0,166,1998-01-01,2008-01-01,0.1318359375,0.00012207175925925927,50.0,0,0
64,oil_cum,train,11096,10930,11096,0,0,166,1998-01-01,2008-01-01,0.1318359375,0.00012207175925925927,50.0,0,0
64,oil_rate,train,11096,10930,11096,0,0,166,1998-01-01,2008-01-01,0.1318359375,0.00012207175925925927,50.0,0,0
64,water_cum,train,11096,10930,11096,0,0,166,1998-01-01,2008-01-01,0.1318359375,0.00012207175925925927,50.0,0,0
64,water_rate,train,11096,10930,11096,0,0,166,1998-01-01,2008-01-01,0.1318359375,0.00012207175925925927,50.0,0,0
65,gas_cum,train,11096,10927,11096,0,0,169,1998-01-01,2008-01-01,0.1318359375,0.00012207175925925927,50.0,0,0
65,gas_rate,train,11096,10927,11096,0,0,169,1998-01-01,2008-01-01,0.1318359375,0.00012207175925925927,50.0,0,0
65,oil_cum,train,11096,10927,11096,0,0,169,1998-01-01,2008-01-01,0.1318359375,0.00012207175925925927,50.0,0,0
65,oil_rate,train,11096,10927,11096,0,0,169,1998-01-01,2008-01-01,0.1318359375,0.00012207175925925927,50.0,0,0
65,water_cum,train,11096,10927,11096,0,0,169,1998-01-01,2008-01-01,0.1318359375,0.00012207175925925927,50.0,0,0
65,water_rate,train,11096,10927,11096,0,0,169,1998-01-01,2008-01-01,0.1318359375,0.00012207175925925927,50.0,0,0
66,gas_cum,train,11096,10911,11096,0,0,185,1998-01-01,2008-01-01,0.1318359375,0.00012207175925925927,50.0,0,0
66,gas_rate,train,11096,10911,11096,0,0,185,1998-01-01,2008-01-01,0.1318359375,0.00012207175925925927,50.0,0,0
66,oil_cum,train,11096,10911,11096,0,0,185,1998-01-01,2008-01-01,0.1318359375,0.00012207175925925927,50.0,0,0
66,oil_rate,train,11096,10911,11096,0,0,185,1998-01-01,2008-01-01,0.1318359375,0.00012207175925925927,50.0,0,0
66,water_cum,train,11096,10911,11096,0,0,185,1998-01-01,2008-01-01,0.1318359375,0.00012207175925925927,50.0,0,0
66,water_rate,train,11096,10911,11096,0,0,185,1998-01-01,2008-01-01,0.1318359375,0.00012207175925925927,50.0,0,0
67,gas_cum,train,11096,10915,11096,0,0,181,1998-01-01,2008-01-01,0.1318359375,0.00012207175925925927,50.0,0,0
67,gas_rate,train,11096,10915,11096,0,0,181,1998-01-01,2008-01-01,0.1318359375,0.00012207175925925927,50.0,0,0
67,oil_cum,train,11096,10915,11096,0,0,181,1998-01-01,2008-01-01,0.1318359375,0.00012207175925925927,50.0,0,0
67,oil_rate,train,11096,10915,11096,0,0,181,1998-01-01,2008-01-01,0.1318359375,0.00012207175925925927,50.0,0,0
67,water_cum,train,11096,10915,11096,0,0,181,1998-01-01,2008-01-01,0.1318359375,0.00012207175925925927,50.0,0,0
67,water_rate,train,11096,10915,11096,0,0,181,1998-01-01,2008-01-01,0.1318359375,0.00012207175925925927,50.0,0,0
68,gas_cum,train,11096,10908,11096,0,0,188,1998-01-01,2008-01-01,0.1318359375,0.00012207175925925927,50.0,0,0
68,gas_rate,train,11096,10908,11096,0,0,188,1998-01-01,2008-01-01,0.1318359375,0.00012207175925925927,50.0,0,0
68,oil_cum,train,11096,10908,11096,0,0,188,1998-01-01,2008-01-01,0.1318359375,0.00012207175925925927,50.0,0,0
68,oil_rate,train,11096,10908,11096,0,0,188,1998-01-01,2008-01-01,0.1318359375,0.00012207175925925927,50.0,0,0
68,water_cum,train,11096,10908,11096,0,0,188,1998-01-01,2008-01-01,0.1318359375,0.00012207175925925927,50.0,0,0
68,water_rate,train,11096,10908,11096,0,0,188,1998-01-01,2008-01-01,0.1318359375,0.00012207175925925927,50.0,0,0
69,gas_cum,train,11096,10926,11096,0,0,170,1998-01-01,2008-01-01,0.1318359375,0.00012207175925925927,50.0,0,0
69,gas_rate,train,11096,10926,11096,0,0,170,1998-01-01,2008-01-01,0.1318359375,0.00012207175925925927,50.0,0,0
69,oil_cum,train,11096,10926,11096,0,0,170,1998-01-01,2008-01-01,0.1318359375,0.00012207175925925927,50.0,0,0
69,oil_rate,train,11096,10926,11096,0,0,170,1998-01-01,2008-01-01,0.1318359375,0.00012207175925925927,50.0,0,0
69,water_cum,train,11096,10926,11096,0,0,170,1998-01-01,2008-01-01,0.1318359375,0.00012207175925925927,50.0,0,0
69,water_rate,train,11096,10926,11096,0,0,170,1998-01-01,2008-01-01,0.1318359375,0.00012207175925925927,50.0,0,0
70,gas_cum,train,11096,10920,11096,0,0,176,1998-01-01,2008-01-01,0.1318359375,0.00012207175925925927,50.0,0,0
70,gas_rate,train,11096,10920,11096,0,0,176,1998-01-01,2008-01-01,0.1318359375,0.00012207175925925927,50.0,0,0
70,oil_cum,train,11096,10920,11096,0,0,176,1998-01-01,2008-01-01,0.1318359375,0.00012207175925925927,50.0,0,0
70,oil_rate,train,11096,10920,11096,0,0,176,1998-01-01,2008-01-01,0.1318359375,0.00012207175925925927,50.0,0,0
70,water_cum,train,11096,10920,11096,0,0,176,1998-01-01,2008-01-01,0.1318359375,0.00012207175925925927,50.0,0,0
70,water_rate,train,11096,10920,11096,0,0,176,1998-01-01,2008-01-01,0.1318359375,0.00012207175925925927,50.0,0,0
71,gas_cum,validation,11096,10935,11096,0,0,161,1998-01-01,2008-01-01,0.1318359375,0.00012207175925925927,50.0,0,0
71,gas_rate,validation,11096,10935,11096,0,0,161,1998-01-01,2008-01-01,0.1318359375,0.00012207175925925927,50.0,0,0
71,oil_cum,validation,11096,10935,11096,0,0,161,1998-01-01,2008-01-01,0.1318359375,0.00012207175925925927,50.0,0,0
71,oil_rate,validation,11096,10935,11096,0,0,161,1998-01-01,2008-01-01,0.1318359375,0.00012207175925925927,50.0,0,0
71,water_cum,validation,11096,10935,11096,0,0,161,1998-01-01,2008-01-01,0.1318359375,0.00012207175925925927,50.0,0,0
71,water_rate,validation,11096,10935,11096,0,0,161,1998-01-01,2008-01-01,0.1318359375,0.00012207175925925927,50.0,0,0
72,gas_cum,validation,11096,10935,11096,0,0,161,1998-01-01,2008-01-01,0.1318359375,0.00012207175925925927,50.0,0,0
72,gas_rate,validation,11096,10935,11096,0,0,161,1998-01-01,2008-01-01,0.1318359375,0.00012207175925925927,50.0,0,0
72,oil_cum,validation,11096,10935,11096,0,0,161,1998-01-01,2008-01-01,0.1318359375,0.00012207175925925927,50.0,0,0
72,oil_rate,validation,11096,10935,11096,0,0,161,1998-01-01,2008-01-01,0.1318359375,0.00012207175925925927,50.0,0,0
72,water_cum,validation,11096,10935,11096,0,0,161,1998-01-01,2008-01-01,0.1318359375,0.00012207175925925927,50.0,0,0
72,water_rate,validation,11096,10935,11096,0,0,161,1998-01-01,2008-01-01,0.1318359375,0.00012207175925925927,50.0,0,0
73,gas_cum,validation,11096,10931,11096,0,0,165,1998-01-01,2008-01-01,0.1318359375,0.00012207175925925927,50.0,0,0
73,gas_rate,validation,11096,10931,11096,0,0,165,1998-01-01,2008-01-01,0.1318359375,0.00012207175925925927,50.0,0,0
73,oil_cum,validation,11096,10931,11096,0,0,165,1998-01-01,2008-01-01,0.1318359375,0.00012207175925925927,50.0,0,0
73,oil_rate,validation,11096,10931,11096,0,0,165,1998-01-01,2008-01-01,0.1318359375,0.00012207175925925927,50.0,0,0
73,water_cum,validation,11096,10931,11096,0,0,165,1998-01-01,2008-01-01,0.1318359375,0.00012207175925925927,50.0,0,0
73,water_rate,validation,11096,10931,11096,0,0,165,1998-01-01,2008-01-01,0.1318359375,0.00012207175925925927,50.0,0,0
74,gas_cum,validation,11096,10928,11096,0,0,168,1998-01-01,2008-01-01,0.1318359375,0.00012207175925925927,50.0,0,0
74,gas_rate,validation,11096,10928,11096,0,0,168,1998-01-01,2008-01-01,0.1318359375,0.00012207175925925927,50.0,0,0
74,oil_cum,validation,11096,10928,11096,0,0,168,1998-01-01,2008-01-01,0.1318359375,0.00012207175925925927,50.0,0,0
74,oil_rate,validation,11096,10928,11096,0,0,168,1998-01-01,2008-01-01,0.1318359375,0.00012207175925925927,50.0,0,0
74,water_cum,validation,11096,10928,11096,0,0,168,1998-01-01,2008-01-01,0.1318359375,0.00012207175925925927,50.0,0,0
74,water_rate,validation,11096,10928,11096,0,0,168,1998-01-01,2008-01-01,0.1318359375,0.00012207175925925927,50.0,0,0
75,gas_cum,validation,11096,10923,11096,0,0,173,1998-01-01,2008-01-01,0.1318359375,0.00012207175925925927,50.0,0,0
75,gas_rate,validation,11096,10923,11096,0,0,173,1998-01-01,2008-01-01,0.1318359375,0.00012207175925925927,50.0,0,0
75,oil_cum,validation,11096,10923,11096,0,0,173,1998-01-01,2008-01-01,0.1318359375,0.00012207175925925927,50.0,0,0
75,oil_rate,validation,11096,10923,11096,0,0,173,1998-01-01,2008-01-01,0.1318359375,0.00012207175925925927,50.0,0,0
75,water_cum,validation,11096,10923,11096,0,0,173,1998-01-01,2008-01-01,0.1318359375,0.00012207175925925927,50.0,0,0
75,water_rate,validation,11096,10923,11096,0,0,173,1998-01-01,2008-01-01,0.1318359375,0.00012207175925925927,50.0,0,0
76,gas_cum,validation,11096,10937,11096,0,0,159,1998-01-01,2008-01-01,0.1318359375,0.00012207175925925927,50.0,0,0
76,gas_rate,validation,11096,10937,11096,0,0,159,1998-01-01,2008-01-01,0.1318359375,0.00012207175925925927,50.0,0,0
76,oil_cum,validation,11096,10937,11096,0,0,159,1998-01-01,2008-01-01,0.1318359375,0.00012207175925925927,50.0,0,0
76,oil_rate,validation,11096,10937,11096,0,0,159,1998-01-01,2008-01-01,0.1318359375,0.00012207175925925927,50.0,0,0
76,water_cum,validation,11096,10937,11096,0,0,159,1998-01-01,2008-01-01,0.1318359375,0.00012207175925925927,50.0,0,0
76,water_rate,validation,11096,10937,11096,0,0,159,1998-01-01,2008-01-01,0.1318359375,0.00012207175925925927,50.0,0,0
77,gas_cum,validation,11096,10925,11096,0,0,171,1998-01-01,2008-01-01,0.1318359375,0.00012207175925925927,50.0,0,0
77,gas_rate,validation,11096,10925,11096,0,0,171,1998-01-01,2008-01-01,0.1318359375,0.00012207175925925927,50.0,0,0
77,oil_cum,validation,11096,10925,11096,0,0,171,1998-01-01,2008-01-01,0.1318359375,0.00012207175925925927,50.0,0,0
77,oil_rate,validation,11096,10925,11096,0,0,171,1998-01-01,2008-01-01,0.1318359375,0.00012207175925925927,50.0,0,0
77,water_cum,validation,11096,10925,11096,0,0,171,1998-01-01,2008-01-01,0.1318359375,0.00012207175925925927,50.0,0,0
77,water_rate,validation,11096,10925,11096,0,0,171,1998-01-01,2008-01-01,0.1318359375,0.00012207175925925927,50.0,0,0
78,gas_cum,validation,11096,10923,11096,0,0,173,1998-01-01,2008-01-01,0.1318359375,0.00012207175925925927,50.0,0,0
78,gas_rate,validation,11096,10923,11096,0,0,173,1998-01-01,2008-01-01,0.1318359375,0.00012207175925925927,50.0,0,0
78,oil_cum,validation,11096,10923,11096,0,0,173,1998-01-01,2008-01-01,0.1318359375,0.00012207175925925927,50.0,0,0
78,oil_rate,validation,11096,10923,11096,0,0,173,1998-01-01,2008-01-01,0.1318359375,0.00012207175925925927,50.0,0,0
78,water_cum,validation,11096,10923,11096,0,0,173,1998-01-01,2008-01-01,0.1318359375,0.00012207175925925927,50.0,0,0
78,water_rate,validation,11096,10923,11096,0,0,173,1998-01-01,2008-01-01,0.1318359375,0.00012207175925925927,50.0,0,0
79,gas_cum,validation,11096,10927,11096,0,0,169,1998-01-01,2008-01-01,0.1318359375,0.00012207175925925927,50.0,0,0
79,gas_rate,validation,11096,10927,11096,0,0,169,1998-01-01,2008-01-01,0.1318359375,0.00012207175925925927,50.0,0,0
79,oil_cum,validation,11096,10927,11096,0,0,169,1998-01-01,2008-01-01,0.1318359375,0.00012207175925925927,50.0,0,0
79,oil_rate,validation,11096,10927,11096,0,0,169,1998-01-01,2008-01-01,0.1318359375,0.00012207175925925927,50.0,0,0
79,water_cum,validation,11096,10927,11096,0,0,169,1998-01-01,2008-01-01,0.1318359375,0.00012207175925925927,50.0,0,0
79,water_rate,validation,11096,10927,11096,0,0,169,1998-01-01,2008-01-01,0.1318359375,0.00012207175925925927,50.0,0,0
80,gas_cum,validation,11096,10910,11096,0,0,186,1998-01-01,2008-01-01,0.1318359375,0.00012207175925925927,50.0,0,0
80,gas_rate,validation,11096,10910,11096,0,0,186,1998-01-01,2008-01-01,0.1318359375,0.00012207175925925927,50.0,0,0
80,oil_cum,validation,11096,10910,11096,0,0,186,1998-01-01,2008-01-01,0.1318359375,0.00012207175925925927,50.0,0,0
80,oil_rate,validation,11096,10910,11096,0,0,186,1998-01-01,2008-01-01,0.1318359375,0.00012207175925925927,50.0,0,0
80,water_cum,validation,11096,10910,11096,0,0,186,1998-01-01,2008-01-01,0.1318359375,0.00012207175925925927,50.0,0,0
80,water_rate,validation,11096,10910,11096,0,0,186,1998-01-01,2008-01-01,0.1318359375,0.00012207175925925927,50.0,0,0
81,gas_cum,validation,11096,10925,11096,0,0,171,1998-01-01,2008-01-01,0.1318359375,0.00012207175925925927,50.0,0,0
81,gas_rate,validation,11096,10925,11096,0,0,171,1998-01-01,2008-01-01,0.1318359375,0.00012207175925925927,50.0,0,0
81,oil_cum,validation,11096,10925,11096,0,0,171,1998-01-01,2008-01-01,0.1318359375,0.00012207175925925927,50.0,0,0
81,oil_rate,validation,11096,10925,11096,0,0,171,1998-01-01,2008-01-01,0.1318359375,0.00012207175925925927,50.0,0,0
81,water_cum,validation,11096,10925,11096,0,0,171,1998-01-01,2008-01-01,0.1318359375,0.00012207175925925927,50.0,0,0
81,water_rate,validation,11096,10925,11096,0,0,171,1998-01-01,2008-01-01,0.1318359375,0.00012207175925925927,50.0,0,0
82,gas_cum,validation,11096,10936,11096,0,0,160,1998-01-01,2008-01-01,0.1318359375,0.00012207175925925927,50.0,0,0
82,gas_rate,validation,11096,10936,11096,0,0,160,1998-01-01,2008-01-01,0.1318359375,0.00012207175925925927,50.0,0,0
82,oil_cum,validation,11096,10936,11096,0,0,160,1998-01-01,2008-01-01,0.1318359375,0.00012207175925925927,50.0,0,0
82,oil_rate,validation,11096,10936,11096,0,0,160,1998-01-01,2008-01-01,0.1318359375,0.00012207175925925927,50.0,0,0
82,water_cum,validation,11096,10936,11096,0,0,160,1998-01-01,2008-01-01,0.1318359375,0.00012207175925925927,50.0,0,0
82,water_rate,validation,11096,10936,11096,0,0,160,1998-01-01,2008-01-01,0.1318359375,0.00012207175925925927,50.0,0,0
83,gas_cum,validation,11096,10916,11096,0,0,180,1998-01-01,2008-01-01,0.1318359375,0.00012207175925925927,50.0,0,0
83,gas_rate,validation,11096,10916,11096,0,0,180,1998-01-01,2008-01-01,0.1318359375,0.00012207175925925927,50.0,0,0
83,oil_cum,validation,11096,10916,11096,0,0,180,1998-01-01,2008-01-01,0.1318359375,0.00012207175925925927,50.0,0,0
83,oil_rate,validation,11096,10916,11096,0,0,180,1998-01-01,2008-01-01,0.1318359375,0.00012207175925925927,50.0,0,0
83,water_cum,validation,11096,10916,11096,0,0,180,1998-01-01,2008-01-01,0.1318359375,0.00012207175925925927,50.0,0,0
83,water_rate,validation,11096,10916,11096,0,0,180,1998-01-01,2008-01-01,0.1318359375,0.00012207175925925927,50.0,0,0
84,gas_cum,validation,11096,10911,11096,0,0,185,1998-01-01,2008-01-01,0.1318359375,0.00012207175925925927,50.0,0,0
84,gas_rate,validation,11096,10911,11096,0,0,185,1998-01-01,2008-01-01,0.1318359375,0.00012207175925925927,50.0,0,0
84,oil_cum,validation,11096,10911,11096,0,0,185,1998-01-01,2008-01-01,0.1318359375,0.00012207175925925927,50.0,0,0
84,oil_rate,validation,11096,10911,11096,0,0,185,1998-01-01,2008-01-01,0.1318359375,0.00012207175925925927,50.0,0,0
84,water_cum,validation,11096,10911,11096,0,0,185,1998-01-01,2008-01-01,0.1318359375,0.00012207175925925927,50.0,0,0
84,water_rate,validation,11096,10911,11096,0,0,185,1998-01-01,2008-01-01,0.1318359375,0.00012207175925925927,50.0,0,0
85,gas_cum,validation,11096,10910,11096,0,0,186,1998-01-01,2008-01-01,0.1318359375,0.00012207175925925927,50.0,0,0
85,gas_rate,validation,11096,10910,11096,0,0,186,1998-01-01,2008-01-01,0.1318359375,0.00012207175925925927,50.0,0,0
85,oil_cum,validation,11096,10910,11096,0,0,186,1998-01-01,2008-01-01,0.1318359375,0.00012207175925925927,50.0,0,0
85,oil_rate,validation,11096,10910,11096,0,0,186,1998-01-01,2008-01-01,0.1318359375,0.00012207175925925927,50.0,0,0
85,water_cum,validation,11096,10910,11096,0,0,186,1998-01-01,2008-01-01,0.1318359375,0.00012207175925925927,50.0,0,0
85,water_rate,validation,11096,10910,11096,0,0,186,1998-01-01,2008-01-01,0.1318359375,0.00012207175925925927,50.0,0,0
86,gas_cum,test,11096,10928,11096,0,0,168,1998-01-01,2008-01-01,0.1318359375,0.00012207175925925927,50.0,0,0
86,gas_rate,test,11096,10928,11096,0,0,168,1998-01-01,2008-01-01,0.1318359375,0.00012207175925925927,50.0,0,0
86,oil_cum,test,11096,10928,11096,0,0,168,1998-01-01,2008-01-01,0.1318359375,0.00012207175925925927,50.0,0,0
86,oil_rate,test,11096,10928,11096,0,0,168,1998-01-01,2008-01-01,0.1318359375,0.00012207175925925927,50.0,0,0
86,water_cum,test,11096,10928,11096,0,0,168,1998-01-01,2008-01-01,0.1318359375,0.00012207175925925927,50.0,0,0
86,water_rate,test,11096,10928,11096,0,0,168,1998-01-01,2008-01-01,0.1318359375,0.00012207175925925927,50.0,0,0
87,gas_cum,test,11096,10920,11096,0,0,176,1998-01-01,2008-01-01,0.1318359375,0.00012207175925925927,50.0,0,0
87,gas_rate,test,11096,10920,11096,0,0,176,1998-01-01,2008-01-01,0.1318359375,0.00012207175925925927,50.0,0,0
87,oil_cum,test,11096,10920,11096,0,0,176,1998-01-01,2008-01-01,0.1318359375,0.00012207175925925927,50.0,0,0
87,oil_rate,test,11096,10920,11096,0,0,176,1998-01-01,2008-01-01,0.1318359375,0.00012207175925925927,50.0,0,0
87,water_cum,test,11096,10920,11096,0,0,176,1998-01-01,2008-01-01,0.1318359375,0.00012207175925925927,50.0,0,0
87,water_rate,test,11096,10920,11096,0,0,176,1998-01-01,2008-01-01,0.1318359375,0.00012207175925925927,50.0,0,0
88,gas_cum,test,11096,10931,11096,0,0,165,1998-01-01,2008-01-01,0.1318359375,0.00012207175925925927,50.0,0,0
88,gas_rate,test,11096,10931,11096,0,0,165,1998-01-01,2008-01-01,0.1318359375,0.00012207175925925927,50.0,0,0
88,oil_cum,test,11096,10931,11096,0,0,165,1998-01-01,2008-01-01,0.1318359375,0.00012207175925925927,50.0,0,0
88,oil_rate,test,11096,10931,11096,0,0,165,1998-01-01,2008-01-01,0.1318359375,0.00012207175925925927,50.0,0,0
88,water_cum,test,11096,10931,11096,0,0,165,1998-01-01,2008-01-01,0.1318359375,0.00012207175925925927,50.0,0,0
88,water_rate,test,11096,10931,11096,0,0,165,1998-01-01,2008-01-01,0.1318359375,0.00012207175925925927,50.0,0,0
89,gas_cum,test,11096,10935,11096,0,0,161,1998-01-01,2008-01-01,0.1318359375,0.00012207175925925927,50.0,0,0
89,gas_rate,test,11096,10935,11096,0,0,161,1998-01-01,2008-01-01,0.1318359375,0.00012207175925925927,50.0,0,0
89,oil_cum,test,11096,10935,11096,0,0,161,1998-01-01,2008-01-01,0.1318359375,0.00012207175925925927,50.0,0,0
89,oil_rate,test,11096,10935,11096,0,0,161,1998-01-01,2008-01-01,0.1318359375,0.00012207175925925927,50.0,0,0
89,water_cum,test,11096,10935,11096,0,0,161,1998-01-01,2008-01-01,0.1318359375,0.00012207175925925927,50.0,0,0
89,water_rate,test,11096,10935,11096,0,0,161,1998-01-01,2008-01-01,0.1318359375,0.00012207175925925927,50.0,0,0
90,gas_cum,test,11096,10930,11096,0,0,166,1998-01-01,2008-01-01,0.1318359375,0.00012207175925925927,50.0,0,0
90,gas_rate,test,11096,10930,11096,0,0,166,1998-01-01,2008-01-01,0.1318359375,0.00012207175925925927,50.0,0,0
90,oil_cum,test,11096,10930,11096,0,0,166,1998-01-01,2008-01-01,0.1318359375,0.00012207175925925927,50.0,0,0
90,oil_rate,test,11096,10930,11096,0,0,166,1998-01-01,2008-01-01,0.1318359375,0.00012207175925925927,50.0,0,0
90,water_cum,test,11096,10930,11096,0,0,166,1998-01-01,2008-01-01,0.1318359375,0.00012207175925925927,50.0,0,0
90,water_rate,test,11096,10930,11096,0,0,166,1998-01-01,2008-01-01,0.1318359375,0.00012207175925925927,50.0,0,0
91,gas_cum,test,11096,10901,11096,0,0,195,1998-01-01,2008-01-01,0.1318359375,0.00012207175925925927,50.0,0,0
91,gas_rate,test,11096,10901,11096,0,0,195,1998-01-01,2008-01-01,0.1318359375,0.00012207175925925927,50.0,0,0
91,oil_cum,test,11096,10901,11096,0,0,195,1998-01-01,2008-01-01,0.1318359375,0.00012207175925925927,50.0,0,0
91,oil_rate,test,11096,10901,11096,0,0,195,1998-01-01,2008-01-01,0.1318359375,0.00012207175925925927,50.0,0,0
91,water_cum,test,11096,10901,11096,0,0,195,1998-01-01,2008-01-01,0.1318359375,0.00012207175925925927,50.0,0,0
91,water_rate,test,11096,10901,11096,0,0,195,1998-01-01,2008-01-01,0.1318359375,0.00012207175925925927,50.0,0,0
92,gas_cum,test,11096,10937,11096,0,0,159,1998-01-01,2008-01-01,0.1318359375,0.00012207175925925927,50.0,0,0
92,gas_rate,test,11096,10937,11096,0,0,159,1998-01-01,2008-01-01,0.1318359375,0.00012207175925925927,50.0,0,0
92,oil_cum,test,11096,10937,11096,0,0,159,1998-01-01,2008-01-01,0.1318359375,0.00012207175925925927,50.0,0,0
92,oil_rate,test,11096,10937,11096,0,0,159,1998-01-01,2008-01-01,0.1318359375,0.00012207175925925927,50.0,0,0
92,water_cum,test,11096,10937,11096,0,0,159,1998-01-01,2008-01-01,0.1318359375,0.00012207175925925927,50.0,0,0
92,water_rate,test,11096,10937,11096,0,0,159,1998-01-01,2008-01-01,0.1318359375,0.00012207175925925927,50.0,0,0
93,gas_cum,test,11096,10903,11096,0,0,193,1998-01-01,2008-01-01,0.1318359375,0.00012207175925925927,50.0,0,0
93,gas_rate,test,11096,10903,11096,0,0,193,1998-01-01,2008-01-01,0.1318359375,0.00012207175925925927,50.0,0,0
93,oil_cum,test,11096,10903,11096,0,0,193,1998-01-01,2008-01-01,0.1318359375,0.00012207175925925927,50.0,0,0
93,oil_rate,test,11096,10903,11096,0,0,193,1998-01-01,2008-01-01,0.1318359375,0.00012207175925925927,50.0,0,0
93,water_cum,test,11096,10903,11096,0,0,193,1998-01-01,2008-01-01,0.1318359375,0.00012207175925925927,50.0,0,0
93,water_rate,test,11096,10903,11096,0,0,193,1998-01-01,2008-01-01,0.1318359375,0.00012207175925925927,50.0,0,0
94,gas_cum,test,11096,10915,11096,0,0,181,1998-01-01,2008-01-01,0.1318359375,0.00012207175925925927,50.0,0,0
94,gas_rate,test,11096,10915,11096,0,0,181,1998-01-01,2008-01-01,0.1318359375,0.00012207175925925927,50.0,0,0
94,oil_cum,test,11096,10915,11096,0,0,181,1998-01-01,2008-01-01,0.1318359375,0.00012207175925925927,50.0,0,0
94,oil_rate,test,11096,10915,11096,0,0,181,1998-01-01,2008-01-01,0.1318359375,0.00012207175925925927,50.0,0,0
94,water_cum,test,11096,10915,11096,0,0,181,1998-01-01,2008-01-01,0.1318359375,0.00012207175925925927,50.0,0,0
94,water_rate,test,11096,10915,11096,0,0,181,1998-01-01,2008-01-01,0.1318359375,0.00012207175925925927,50.0,0,0
95,gas_cum,test,11096,10906,11096,0,0,190,1998-01-01,2008-01-01,0.1318359375,0.00012207175925925927,50.0,0,0
95,gas_rate,test,11096,10906,11096,0,0,190,1998-01-01,2008-01-01,0.1318359375,0.00012207175925925927,50.0,0,0
95,oil_cum,test,11096,10906,11096,0,0,190,1998-01-01,2008-01-01,0.1318359375,0.00012207175925925927,50.0,0,0
95,oil_rate,test,11096,10906,11096,0,0,190,1998-01-01,2008-01-01,0.1318359375,0.00012207175925925927,50.0,0,0
95,water_cum,test,11096,10906,11096,0,0,190,1998-01-01,2008-01-01,0.1318359375,0.00012207175925925927,50.0,0,0
95,water_rate,test,11096,10906,11096,0,0,190,1998-01-01,2008-01-01,0.1318359375,0.00012207175925925927,50.0,0,0
96,gas_cum,test,11096,10929,11096,0,0,167,1998-01-01,2008-01-01,0.1318359375,0.00012207175925925927,50.0,0,0
96,gas_rate,test,11096,10929,11096,0,0,167,1998-01-01,2008-01-01,0.1318359375,0.00012207175925925927,50.0,0,0
96,oil_cum,test,11096,10929,11096,0,0,167,1998-01-01,2008-01-01,0.1318359375,0.00012207175925925927,50.0,0,0
96,oil_rate,test,11096,10929,11096,0,0,167,1998-01-01,2008-01-01,0.1318359375,0.00012207175925925927,50.0,0,0
96,water_cum,test,11096,10929,11096,0,0,167,1998-01-01,2008-01-01,0.1318359375,0.00012207175925925927,50.0,0,0
96,water_rate,test,11096,10929,11096,0,0,167,1998-01-01,2008-01-01,0.1318359375,0.00012207175925925927,50.0,0,0
97,gas_cum,test,11096,10934,11096,0,0,162,1998-01-01,2008-01-01,0.1318359375,0.00012207175925925927,50.0,0,0
97,gas_rate,test,11096,10934,11096,0,0,162,1998-01-01,2008-01-01,0.1318359375,0.00012207175925925927,50.0,0,0
97,oil_cum,test,11096,10934,11096,0,0,162,1998-01-01,2008-01-01,0.1318359375,0.00012207175925925927,50.0,0,0
97,oil_rate,test,11096,10934,11096,0,0,162,1998-01-01,2008-01-01,0.1318359375,0.00012207175925925927,50.0,0,0
97,water_cum,test,11096,10934,11096,0,0,162,1998-01-01,2008-01-01,0.1318359375,0.00012207175925925927,50.0,0,0
97,water_rate,test,11096,10934,11096,0,0,162,1998-01-01,2008-01-01,0.1318359375,0.00012207175925925927,50.0,0,0
98,gas_cum,test,11096,10936,11096,0,0,160,1998-01-01,2008-01-01,0.1318359375,0.00012207175925925927,50.0,0,0
98,gas_rate,test,11096,10936,11096,0,0,160,1998-01-01,2008-01-01,0.1318359375,0.00012207175925925927,50.0,0,0
98,oil_cum,test,11096,10936,11096,0,0,160,1998-01-01,2008-01-01,0.1318359375,0.00012207175925925927,50.0,0,0
98,oil_rate,test,11096,10936,11096,0,0,160,1998-01-01,2008-01-01,0.1318359375,0.00012207175925925927,50.0,0,0
98,water_cum,test,11096,10936,11096,0,0,160,1998-01-01,2008-01-01,0.1318359375,0.00012207175925925927,50.0,0,0
98,water_rate,test,11096,10936,11096,0,0,160,1998-01-01,2008-01-01,0.1318359375,0.00012207175925925927,50.0,0,0
99,gas_cum,test,11096,10927,11096,0,0,169,1998-01-01,2008-01-01,0.1318359375,0.00012207175925925927,50.0,0,0
99,gas_rate,test,11096,10927,11096,0,0,169,1998-01-01,2008-01-01,0.1318359375,0.00012207175925925927,50.0,0,0
99,oil_cum,test,11096,10927,11096,0,0,169,1998-01-01,2008-01-01,0.1318359375,0.00012207175925925927,50.0,0,0
99,oil_rate,test,11096,10927,11096,0,0,169,1998-01-01,2008-01-01,0.1318359375,0.00012207175925925927,50.0,0,0
99,water_cum,test,11096,10927,11096,0,0,169,1998-01-01,2008-01-01,0.1318359375,0.00012207175925925927,50.0,0,0
99,water_rate,test,11096,10927,11096,0,0,169,1998-01-01,2008-01-01,0.1318359375,0.00012207175925925927,50.0,0,0
100,gas_cum,test,11096,10931,11096,0,0,165,1998-01-01,2008-01-01,0.1318359375,0.00012207175925925927,50.0,0,0
100,gas_rate,test,11096,10931,11096,0,0,165,1998-01-01,2008-01-01,0.1318359375,0.00012207175925925927,50.0,0,0
100,oil_cum,test,11096,10931,11096,0,0,165,1998-01-01,2008-01-01,0.1318359375,0.00012207175925925927,50.0,0,0
100,oil_rate,test,11096,10931,11096,0,0,165,1998-01-01,2008-01-01,0.1318359375,0.00012207175925925927,50.0,0,0
100,water_cum,test,11096,10931,11096,0,0,165,1998-01-01,2008-01-01,0.1318359375,0.00012207175925925927,50.0,0,0
100,water_rate,test,11096,10931,11096,0,0,165,1998-01-01,2008-01-01,0.1318359375,0.00012207175925925927,50.0,0,0
