case_num,date,oil_cum,gas_cum,water_cum,oil_rate,gas_rate,water_rate
71,2028-01-01,58272548.2091077,21157324.002572235,73417002.5264426,744.6188139493365,270.17545092510414,9104.566480895355
72,2028-01-01,59456928.205418706,21600701.900030725,77306355.77159125,856.6013509534134,311.20326603519896,10145.581928735792
73,2028-01-01,55625534.07134034,20206328.892867133,92495788.42828,653.4099402666334,237.46383078028575,14524.570242979189
74,2028-01-01,57088354.203964144,20734567.026126202,90530634.04399496,698.6899986603514,253.81679010209243,14288.315662502553
75,2028-01-01,47247768.5956274,17162294.8672876,90073950.48185301,281.68303418408635,102.34535031139642,11387.918207870956
76,2028-01-01,56347864.68970908,20457654.187458523,93890356.75451341,667.1001661247077,241.97798864959285,14836.394727844618
77,2028-01-01,48917142.29695622,17770489.12556542,89477679.0292202,322.3906992366016,117.16990182926081,11647.3843147651
78,2028-01-01,48057102.78559991,17456644.225298464,88367616.8268085,311.6822110382269,113.25302970113883,11141.93211445064
79,2028-01-01,52962781.70071474,19241161.416756887,99223937.39040205,538.444524680163,195.61689693445248,15338.19864511388
80,2028-01-01,40550642.30133836,14730122.601459742,112328153.11878581,158.5567796237448,57.61490272759357,15852.724
81,2028-01-01,53373229.96923344,19388199.535209738,94889697.156271,551.4938920929435,200.41962798599738,14821.676003662853
82,2028-01-01,60110007.933089465,21837965.545181323,74575482.50782657,891.3184121896323,323.81598043736057,9544.56799445562
83,2028-01-01,41796206.214335404,15182741.395634986,110991238.94321208,183.29456012907073,66.60441725256408,15852.724
84,2028-01-01,40256554.30297449,14623039.981567334,110819022.45765455,156.98504858395438,57.04302876850216,15852.724
85,2028-01-01,39295150.762215056,14273457.27600826,107247272.58854684,149.10301030079387,54.16504142902673,14137.61591110248
