case_id,nrmse_standalone,nrmse_ensemble,diff_ensemble_minus_standalone
71,0.10974411241454596,0.04720536741387695,-0.062538745000669
72,0.0975350776047967,0.05348868223385091,-0.04404639537094579
73,0.10387089714998125,0.0556735088932642,-0.04819738825671705
74,0.10744128892241321,0.047016445820267455,-0.060424843102145756
75,0.09458439552383635,0.06635853379547858,-0.028225861728357768
76,0.10180575248315306,0.05653354342424518,-0.04527220905890788
77,0.09693569529571683,0.058617532811933375,-0.038318162483783454
78,0.0985216900541251,0.060583091228923004,-0.0379385988252021
79,0.09410117456464001,0.05612780410472709,-0.03797337045991292
80,0.06696581390991933,0.1434900662847086,0.07652425237478926
81,0.09709740153151945,0.0606356348522722,-0.036461766679247255
82,0.09286866721378333,0.05387074401069374,-0.038997923203089584
83,0.07570329356593498,0.12526551792713617,0.04956222436120118
84,0.0642264550801091,0.15045210259063457,0.08622564751052547
85,0.06378732920508669,0.1617990845584336,0.0980117553533469
