cutoff,horizon_years,quarters,candidate_name,macro_cum_nrmse,oil_cum_nrmse,gas_cum_nrmse,water_cum_nrmse,oil_rate_nrmse,worst_case_oil_nrmse,mean_runtime_ms
2005-01-01,3,12,Recursive_ExtraTrees,0.040586541109430205,0.05260925139617005,0.05251756422818949,0.016632807703931062,0.1013658183188404,0.1524754728811029,0.5565555533394217
2005-01-01,3,12,Recursive_Ridge,0.35789150328349484,0.4163916189684707,0.4165024422865508,0.24078044859546296,0.4766492696280823,0.9313022383644489,0.4670776193961501
2005-01-01,3,12,Recursive_GP,0.21386044570010512,0.2730106174952134,0.27305776529714865,0.09551295430795334,0.3515456541804321,0.37311310455355146,0.4373861321558555
2005-01-01,3,12,Learned_Exponential_DCA,0.05668420599894319,0.07646884694193834,0.07652001355998886,0.017063757494902368,0.08702172455849677,0.1113916369721286,0.4191749884436528
2005-01-01,3,12,Learned_Hyperbolic_DCA,0.06098249429108601,0.08291624883556896,0.08296747654278672,0.017063757494902368,0.09572608353321689,0.12153275439231966,0.41755825902024907
2005-01-01,3,12,Hybrid_Dynamic,0.0405865411094302,0.05260925139617004,0.052517564228189456,0.01663280770393109,0.10136581831884041,0.1524754728811029,0.4291277922069033
2005-01-01,3,12,Baseline_Persistence_Rate,0.21345608631473492,0.2730106174952134,0.2718446871410381,0.09551295430795334,0.3515456541804321,0.37311310455355146,0.41520007265110814
2005-01-01,3,12,Baseline_Zero_Rate,1.0,1.0,1.0,1.0,0.9999999999999999,1.0,0.41552484811594087
2005-01-01,3,12,Blend_Equal_ET_ExpDCA,0.02875310357666344,0.04120619889709465,0.04125280091336777,0.003800310919527895,0.06460812781883682,0.13061237443773072,0.44760293482492364
2005-01-01,3,12,Blend_Equal_ET_HypDCA,0.030549912734878736,0.043901229184513516,0.04394819810059478,0.003800310919527895,0.06673860360104797,0.13590299711937476,0.44759734688947594
2005-01-01,3,12,Blend_Equal_ExpDCA_HypDCA,0.05882691808230356,0.0796828980512248,0.07973409870078349,0.017063757494902368,0.09126729165154437,0.11644761413102098,0.44535820682843524
2005-01-01,3,12,Blend_Equal_ET_ExpDCA_HypDCA,0.038084147811149084,0.05395319837040103,0.054003809251067264,0.006295435811978957,0.06839493205009915,0.12733594162623613,0.44618616035828984
2005-01-01,3,12,Blend_Equal_Hybrid_HypDCA,0.030549912734878754,0.04390122918451357,0.04394819810059478,0.0038003109195278986,0.06673860360104798,0.13590299711937476,0.4469472759713729
2005-01-01,3,12,Blend_Global_Optimized_Simplex,0.030358282235489337,0.0435050981749663,0.04355355567035217,0.004016192861149543,0.06417167019872565,0.12895924691889643,0.44883879212041694
2005-01-01,3,12,Blend_Phase_Specific_Simplex,0.03064201796508977,0.04404092406698578,0.04408965117613218,0.0037954786521513535,0.06414735164149171,0.1285992143441263,0.4637831899647911
2005-01-01,3,12,Horizon_Piecewise_Simplex,0.021890376539696065,0.030574184086392172,0.03062880568809963,0.004468139844596395,0.0547713243351052,0.11541160859529362,0.45161940312633914
2005-01-01,3,12,Horizon_Smooth_Gating,0.02081710858468472,0.028219709327393837,0.02823626140410073,0.005995355022559597,0.05126769163172529,0.12339818768710017,0.5249027162790298
2005-01-01,3,12,Horizon_Phase_Specific_Adaptive,0.021810972242730407,0.030816771002135625,0.030871876883645618,0.0037442688424099845,0.054520705195351314,0.11472839152156068,0.453108463746806
2004-01-01,4,16,Recursive_ExtraTrees,0.07786325579976396,0.09655845925034681,0.09653581928398729,0.04049548886495778,0.1823312594437053,0.3201835899046353,0.5083528036872546
2004-01-01,4,16,Recursive_Ridge,0.35554207797623877,0.4416007591873524,0.4422901617335991,0.18273531300776477,0.548369968422038,0.9201590178944865,0.44240554173787433
2004-01-01,4,16,Recursive_GP,0.2932365111855923,0.36106931693948696,0.3616282123840894,0.15701200423320058,0.49400611113589715,0.4550142977936114,0.44677224941551685
2004-01-01,4,16,Learned_Exponential_DCA,0.04767134463616606,0.04775408678650228,0.048205721859651315,0.04705422526234458,0.06474260724692599,0.08275216810657286,0.4334332809473077
2004-01-01,4,16,Learned_Hyperbolic_DCA,0.057542285375084025,0.06256170428042035,0.06301092658248712,0.04705422526234458,0.08387562222335303,0.09292449133589294,0.4401248646900058
2004-01-01,4,16,Hybrid_Dynamic,0.07365430173449043,0.09040657843703274,0.09034905373752017,0.04020727302891834,0.1577396197196808,0.3060268573877973,0.435122389656802
2004-01-01,4,16,Baseline_Persistence_Rate,0.29303553715118313,0.36106931693948696,0.36102529028086183,0.15701200423320058,0.49400611113589715,0.4550142977936114,0.4439194531490406
2004-01-01,4,16,Baseline_Zero_Rate,1.0,1.0,1.0,1.0,0.9999999999999999,1.0,0.4367360689987739
2004-01-01,4,16,Blend_Equal_ET_ExpDCA,0.06018978953973405,0.0682853486949721,0.068648407075433,0.043635612848797016,0.11229399740610933,0.18294939150091766,0.4747972823679447
2004-01-01,4,16,Blend_Equal_ET_HypDCA,0.06528023771288609,0.0759184003380527,0.07628669995180853,0.043635612848797016,0.12528652749955302,0.1945267224795026,0.4900305376698573
2004-01-01,4,16,Blend_Equal_ExpDCA_HypDCA,0.052575316419977765,0.05511076998533559,0.05556095401225313,0.04705422526234458,0.07359682407186498,0.08782322952312531,0.46421666629612446
2004-01-01,4,16,Blend_Equal_ET_ExpDCA_HypDCA,0.059150214689008294,0.06616308606526514,0.0665611967006316,0.04472636130112814,0.10135231941289947,0.14497990762418325,0.4749665502458811
2004-01-01,4,16,Blend_Equal_Hybrid_HypDCA,0.06316983820978833,0.07283477180702444,0.07320591036322067,0.04346883245911987,0.11452494137627475,0.1875546731151331,0.46465547444919747
2004-01-01,4,16,Blend_Global_Optimized_Simplex,0.04767134463616606,0.04775408678650228,0.04820572185965133,0.047054225262344575,0.064742607246926,0.08275216810657286,0.4800833916912476
2004-01-01,4,16,Blend_Phase_Specific_Simplex,0.04676661713773484,0.04775408678650233,0.04820572185965141,0.04434004276705077,0.06474260724692608,0.08275216810657286,0.47507485530028737
2004-01-01,4,16,Horizon_Piecewise_Simplex,0.046516581518764144,0.04682373568289162,0.04723841958029907,0.045487589293101746,0.06755823223655583,0.0725935043228959,0.4777528733635942
2004-01-01,4,16,Horizon_Smooth_Gating,0.04760628426195928,0.04768572067919304,0.04813667213148868,0.046996459975196116,0.0647543907204099,0.08248493509328732,0.5724585459878048
2004-01-01,4,16,Horizon_Phase_Specific_Adaptive,0.045587851812123104,0.04661626280052907,0.04703950860245898,0.04310778403338125,0.0662868372794421,0.0710470117813302,0.4788361334552368
2003-01-01,5,20,Recursive_ExtraTrees,0.21472686290364992,0.15650342496929925,0.1566537600422664,0.33102340369938404,0.2775042946752343,0.3249586965214725,0.5760583405693372
2003-01-01,5,20,Recursive_Ridge,5.409173878653278e+26,0.6222039218182606,0.6225885129152849,1.6227521635959834e+27,0.7486148182292715,0.9742526843850529,0.4881638567894697
2003-01-01,5,20,Recursive_GP,0.4100102248509377,0.5040831431182471,0.5043321897834849,0.2216153416510811,0.6877172463212313,0.5484844419078984,0.45489140320569277
2003-01-01,5,20,Learned_Exponential_DCA,0.07260977141702306,0.06869278601582864,0.06891668402277389,0.08021984421246663,0.0853155533043539,0.11205476750167145,0.4374639208739003
2003-01-01,5,20,Learned_Hyperbolic_DCA,0.08903283239503029,0.09333843662862318,0.09354021634400107,0.08021984421246663,0.11902019420272368,0.1340758680344174,0.4398027357334892
2003-01-01,5,20,Hybrid_Dynamic,0.16950800310757316,0.09837424767878522,0.0985199564857023,0.31162980515823197,0.15472395905985514,0.24573439649371812,0.435263873077929
2003-01-01,5,20,Baseline_Persistence_Rate,0.40959320878328004,0.5040831431182471,0.5030811415805119,0.2216153416510811,0.6877172463212313,0.5484844419078984,0.432936055585742
2003-01-01,5,20,Baseline_Zero_Rate,1.0,1.0,1.0,1.0,0.9999999999999999,1.0,0.4420359929402669
2003-01-01,5,20,Blend_Equal_ET_ExpDCA,0.11733710551366183,0.11130377280453195,0.11147691822627138,0.12923062551018213,0.17046971092369154,0.1712458403965152,0.4830610007047653
2003-01-01,5,20,Blend_Equal_ET_HypDCA,0.12586570543087996,0.1240959629661557,0.1242705278163021,0.12923062551018213,0.19207191738564824,0.18888314705539871,0.47870279910663766
2003-01-01,5,20,Blend_Equal_ExpDCA_HypDCA,0.0807067077373727,0.0808477253433165,0.08105255365633496,0.08021984421246663,0.10080279015088042,0.1230090135662473,0.4793888578812281
2003-01-01,5,20,Blend_Equal_ET_ExpDCA_HypDCA,0.090907509131121,0.10515745209197232,0.10533985203383439,0.06222522326755631,0.15180949110951245,0.1317888035993245,0.48342222968737286
2003-01-01,5,20,Blend_Equal_Hybrid_HypDCA,0.10337639066320392,0.09518596188355423,0.09536311836862557,0.11958009173743196,0.12658943460637087,0.14913921189859503,0.47858888283371925
2003-01-01,5,20,Blend_Global_Optimized_Simplex,0.06234131189676145,0.07284079534573382,0.07303385689206349,0.041149283452487063,0.09219123765199946,0.10377718276256842,0.4877139426146944
2003-01-01,5,20,Blend_Phase_Specific_Simplex,0.05994672637553659,0.07050615536523555,0.07070659599743281,0.03862742776394141,0.08821217491081411,0.10817757723925309,0.48423614352941513
2003-01-01,5,20,Horizon_Piecewise_Simplex,0.061598254052660194,0.07274541066305364,0.07293640297038183,0.039112948524545096,0.09229144805406779,0.10120123780848152,0.4969471987957756
2003-01-01,5,20,Horizon_Smooth_Gating,0.06243983838126893,0.07279331008514896,0.07298665765159709,0.04153954740706072,0.09211383197896307,0.10399759737750322,0.6028415868058801
2003-01-01,5,20,Horizon_Phase_Specific_Adaptive,0.060648366291242976,0.07109055117244777,0.07127238271128111,0.03958216499000003,0.0925939490864112,0.08934741624196627,0.4895528700823586
2001-01-01,7,28,Recursive_ExtraTrees,0.3857493153863692,0.3631768508371666,0.363636714830301,0.43043438049164,0.6041541904588812,0.5225868556903479,0.6039252815147241
2001-01-01,7,28,Recursive_Ridge,9.767978980679487e+44,0.18010332495791614,0.180358042427914,2.930393694203846e+45,0.4947136667174584,0.23285866144874465,0.4879137190679709
2001-01-01,7,28,Recursive_GP,0.503840099776706,0.40517329984311135,0.405652499499519,0.7006944999874875,0.6620588638771115,0.5645586795422104,0.4500581882894039
2001-01-01,7,28,Learned_Exponential_DCA,0.2085216649199849,0.1225469384480655,0.12223045650986514,0.380787599802024,0.1201458944930956,0.13617334849991494,0.43473053568353254
2001-01-01,7,28,Learned_Hyperbolic_DCA,0.18749453441692,0.09101260296797076,0.09068340048076523,0.380787599802024,0.10273949406622332,0.10974411241454596,0.4487026482820511
2001-01-01,7,28,Hybrid_Dynamic,0.5066347936740384,0.22062933246646127,0.22046446867533384,1.07881057988032,0.5379514323815116,0.25569900600946815,0.4343944446494182
2001-01-01,7,28,Baseline_Persistence_Rate,0.5044798406170904,0.40517329984311135,0.4056524886367415,0.7026137333714182,0.6620588638771115,0.5645586795422104,0.4344138549640775
2001-01-01,7,28,Baseline_Zero_Rate,1.0,1.0,1.0,1.0,0.9999999999999999,1.0,0.4335888894274831
2001-01-01,7,28,Blend_Equal_ET_ExpDCA,0.10906178770283781,0.12981787287506202,0.13015243209947072,0.06721505813398067,0.274802634852487,0.21475248157815896,0.4953220797081788
2001-01-01,7,28,Blend_Equal_ET_HypDCA,0.12098514900165687,0.14769653275596714,0.14804385611502285,0.06721505813398067,0.3049426573214738,0.2401155915240376,0.49141380004584795
2001-01-01,7,28,Blend_Equal_ExpDCA_HypDCA,0.19768318842340996,0.10629341746239333,0.10596854800581264,0.380787599802024,0.10697110035721481,0.1227680690484607,0.4940334009006619
2001-01-01,7,28,Blend_Equal_ET_ExpDCA_HypDCA,0.0872572755944233,0.0720737168118938,0.07229018059154392,0.11740792937983216,0.19208005726680205,0.1310687275347391,0.49662221378336346
2001-01-01,7,28,Blend_Equal_Hybrid_HypDCA,0.21657647962739657,0.1426323908019227,0.14237757257057057,0.3647194755096964,0.26372228806772796,0.17050770676089652,0.4933332015449802
2001-01-01,7,28,Blend_Global_Optimized_Simplex,0.06357268937730576,0.047485991336440554,0.0475380574332803,0.09569401936219642,0.1333879028594095,0.08798108557814417,0.5081693331400553
2001-01-01,7,28,Blend_Phase_Specific_Simplex,0.0492382477775099,0.0407991259954298,0.040662894949043946,0.06625272238805596,0.08211909332805747,0.05231133908510564,0.5043055474137267
2001-01-01,7,28,Horizon_Piecewise_Simplex,0.0710398434589224,0.07980784399669637,0.08016548618224613,0.05314620019782474,0.13935003778805818,0.1617990845584336,0.5037502230455478
2001-01-01,7,28,Horizon_Smooth_Gating,0.06452321385612426,0.06554216503045117,0.06587399214755232,0.062153484390369294,0.12899394129669467,0.1441001158310618,0.6657862647747
2001-01-01,7,28,Horizon_Phase_Specific_Adaptive,0.07827077452837285,0.06260188536936918,0.062950308277228,0.10926012993852133,0.1148759846126742,0.13796706585504334,0.5095249429966013
