evaluation,cutoff,horizon_years,metric,forecast_segment,cases,increment_RMSE,increment_NRMSE,cumulative_RMSE,cumulative_NRMSE,increment_bias
train_OOF,2003-01-01,3,gas_cum,Early half,70,174618.2247229612,0.13192005943522095,174693.85026034768,0.01859969939404497,131547.08556635075
train_OOF,2003-01-01,3,gas_cum,Late half,70,647927.2136436778,0.22452527555875196,647983.6416206992,0.058734500221257854,571622.2944682636
train_OOF,2003-01-01,3,oil_cum,Early half,70,480651.2555799335,0.13192267835705707,480848.9025872277,0.018596074655022093,362220.26197180495
train_OOF,2003-01-01,3,oil_cum,Late half,70,1782060.9113543993,0.22431786371512166,1782180.2739316814,0.05867609797077682,1572544.6784399278
train_OOF,2003-01-01,3,water_cum,Early half,70,246558.3345955709,0.12392510376137114,246449.55027449602,0.05084967317631964,140410.04828527212
train_OOF,2003-01-01,3,water_cum,Late half,70,1146577.418229669,0.2182750014257724,1146383.265950453,0.13995325387974167,874534.4760687399
train_OOF,2003-01-01,5,gas_cum,Early half,70,361629.60098010994,0.18430788226112185,361685.2823524631,0.03624068072783532,268872.7547495286
train_OOF,2003-01-01,5,gas_cum,Late half,70,1326973.7885279343,0.3231920948653348,1327027.559095142,0.10837722259307361,1181983.5901221237
train_OOF,2003-01-01,5,oil_cum,Early half,70,994688.1907669598,0.18415704217038945,994817.4933131421,0.036206889025718655,739844.6223358082
train_OOF,2003-01-01,5,oil_cum,Late half,70,3650598.5122691295,0.32297113852804554,3650706.7295596055,0.10829747574482852,3252257.6182255116
train_OOF,2003-01-01,5,water_cum,Early half,70,602689.4695380981,0.18328208372766128,602542.2339885373,0.09918881740565086,362227.2967170608
train_OOF,2003-01-01,5,water_cum,Late half,70,2816593.3423188473,0.3065055531092599,2816410.8906981763,0.232628543977487,2254607.332183624
train_OOF,2004-01-01,3,gas_cum,Early half,70,35538.307169649335,0.03309975495719254,36856.236204336965,0.0034958726106174547,25463.391509286153
train_OOF,2004-01-01,3,gas_cum,Late half,70,133038.07286247166,0.0568399682219919,133839.9383163372,0.011272610630661404,116277.34553199915
train_OOF,2004-01-01,3,oil_cum,Early half,70,97148.42908025993,0.0328606050982899,100904.26205894143,0.0034764465520918395,69450.1048919658
train_OOF,2004-01-01,3,oil_cum,Late half,70,364891.9572579887,0.05662273547872571,367343.8246105858,0.011238127642273431,319093.58041103906
train_OOF,2004-01-01,3,water_cum,Early half,70,65803.89310855907,0.030115379158038254,67074.89370560256,0.00955228392144795,593.4094303189145
train_OOF,2004-01-01,3,water_cum,Late half,70,316255.6176435187,0.05517617576008568,317418.0883130756,0.029743818593543147,-18572.935191802222
train_OOF,2005-01-01,3,gas_cum,Early half,70,38079.66585469622,0.044256147278311585,39242.81750421512,0.0034211105477444693,31821.748465121746
train_OOF,2005-01-01,3,gas_cum,Late half,70,61474.91663903631,0.0315009466910985,61768.2087543331,0.0048992343809270145,22418.617132716503
train_OOF,2005-01-01,3,oil_cum,Early half,70,105015.86730615047,0.044332392105681726,108064.02692645507,0.0034219176289968646,87632.9617231082
train_OOF,2005-01-01,3,oil_cum,Late half,70,169476.13792004512,0.03154441357015986,170115.93170867316,0.004901081130413065,61856.46472494016
train_OOF,2005-01-01,3,water_cum,Early half,70,85432.35209142452,0.03595047051301342,87885.34738443934,0.009343883800352679,-45120.09166284218
train_OOF,2005-01-01,3,water_cum,Late half,70,423289.37465027015,0.0684777709121205,425222.2388258782,0.03189301575205073,-256591.88339083496
validation,2003-01-01,3,gas_cum,Early half,15,178441.4723115922,0.13063598810203192,178088.3581790258,0.018739933805953735,134310.75792512664
validation,2003-01-01,3,gas_cum,Late half,15,685416.5742844787,0.2302355759707666,684921.7680650622,0.06118247501656469,605985.9826610272
validation,2003-01-01,3,oil_cum,Early half,15,492015.3452530512,0.1308939540706516,490414.21238944493,0.01874547807343717,370760.91512969177
validation,2003-01-01,3,oil_cum,Late half,15,1884258.3146442873,0.2298822777476646,1882098.8412417637,0.06106531613811895,1666076.301350585
validation,2003-01-01,3,water_cum,Early half,15,219985.7532684031,0.1161486324798179,220242.40487802276,0.04807997540787205,120194.16341631487
validation,2003-01-01,3,water_cum,Late half,15,1032884.3179005428,0.20456205118716075,1033082.0670842926,0.13225644413593562,737240.3834735209
validation,2003-01-01,5,gas_cum,Early half,15,379014.2464360189,0.18725034607948768,378623.54149912816,0.037451883046117636,281157.91519352165
validation,2003-01-01,5,gas_cum,Late half,15,1423097.3946369772,0.3353952828236945,1422569.4408225077,0.11423714870221259,1269487.9553637751
validation,2003-01-01,5,oil_cum,Early half,15,1042183.7115931473,0.18703312763019694,1040451.2003366956,0.037382826933680086,773805.7808238806
validation,2003-01-01,5,oil_cum,Late half,15,3914248.0520229093,0.3350709272464118,3911991.2314124787,0.11410464123079447,3492142.212357287
validation,2003-01-01,5,water_cum,Early half,15,540722.6752755347,0.1716488245989774,540910.7306637717,0.09378427677474123,305742.28811087884
validation,2003-01-01,5,water_cum,Late half,15,2563050.7186400658,0.2887032663948511,2563258.565082079,0.22063165586961705,1939823.0471540415
validation,2004-01-01,3,gas_cum,Early half,15,39381.60168198455,0.0355805282581187,37254.958204928436,0.003485178703729764,28233.21228401396
validation,2004-01-01,3,gas_cum,Late half,15,146730.97173297734,0.06069649730664272,144127.7198733323,0.011945312496038427,129933.35325357424
validation,2004-01-01,3,oil_cum,Early half,15,106246.35704657856,0.0348392679632835,101824.24387702737,0.003459930701805801,75360.95178133518
validation,2004-01-01,3,oil_cum,Late half,15,400383.12563225505,0.060133116817283595,394996.54648370866,0.011890840869171106,354359.1223696216
validation,2004-01-01,3,water_cum,Early half,15,67276.50327556094,0.03182303924997348,67558.68858227573,0.01011746651052332,-13613.971090354275
validation,2004-01-01,3,water_cum,Late half,15,299942.05805700715,0.05395278752166731,299736.74539670197,0.029330953157035038,-62070.95517776596
validation,2005-01-01,3,gas_cum,Early half,15,36922.8384965404,0.041513195369840744,35459.65349856644,0.0030442118475503296,31565.49150402312
validation,2005-01-01,3,gas_cum,Late half,15,59325.9576811471,0.029315357610143276,59910.30676904002,0.0046693111269514856,16681.4615773273
validation,2005-01-01,3,oil_cum,Early half,15,101665.85093772836,0.04151990743012519,96065.59287717075,0.0029955401561725476,86786.98441568506
validation,2005-01-01,3,oil_cum,Late half,15,163805.83423639185,0.02940240932080346,165563.10294269107,0.004686923306895813,45963.30393136632
validation,2005-01-01,3,water_cum,Early half,15,81730.89434232758,0.03539635373597488,82509.4888017147,0.009178301990518186,-27842.42986533707
validation,2005-01-01,3,water_cum,Late half,15,421999.7341662632,0.07017765629396985,422692.2818719862,0.03299902977719985,-140460.51783253695
