model_name,oof_macro_seed42,oof_macro_seed123,oof_oil,oof_gas,oof_water,oof_case_median,val_macro_NRMSE,val_oil,val_gas,val_water,val_case_median
GP_Matern52_3comp,0.002932583169737548,0.0026677584583256887,0.003344146784258558,0.0028911724601607377,0.002562430264793349,0.0017600183265283871,0.0019847424388039258,0.001869471053462707,0.0019487525113206306,0.002136003751628439,0.0014621567438880309
GP_Matern52_4comp,0.002920264323724616,0.002655433338391477,0.003335706685841711,0.00288207119556633,0.002543015089765807,0.001708654566416935,0.0019686200786066714,0.0018556069926127408,0.0019297066205474934,0.0021205466226597797,0.0014318901948565423
GP_Matern32_3comp,0.002980837185282291,0.0030468643660641606,0.0031786181002480427,0.002774090467571571,0.0029898029880272583,0.001922246722891947,0.002151884752566942,0.0023062691315980104,0.002177100988320595,0.0019722841377822218,0.0013530188006336777
Linear_RidgeCV_3comp,0.007388853896090033,0.007748194000729611,0.0070771256777495736,0.006708474834876774,0.00838096117564375,0.005673627417667936,0.008792832420890186,0.007832712452752818,0.007411904124326488,0.011133880685591254,0.006587570086699138
Tree_ExtraTrees_3comp,0.011142168064103139,0.010806809203965383,0.011784481351420914,0.011347682503766644,0.010294340337121854,0.006722852449534859,0.009414460801745982,0.010167344890578692,0.009686319057890268,0.008389718456768983,0.006225295826386114
Blend_Tri_Equal,0.005484323493708666,0.005662702619463107,0.005634367191355135,0.005310754508685748,0.005507848781085114,0.0035625332038674703,0.004943156217866777,0.0046166446167921,0.004227339501236389,0.005985484535571842,0.003933306721930661
Blend_GP_Matern32_5050,0.002877356527341312,0.002769420951467885,0.0031955737842152454,0.0027746454739546685,0.0026618503238540225,0.0017688882694480833,0.001917947239713281,0.00185218350439057,0.001902360668875989,0.001999297545873284,0.0012445656572909766
Blend_GP_K3_K4_5050,0.0029233588172996555,0.0026586002505416084,0.0033377882752153296,0.0028843196747289864,0.0025479685019546513,0.0017204990201816403,0.0019726379060737904,0.001858432037842371,0.001935291655229078,0.002124190025149922,0.0014390132760034322
Stack_Simplex_Corrected,0.003096694865631643,0.0029482563261428924,0.0033846284869177433,0.002981008392691072,0.002924447717286114,0.002033016778882395,0.0025009315367754263,0.0023148918520011145,0.002108485910557443,0.0030794168477677204,0.0014683842309213425
Stack_Phase_Specific,0.0029408486106339755,0.0027140707502094907,0.003335756924276551,0.002881070980751592,0.002605717926873784,0.0015813371536747083,0.0019905328317404124,0.001906926108593693,0.00193989950855804,0.0021247728780695034,0.0013119816773397852
Stack_RidgeMeta_Corrected,0.0029785875427370285,0.0027487710112807794,0.0033390963850656254,0.002899880958238453,0.0026967852849070066,0.0017513173258241802,0.002161129523782055,0.002001626027384307,0.001986785993454827,0.002494976550507031,0.0014239031756433272
