seed,fold,raw_success,raw_message,raw_nit,raw_w_GP,raw_w_Ridge,raw_w_ET,norm_success,norm_w_GP,norm_w_Ridge,norm_w_ET,phase_w_GP_oil,phase_w_Ridge_oil,phase_w_ET_oil,phase_w_GP_gas,phase_w_Ridge_gas,phase_w_ET_gas,phase_w_GP_water,phase_w_Ridge_water,phase_w_ET_water,fold_nrmse_GP,fold_nrmse_Ridge,fold_nrmse_ET,fold_nrmse_RawStack,fold_nrmse_NormStack,fold_nrmse_PhaseStack
42,0,False,Positive directional derivative for linesearch,6,0.3333333333333333,0.3333333333333333,0.3333333333333333,True,0.3333333333333333,0.3333333333333333,0.3333333333333333,0.3333333333333333,0.3333333333333333,0.3333333333333333,0.3333333333333333,0.3333333333333333,0.3333333333333333,0.3333333333333333,0.3333333333333333,0.3333333333333333,0.0022657679483274284,0.007598644965632039,0.012384382165379706,0.00558894769316375,0.00558894769316375,0.005588947693163751
42,1,True,Optimization terminated successfully,8,0.8748276024863849,0.09720306694293167,0.027969330570683418,True,0.3333333333333333,0.3333333333333333,0.3333333333333333,0.3333333333333333,0.3333333333333333,0.3333333333333333,0.3333333333333333,0.3333333333333333,0.3333333333333333,0.3333333333333333,0.3333333333333333,0.3333333333333333,0.003107234560542307,0.007751996967746162,0.01289516297816848,0.0031070794667152684,0.006347290253348411,0.006347290253348409
42,2,False,Positive directional derivative for linesearch,5,0.3333333333333333,0.3333333333333333,0.3333333333333333,True,0.3333333333333333,0.3333333333333333,0.3333333333333333,0.3333333333333333,0.3333333333333333,0.3333333333333333,0.3333333333333333,0.3333333333333333,0.3333333333333333,0.3333333333333333,0.3333333333333333,0.3333333333333333,0.0035050375775304704,0.0070938997299045785,0.008418155554531279,0.004400004034125163,0.004400004034125163,0.004400004034125163
42,3,False,Positive directional derivative for linesearch,5,0.3333333333333333,0.3333333333333333,0.3333333333333333,True,0.3333333333333333,0.3333333333333333,0.3333333333333333,0.3333333333333333,0.3333333333333333,0.3333333333333333,0.3333333333333333,0.3333333333333333,0.3333333333333333,0.3333333333333333,0.3333333333333333,0.3333333333333333,0.0023201090793055,0.008061627543639831,0.011492794522672425,0.006211236018671728,0.006211236018671728,0.006211236018671727
42,4,False,Inequality constraints incompatible,1,0.3333333333333333,0.3333333333333333,0.3333333333333333,True,0.3333333333333333,0.3333333333333333,0.3333333333333333,0.3333333333333333,0.3333333333333333,0.3333333333333333,0.3333333333333333,0.3333333333333333,0.3333333333333333,0.3333333333333333,0.3333333333333333,0.3333333333333333,0.0028682459538804184,0.006028306526583353,0.008997588710282443,0.00410424094903913,0.00410424094903913,0.004104240949039129
123,0,False,Inequality constraints incompatible,1,0.3333333333333333,0.3333333333333333,0.3333333333333333,True,0.3333333333333333,0.3333333333333333,0.3333333333333333,0.3333333333333333,0.3333333333333333,0.3333333333333333,0.3333333333333333,0.3333333333333333,0.3333333333333333,0.3333333333333333,0.3333333333333333,0.3333333333333333,0.0034471933040699657,0.007213323552972946,0.010959100281689938,0.00578184829323066,0.00578184829323066,0.005781848293230662
123,1,False,Inequality constraints incompatible,1,0.3333333333333333,0.3333333333333333,0.3333333333333333,True,0.3333333333333333,0.3333333333333333,0.3333333333333333,0.3333333333333333,0.3333333333333333,0.3333333333333333,0.3333333333333333,0.3333333333333333,0.3333333333333333,0.3333333333333333,0.3333333333333333,0.3333333333333333,0.0022803894642044473,0.007230082040810789,0.011812775763172785,0.0062867986597204915,0.0062867986597204915,0.006286798659720489
123,2,False,Inequality constraints incompatible,1,0.3333333333333333,0.3333333333333333,0.3333333333333333,True,0.3333333333333333,0.3333333333333333,0.3333333333333333,0.3333333333333333,0.3333333333333333,0.3333333333333333,0.3333333333333333,0.3333333333333333,0.3333333333333333,0.3333333333333333,0.3333333333333333,0.3333333333333333,0.0020699541997789652,0.008114086965664196,0.00950443847687333,0.005025632889320408,0.005025632889320408,0.005025632889320408
123,3,False,Positive directional derivative for linesearch,7,0.3333333333333333,0.3333333333333333,0.3333333333333333,True,0.3333333333333333,0.3333333333333333,0.3333333333333333,0.3333333333333333,0.3333333333333333,0.3333333333333333,0.3333333333333333,0.3333333333333333,0.3333333333333333,0.3333333333333333,0.3333333333333333,0.3333333333333333,0.0017417952602980687,0.00781497179771775,0.009150480397496254,0.004308702849761635,0.004308702849761635,0.004308702849761635
123,4,False,Positive directional derivative for linesearch,6,0.3333333333333333,0.3333333333333333,0.3333333333333333,True,0.3333333333333333,0.3333333333333333,0.3333333333333333,0.3333333333333333,0.3333333333333333,0.3333333333333333,0.3333333333333333,0.3333333333333333,0.3333333333333333,0.3333333333333333,0.3333333333333333,0.3333333333333333,0.0032207849764760337,0.007964955782187656,0.01153661389285966,0.006271662546114203,0.006271662546114203,0.006271662546114206
