model_name,cutoff,horizon_years,quarters,val_macro_NRMSE,val_oil,val_gas,val_water,val_case_median,raw_violations,violation_rate
GP_Matern52_3comp,2001-01-01,7,28,0.0010610552641073035,0.0007898414536727075,0.0008100375227924751,0.0015832868158567276,0.0009239225852860758,0,0.0
GP_Matern52_4comp,2001-01-01,7,28,0.0009054466321645419,0.0006725431253684841,0.0006923298146387397,0.0013514669564864018,0.0008107373772311381,0,0.0
Blend_GP_Matern32_5050,2001-01-01,7,28,0.001203023528059683,0.0009645623921850546,0.0009958275899329648,0.001648680602061029,0.0011330811097182776,0,0.0
Physical_Rate_Domain,2001-01-01,7,28,0.42530164128153913,0.30846865396456824,0.30889035530061393,0.6585459145794351,0.42882652040227015,0,0.0
GP_Parametric_Decline,2001-01-01,7,28,0.08836083394949075,0.024117130894187905,0.008752526476906643,0.23221284447737772,0.08512312132287138,0,0.0
Hybrid_GP_Rate_Continuous,2001-01-01,7,28,0.0836372043076516,0.03456277131147551,0.03467704265232708,0.18167179895915225,0.08563537919940926,0,0.0
GP_Matern52_3comp,2003-01-01,5,20,0.0011446679166137506,0.0010581794321749996,0.0009624377705527863,0.0014133865471134665,0.0007760864349492932,0,0.0
GP_Matern52_4comp,2003-01-01,5,20,0.001097735064154802,0.0010116611062973117,0.0008975408364901784,0.0013840032496769156,0.00076686835855921,0,0.0
Blend_GP_Matern32_5050,2003-01-01,5,20,0.0013258231250964352,0.0011538262317924086,0.0012618294917990777,0.0015618136516978192,0.0008810313761672185,0,0.0
Physical_Rate_Domain,2003-01-01,5,20,0.2902795402155169,0.3520169491278312,0.3501665953176978,0.16865507620102174,0.29902574188823255,0,0.0
GP_Parametric_Decline,2003-01-01,5,20,0.0691260811373403,0.049314826610772286,0.012758955011458363,0.14530446178979026,0.06350421315397994,0,0.0
Hybrid_GP_Rate_Continuous,2003-01-01,5,20,0.018902867405879393,0.004165463632150471,0.004170230098167187,0.04837290848732052,0.019563830899770533,0,0.0
GP_Matern52_3comp,2004-01-01,4,16,0.0018714791868122752,0.0015471496998463537,0.0013431434832397416,0.0027241443773507296,0.0011394975436850561,0,0.0
GP_Matern52_4comp,2004-01-01,4,16,0.0018574883946169535,0.0015357458997437028,0.0013293007307388555,0.0027074185533683026,0.0011055564402484834,0,0.0
Blend_GP_Matern32_5050,2004-01-01,4,16,0.0017570224536940775,0.0014229343710001788,0.0014078806945025046,0.0024402522955795486,0.001230067665206082,0,0.0
Physical_Rate_Domain,2004-01-01,4,16,0.1056047247549592,0.10146968487844446,0.10165317813673148,0.11369131124970167,0.08501406361861841,0,0.0
GP_Parametric_Decline,2004-01-01,4,16,0.08211975572793732,0.0944679486612812,0.017637360409277287,0.13425395811325347,0.06776081416845263,0,0.0
Hybrid_GP_Rate_Continuous,2004-01-01,4,16,0.006114745597641726,0.002443687090995404,0.0021790282236425107,0.013721521478287261,0.005909821364083784,0,0.0
GP_Matern52_3comp,2005-01-01,3,12,0.00326192499834542,0.003051814854860486,0.004054070443405062,0.0026798896967707123,0.0013345796003166573,0,0.0
GP_Matern52_4comp,2005-01-01,3,12,0.003258986256014841,0.003048223003199184,0.004051490983922879,0.00267724478092246,0.0013206873160887351,0,0.0
Blend_GP_Matern32_5050,2005-01-01,3,12,0.002878036337892293,0.0031263971873046583,0.0035122880056804267,0.001995423820691795,0.0014046938135880184,0,0.0
Physical_Rate_Domain,2005-01-01,3,12,0.044151818198623925,0.03040130407338392,0.030856544863429175,0.07119760565905868,0.043785688665637534,0,0.0
GP_Parametric_Decline,2005-01-01,3,12,0.07267662023485709,0.07213921176233251,0.04092996674751662,0.10496068219472214,0.07091308226530084,0,0.0
Hybrid_GP_Rate_Continuous,2005-01-01,3,12,0.00326192499834542,0.003051814854860486,0.004054070443405062,0.0026798896967707123,0.0013345796003166573,0,0.0
